report_id,date,site_location,department,report_type,report_title,description,sif_potential,sif_severity_score,iogp_life_saving_rule,barrier_failure_type,precursor_pattern,activity_being_performed,immediate_corrective_action
OIL-HSE-2025-1001,2026-03-17,Rajasthan Project Drilling Rig #3 (Jaisalmer),Drilling & Workover,Unsafe Act,Technician left 10-inch adjustable wrench on stepladder top tray while taking lunch break,"At Digboi Refinery electrical shed, an electrician left an adjustable wrench on top of a 6-ft aluminum stepladder while stepping away for lunch break.",0,0.22,Line of Fire,Procedural / Administrative,Improper Storage of Hand Tools on Ladder Rung,Light Fixture Replacement,Wrench removed and placed in electrician tool pouch. Electrician counseled on tool drop prevention.
OIL-HSE-2025-1002,2026-09-03,Makum Crude Oil Storage Terminal,Drilling & Workover,Unsafe Act,Contract worker attempted entry into Slop Tank #3 without gas testing or standby attendant,"At Moran OCS-2, a contractor cleaner was observed lowering a ladder into Slop Tank #3 (classified confined space) to clean sludge without conducting pre-entry gas testing for H2S/LEL or having a trained standby attendant with SCBA present. Tank had been isolated only 2 hours prior and contained residual sour crude hydrocarbon vapors.",1,0.97,Confined Space,Procedural / Administrative,Toxic H2S Gas Exposure & Oxygen Deficiency in Closed Vessel,Slop Tank Internal Desludging,Worker halted immediately prior to entry. Work permit suspended; gas test conducted showing 18 ppm H2S (above STEL limit). Forced draft ventilation installed.
OIL-HSE-2025-1003,2026-04-28,Jorhat Compressor Station #5,Drilling & Workover,Incident Report,Store helper received minor wood splinter on palm while carrying wooden pallet without leather gloves,"At Duliajan Main Stores, a material handler lifted a rough wooden pallet without wearing leather cotton-backed work gloves, receiving a minor timber splinter in left palm.",0,0.23,Line of Fire,PPE / Individual Protection,Splinter Scratch from Unhandled Wooden Pallet,Warehouse Material Stacking,"Splinter removed using sterile tweezers, antiseptic swab applied. Hand gloves usage re-emphasized."
OIL-HSE-2025-1004,2026-09-09,Makum Crude Oil Storage Terminal,Pipeline Services,Unsafe Condition,Left rear tail light bulb fused on field inspection Bolero vehicle,"During daily pre-trip inspection at Duliajan Field Operations, HSE marshal noted that the left rear tail light and brake light on inspection vehicle AS-06-X-1234 were inoperative.",0,0.31,Driving,Equipment Integrity / Maintenance,Non-Functional Tail Light on Pickup Van,Pre-Trip Vehicle Inspection,Vehicle sent to transport workshop for immediate bulb replacement before field deployment.
OIL-HSE-2025-1005,2026-08-28,Workover Rig #14 - Field Site Duliajan,Pipeline Services,Unsafe Condition,Toe-board missing on ground-level valve pit access platform,"At Digboi Refinery Area, 100cm high handrail around valve pit #4 was missing a 10cm toe-board, allowing small hand tools to potentially roll into the shallow 1-meter deep pit.",0,0.23,Working at Height,Physical / Engineering Control,Missing Handrail Toe Board on Walkway,Valve Pit Inspection,Yellow steel toe-board fabricated and bolted to platform guardrail.
OIL-HSE-2025-1006,2026-07-09,Makum Crude Oil Storage Terminal,Civil & Logistics,Unsafe Condition,Extension power cord laid across walkway without rubber cable crossover ramps,"At Moran OCS-2 office annex, an electrical extension cord for temporary lighting was routed across the main pedestrian corridor without rubber cable protection ramps, posing a trip hazard.",0,0.16,None / Housekeeping,Procedural / Administrative,Minor Trip Hazard from Loose Cables,Temporary Lighting Wiring,Cable rerouted overhead and rubber floor cable protection covers installed.
OIL-HSE-2025-1007,2026-06-23,LPG Plant Duliajan,Mechanical Maintenance,Unsafe Condition,Caution sign for eye protection faded near grinding bench,"At Workover Rig #14 workshop, mandatory PPE warning sign ('Wear Safety Goggles') near bench grinder was severely faded due to sunlight exposure and hard to read.",0,0.14,None / Housekeeping,Procedural / Administrative,Safety Signage Faded by Sun Exposure,Workshop Maintenance,New high-visibility reflective vinyl warning sign installed.
OIL-HSE-2025-1008,2026-06-14,Digboi Refinery Area,Mechanical Maintenance,Incident Report,Minor hand pinch while tightening flange bolt with combination spanner,"At Duliajan GGS-1, a mechanic slipped hand off a 24mm combination spanner while tightening a low-pressure water line bracket, pinching finger against pipe support. Resulted in minor skin abrasion on left index finger. First aid applied.",0,0.25,Line of Fire,PPE / Individual Protection,Minor Hand Pinched by Hand Tool,Water Line Bracket Tightening,First aid dressing applied. Advised worker to use correct posture and impact-resistant mechanics gloves.
OIL-HSE-2025-1009,2026-08-29,Duliajan GGS-1 (Gas Gathering Station),HSE & Fire Safety,Unsafe Condition,Portable eyewash bottle solution past expiration date in battery room,"During monthly HSE audit at Pipeline HQ Sekerkote, 500ml sterile eyewash bottle in UPS battery room was found 2 months past expiration date printed on bottle label.",0,0.16,None / Housekeeping,Equipment Integrity / Maintenance,Expired Eyewash Bottle Fluid,Substation Monthly HSE Audit,Expired bottle replaced with fresh sterile saline eyewash pack from first aid stock.
OIL-HSE-2025-1010,2026-04-16,LPG Plant Duliajan,Electrical & Instrumentation,Unsafe Act,Instrument technician unhooked safety harness dual lanyard at 22m flare stack elevation,"At Duliajan LPG Plant, an instrument technician working at a height of 22 meters on the main flare stack platform unhooked both lanyards of his full-body harness simultaneously to reach a pressure transmitter on an outboard beam without a lifeline installed. Gusty wind conditions prevailed.",1,0.9,Working at Height,PPE / Individual Protection,Unanchored High Fall Hazard from Flare Stack Platform,Flare Stack Pressure Transmitter Calibration,"Technician instructed to secure self immediately. Work stopped, temporary retractable wire rope fall arrest lifeline installed before resuming."
OIL-HSE-2025-1011,2026-08-08,Makum Crude Oil Storage Terminal,Mechanical Maintenance,Unsafe Act,Contract worker attempted entry into Slop Tank #3 without gas testing or standby attendant,"At Moran OCS-2, a contractor cleaner was observed lowering a ladder into Slop Tank #3 (classified confined space) to clean sludge without conducting pre-entry gas testing for H2S/LEL or having a trained standby attendant with SCBA present. Tank had been isolated only 2 hours prior and contained residual sour crude hydrocarbon vapors.",1,0.96,Confined Space,Procedural / Administrative,Toxic H2S Gas Exposure & Oxygen Deficiency in Closed Vessel,Slop Tank Internal Desludging,Worker halted immediately prior to entry. Work permit suspended; gas test conducted showing 18 ppm H2S (above STEL limit). Forced draft ventilation installed.
OIL-HSE-2025-1012,2026-08-22,Duliajan GGS-3 (Gas Gathering Station),HSE & Fire Safety,Near Miss,High-pressure mud line maintenance initiated without LOTO & residual pressure bleed,"During maintenance of Mud Pump #2 at Drilling Rig E-1400 Moran, a technician began loosening the flange bolts on the 3000 PSI discharge mud line without verifying Lockout/Tagout (LOTO) or bleeding residual pressure. A minor hiss was heard, and pressure gauge still read 450 PSI. Work was immediately stopped by HSE supervisor. Bleed valve was clogged with dry mud.",1,0.92,Energy Isolation,Procedural / Administrative,Unisolated Struck-By & Stored High-Pressure Energy Hazard,Mud Pump Flange Maintenance,"Job stopped immediately. De-pressurization confirmed through auxiliary bleed line, LOTO applied with double valve isolation."
OIL-HSE-2025-1013,2026-08-29,LPG Plant Duliajan,HSE & Fire Safety,Unsafe Condition,Left rear tail light bulb fused on field inspection Bolero vehicle,"During daily pre-trip inspection at Duliajan Field Operations, HSE marshal noted that the left rear tail light and brake light on inspection vehicle AS-06-X-1234 were inoperative.",0,0.32,Driving,Equipment Integrity / Maintenance,Non-Functional Tail Light on Pickup Van,Pre-Trip Vehicle Inspection,Vehicle sent to transport workshop for immediate bulb replacement before field deployment.
OIL-HSE-2025-1014,2026-03-21,Duliajan GGS-1 (Gas Gathering Station),Civil & Logistics,Unsafe Act,Technician left 10-inch adjustable wrench on stepladder top tray while taking lunch break,"At Digboi Refinery electrical shed, an electrician left an adjustable wrench on top of a 6-ft aluminum stepladder while stepping away for lunch break.",0,0.24,Line of Fire,Procedural / Administrative,Improper Storage of Hand Tools on Ladder Rung,Light Fixture Replacement,Wrench removed and placed in electrician tool pouch. Electrician counseled on tool drop prevention.
OIL-HSE-2025-1015,2026-07-27,Moran OCS-2 (Oil Collecting Station),Mechanical Maintenance,Unsafe Act,Grinding work started inside LPG bottling hall without hot work permit or LEL check,"At LPG Plant Duliajan, maintenance fitters started angle grinding on a steel bracket inside the LPG carousel filling shed (Zone 1 hazardous area) without issuing a Hot Work PTW or performing LEL gas test. Gas odor was noticeable nearby.",1,0.91,Hot Work,Procedural / Administrative,Hot Work in Zone-0 Gas Environment without Continuous Monitoring,Bracket Angle Grinding in LPG Shed,Grinding stopped instantly. Power disconnected. Gas monitoring detected 12% LEL LPG vapor. Area purged with nitrogen.
OIL-HSE-2025-1016,2026-07-08,Makum Crude Oil Storage Terminal,Pipeline Services,Unsafe Act,Contract helper wearing safety boots with completely worn-out anti-slip treads,"During safety walk at Moran OCS-2, a contract helper was noticed wearing safety boots where the rubber outsole tread was completely worn smooth, increasing slip risk on oily steel decks.",0,0.29,PPE / Individual Protection,PPE / Individual Protection,Worn-out Safety Boot Soles,Deck Cleaning & Sweeping,New pair of IS 15298 certified anti-slip safety boots issued from stores immediately.
OIL-HSE-2025-1017,2026-06-18,Pipeline HQ Pump Station - Sekerkote,HSE & Fire Safety,Unsafe Condition,Left rear tail light bulb fused on field inspection Bolero vehicle,"During daily pre-trip inspection at Duliajan Field Operations, HSE marshal noted that the left rear tail light and brake light on inspection vehicle AS-06-X-1234 were inoperative.",0,0.3,Driving,Equipment Integrity / Maintenance,Non-Functional Tail Light on Pickup Van,Pre-Trip Vehicle Inspection,Vehicle sent to transport workshop for immediate bulb replacement before field deployment.
OIL-HSE-2025-1018,2026-08-22,Pipeline HQ Pump Station - Sekerkote,Drilling & Workover,Unsafe Act,Technician left 10-inch adjustable wrench on stepladder top tray while taking lunch break,"At Digboi Refinery electrical shed, an electrician left an adjustable wrench on top of a 6-ft aluminum stepladder while stepping away for lunch break.",0,0.23,Line of Fire,Procedural / Administrative,Improper Storage of Hand Tools on Ladder Rung,Light Fixture Replacement,Wrench removed and placed in electrician tool pouch. Electrician counseled on tool drop prevention.
OIL-HSE-2025-1019,2026-07-15,Drilling Rig E-1400 - Moran Block,Civil & Logistics,Unsafe Condition,Oily cotton waste discarded in plastic bin instead of metal self-closing bin,"At LPG Plant Duliajan mechanical workshop, oily cotton rags used for cleaning pump casings were thrown into an open plastic trash bin rather than designated heavy-duty self-closing metal fire-safe bins.",0,0.13,None / Housekeeping,Procedural / Administrative,Oily Rag Storage in Non-Approved Container,Workshop Equipment Wipedown,Rags transferred to designated red metal oily-waste bin. Tool box talk conducted on spontaneous combustion risks.
OIL-HSE-2025-1020,2026-07-04,Moran OCS-2 (Oil Collecting Station),HSE & Fire Safety,Incident Report,Store helper received minor wood splinter on palm while carrying wooden pallet without leather gloves,"At Duliajan Main Stores, a material handler lifted a rough wooden pallet without wearing leather cotton-backed work gloves, receiving a minor timber splinter in left palm.",0,0.19,Line of Fire,PPE / Individual Protection,Splinter Scratch from Unhandled Wooden Pallet,Warehouse Material Stacking,"Splinter removed using sterile tweezers, antiseptic swab applied. Hand gloves usage re-emphasized."
OIL-HSE-2025-1021,2026-09-06,Duliajan GGS-3 (Gas Gathering Station),Electrical & Instrumentation,Unsafe Condition,Small outer insulation scuff on 24V secondary welding return cable,"At Duliajan GGS-3 fabrication yard, rubber outer jacket of a 24V welding machine ground clamp cable had a 2cm scuff. Inner copper wire was intact and dry.",0,0.19,Hot Work,Equipment Integrity / Maintenance,Minor Insulation Tear on Low-Voltage Welding Lead,Workshop Structural Pipe Welding,Cable wrapped with heavy-duty vulcanizing electrical insulation tape.
OIL-HSE-2025-1022,2026-05-22,Rajasthan Project Drilling Rig #3 (Jaisalmer),Electrical & Instrumentation,Unsafe Condition,Portable eyewash bottle solution past expiration date in battery room,"During monthly HSE audit at Pipeline HQ Sekerkote, 500ml sterile eyewash bottle in UPS battery room was found 2 months past expiration date printed on bottle label.",0,0.15,None / Housekeeping,Equipment Integrity / Maintenance,Expired Eyewash Bottle Fluid,Substation Monthly HSE Audit,Expired bottle replaced with fresh sterile saline eyewash pack from first aid stock.
OIL-HSE-2025-1023,2026-04-22,Duliajan GGS-3 (Gas Gathering Station),Mechanical Maintenance,Incident Report,Minor hand pinch while tightening flange bolt with combination spanner,"At Duliajan GGS-1, a mechanic slipped hand off a 24mm combination spanner while tightening a low-pressure water line bracket, pinching finger against pipe support. Resulted in minor skin abrasion on left index finger. First aid applied.",0,0.24,Line of Fire,PPE / Individual Protection,Minor Hand Pinched by Hand Tool,Water Line Bracket Tightening,First aid dressing applied. Advised worker to use correct posture and impact-resistant mechanics gloves.
OIL-HSE-2025-1024,2026-04-03,Workover Rig #14 - Field Site Duliajan,Mechanical Maintenance,Unsafe Condition,Caution sign for eye protection faded near grinding bench,"At Workover Rig #14 workshop, mandatory PPE warning sign ('Wear Safety Goggles') near bench grinder was severely faded due to sunlight exposure and hard to read.",0,0.11,None / Housekeeping,Procedural / Administrative,Safety Signage Faded by Sun Exposure,Workshop Maintenance,New high-visibility reflective vinyl warning sign installed.
OIL-HSE-2025-1025,2026-06-05,Duliajan GGS-3 (Gas Gathering Station),Pipeline Services,Unsafe Condition,Toe-board missing on ground-level valve pit access platform,"At Digboi Refinery Area, 100cm high handrail around valve pit #4 was missing a 10cm toe-board, allowing small hand tools to potentially roll into the shallow 1-meter deep pit.",0,0.23,Working at Height,Physical / Engineering Control,Missing Handrail Toe Board on Walkway,Valve Pit Inspection,Yellow steel toe-board fabricated and bolted to platform guardrail.
OIL-HSE-2025-1026,2026-07-08,KG Basin Offshore Base (Kakinada),Pipeline Services,Unsafe Condition,Portable eyewash bottle solution past expiration date in battery room,"During monthly HSE audit at Pipeline HQ Sekerkote, 500ml sterile eyewash bottle in UPS battery room was found 2 months past expiration date printed on bottle label.",0,0.16,None / Housekeeping,Equipment Integrity / Maintenance,Expired Eyewash Bottle Fluid,Substation Monthly HSE Audit,Expired bottle replaced with fresh sterile saline eyewash pack from first aid stock.
OIL-HSE-2025-1027,2026-06-26,Digboi Refinery Area,Production Oil & Gas,Near Miss,Lift of 12-ton BOP stack attempted using unrated web slings attached to sharp flange edges,"At Workover Rig #14, rig crew attempted to lift a 12-ton Blowout Preventer (BOP) stack using synthetic webbing slings wrapped directly around sharp metal flange corners without protective corner guards or shackles.",1,0.88,Safe Mechanical Lifting,Procedural / Administrative,Rigging Failure & Dropped Blowout Preventer (BOP) Stack,BOP Stack Nipple-Up Operation,Lift stopped immediately before load cleared substructure. Rigging switched to certified wire rope slings with softeners and rated shackles.
OIL-HSE-2025-1028,2026-04-14,Rajasthan Project Drilling Rig #3 (Jaisalmer),Mechanical Maintenance,Unsafe Condition,Scaffolding platform supporting 4 workers missing base plates and diagonal bracing,"At Duliajan GGS-3, a 9-meter high tubular scaffolding erected for valve replacement was found missing sole boards, base plates on wet muddy ground, and 60% of diagonal cross-braces. Platform was loaded with heavy chain blocks and valves.",1,0.93,Working at Height,Equipment Integrity / Maintenance,Collapse of Heavy Work Platform Scaffolding,Elevated Manifold Valve Replacement,Red 'UNSAFE - DO NOT USE' tag applied. Workers ordered off platform. Scaffolding dismantled and rebuilt under certified inspector supervision.
OIL-HSE-2025-1029,2026-07-13,Makum Crude Oil Storage Terminal,Civil & Logistics,Unsafe Condition,Toe-board missing on ground-level valve pit access platform,"At Digboi Refinery Area, 100cm high handrail around valve pit #4 was missing a 10cm toe-board, allowing small hand tools to potentially roll into the shallow 1-meter deep pit.",0,0.22,Working at Height,Physical / Engineering Control,Missing Handrail Toe Board on Walkway,Valve Pit Inspection,Yellow steel toe-board fabricated and bolted to platform guardrail.
OIL-HSE-2025-1030,2026-08-26,Duliajan GGS-3 (Gas Gathering Station),Mechanical Maintenance,Unsafe Condition,Caution sign for eye protection faded near grinding bench,"At Workover Rig #14 workshop, mandatory PPE warning sign ('Wear Safety Goggles') near bench grinder was severely faded due to sunlight exposure and hard to read.",0,0.11,None / Housekeeping,Procedural / Administrative,Safety Signage Faded by Sun Exposure,Workshop Maintenance,New high-visibility reflective vinyl warning sign installed.
OIL-HSE-2025-1031,2026-04-01,Drilling Rig E-1400 - Moran Block,Electrical & Instrumentation,Unsafe Condition,Extension power cord laid across walkway without rubber cable crossover ramps,"At Moran OCS-2 office annex, an electrical extension cord for temporary lighting was routed across the main pedestrian corridor without rubber cable protection ramps, posing a trip hazard.",0,0.18,None / Housekeeping,Procedural / Administrative,Minor Trip Hazard from Loose Cables,Temporary Lighting Wiring,Cable rerouted overhead and rubber floor cable protection covers installed.
OIL-HSE-2025-1032,2026-05-30,Duliajan GGS-1 (Gas Gathering Station),Production Oil & Gas,Incident Report,Minor hand pinch while tightening flange bolt with combination spanner,"At Duliajan GGS-1, a mechanic slipped hand off a 24mm combination spanner while tightening a low-pressure water line bracket, pinching finger against pipe support. Resulted in minor skin abrasion on left index finger. First aid applied.",0,0.27,Line of Fire,PPE / Individual Protection,Minor Hand Pinched by Hand Tool,Water Line Bracket Tightening,First aid dressing applied. Advised worker to use correct posture and impact-resistant mechanics gloves.
OIL-HSE-2025-1033,2026-07-09,Drilling Rig E-1400 - Moran Block,Mechanical Maintenance,Unsafe Condition,Extension power cord laid across walkway without rubber cable crossover ramps,"At Moran OCS-2 office annex, an electrical extension cord for temporary lighting was routed across the main pedestrian corridor without rubber cable protection ramps, posing a trip hazard.",0,0.2,None / Housekeeping,Procedural / Administrative,Minor Trip Hazard from Loose Cables,Temporary Lighting Wiring,Cable rerouted overhead and rubber floor cable protection covers installed.
OIL-HSE-2025-1034,2026-05-15,Rajasthan Project Drilling Rig #3 (Jaisalmer),Electrical & Instrumentation,Unsafe Act,Contract helper wearing safety boots with completely worn-out anti-slip treads,"During safety walk at Moran OCS-2, a contract helper was noticed wearing safety boots where the rubber outsole tread was completely worn smooth, increasing slip risk on oily steel decks.",0,0.27,PPE / Individual Protection,PPE / Individual Protection,Worn-out Safety Boot Soles,Deck Cleaning & Sweeping,New pair of IS 15298 certified anti-slip safety boots issued from stores immediately.
OIL-HSE-2025-1035,2026-07-08,Rajasthan Project Drilling Rig #3 (Jaisalmer),Mechanical Maintenance,Unsafe Condition,Caution sign for eye protection faded near grinding bench,"At Workover Rig #14 workshop, mandatory PPE warning sign ('Wear Safety Goggles') near bench grinder was severely faded due to sunlight exposure and hard to read.",0,0.11,None / Housekeeping,Procedural / Administrative,Safety Signage Faded by Sun Exposure,Workshop Maintenance,New high-visibility reflective vinyl warning sign installed.
OIL-HSE-2025-1036,2026-07-16,LPG Plant Duliajan,HSE & Fire Safety,Unsafe Act,Instrument technician unhooked safety harness dual lanyard at 22m flare stack elevation,"At Duliajan LPG Plant, an instrument technician working at a height of 22 meters on the main flare stack platform unhooked both lanyards of his full-body harness simultaneously to reach a pressure transmitter on an outboard beam without a lifeline installed. Gusty wind conditions prevailed.",1,0.88,Working at Height,PPE / Individual Protection,Unanchored High Fall Hazard from Flare Stack Platform,Flare Stack Pressure Transmitter Calibration,"Technician instructed to secure self immediately. Work stopped, temporary retractable wire rope fall arrest lifeline installed before resuming."
OIL-HSE-2025-1037,2026-07-12,LPG Plant Duliajan,Civil & Logistics,Unsafe Condition,Oily cotton waste discarded in plastic bin instead of metal self-closing bin,"At LPG Plant Duliajan mechanical workshop, oily cotton rags used for cleaning pump casings were thrown into an open plastic trash bin rather than designated heavy-duty self-closing metal fire-safe bins.",0,0.17,None / Housekeeping,Procedural / Administrative,Oily Rag Storage in Non-Approved Container,Workshop Equipment Wipedown,Rags transferred to designated red metal oily-waste bin. Tool box talk conducted on spontaneous combustion risks.
OIL-HSE-2025-1038,2026-06-29,Moran OCS-2 (Oil Collecting Station),Production Oil & Gas,Unsafe Condition,11kV Substation breaker racking mechanism jammed open with exposed live busbars,"At Duliajan Main Substation, during maintenance of 11kV Feeder Breaker #4, the mechanical interlock jammed halfway while racking out breaker. The shutter mechanism failed to close, leaving 11,000V energized busbars fully exposed while technicians were working inside cabinet.",1,0.94,Energy Isolation,Equipment Integrity / Maintenance,High Voltage Electrical Flashover / Arc Blast Potential,High Voltage Switchgear Maintenance,Substation upstream transformer opened and grounded. Shutter mechanism repaired and retrofitted with secondary physical barrier.
OIL-HSE-2025-1039,2026-09-08,Moran OCS-2 (Oil Collecting Station),Civil & Logistics,Unsafe Condition,Oily cotton waste discarded in plastic bin instead of metal self-closing bin,"At LPG Plant Duliajan mechanical workshop, oily cotton rags used for cleaning pump casings were thrown into an open plastic trash bin rather than designated heavy-duty self-closing metal fire-safe bins.",0,0.15,None / Housekeeping,Procedural / Administrative,Oily Rag Storage in Non-Approved Container,Workshop Equipment Wipedown,Rags transferred to designated red metal oily-waste bin. Tool box talk conducted on spontaneous combustion risks.
OIL-HSE-2025-1040,2026-06-20,Makum Crude Oil Storage Terminal,Electrical & Instrumentation,Unsafe Act,Contract helper wearing safety boots with completely worn-out anti-slip treads,"During safety walk at Moran OCS-2, a contract helper was noticed wearing safety boots where the rubber outsole tread was completely worn smooth, increasing slip risk on oily steel decks.",0,0.27,PPE / Individual Protection,PPE / Individual Protection,Worn-out Safety Boot Soles,Deck Cleaning & Sweeping,New pair of IS 15298 certified anti-slip safety boots issued from stores immediately.
OIL-HSE-2025-1041,2026-06-01,Digboi Refinery Area,HSE & Fire Safety,Unsafe Condition,Scaffolding platform supporting 4 workers missing base plates and diagonal bracing,"At Duliajan GGS-3, a 9-meter high tubular scaffolding erected for valve replacement was found missing sole boards, base plates on wet muddy ground, and 60% of diagonal cross-braces. Platform was loaded with heavy chain blocks and valves.",1,0.91,Working at Height,Equipment Integrity / Maintenance,Collapse of Heavy Work Platform Scaffolding,Elevated Manifold Valve Replacement,Red 'UNSAFE - DO NOT USE' tag applied. Workers ordered off platform. Scaffolding dismantled and rebuilt under certified inspector supervision.
OIL-HSE-2025-1042,2026-08-03,Workover Rig #14 - Field Site Duliajan,Drilling & Workover,Unsafe Condition,Extension power cord laid across walkway without rubber cable crossover ramps,"At Moran OCS-2 office annex, an electrical extension cord for temporary lighting was routed across the main pedestrian corridor without rubber cable protection ramps, posing a trip hazard.",0,0.19,None / Housekeeping,Procedural / Administrative,Minor Trip Hazard from Loose Cables,Temporary Lighting Wiring,Cable rerouted overhead and rubber floor cable protection covers installed.
OIL-HSE-2025-1043,2026-06-03,Jorhat Compressor Station #5,Civil & Logistics,Incident Report,Store helper received minor wood splinter on palm while carrying wooden pallet without leather gloves,"At Duliajan Main Stores, a material handler lifted a rough wooden pallet without wearing leather cotton-backed work gloves, receiving a minor timber splinter in left palm.",0,0.22,Line of Fire,PPE / Individual Protection,Splinter Scratch from Unhandled Wooden Pallet,Warehouse Material Stacking,"Splinter removed using sterile tweezers, antiseptic swab applied. Hand gloves usage re-emphasized."
OIL-HSE-2025-1044,2026-03-14,Drilling Rig E-1400 - Moran Block,Mechanical Maintenance,Near Miss,Hot welding sparks showered near open condensate drain manifold during active transfer,"During pipe rack structural repairs at Duliajan GGS-1, structural welding was being performed 4 meters above ground. Welding slag and hot sparks fell onto an open condensate drain trench where condensate was actively being drained from separator V-101. LEL monitor alarm sounded 45% LEL in vicinity.",1,0.94,Hot Work,Physical / Engineering Control,Uncontrolled Ignitable Hydrocarbon Vapor Cloud Fire Potential,Structural Welding on Pipe Rack,"Welding power cut instantly. Drain valve shut, fire blanket habitat deployed, continuous LEL gas monitoring initiated."
OIL-HSE-2025-1045,2026-03-14,Makum Crude Oil Storage Terminal,Electrical & Instrumentation,Near Miss,High-pressure mud line maintenance initiated without LOTO & residual pressure bleed,"During maintenance of Mud Pump #2 at Drilling Rig E-1400 Moran, a technician began loosening the flange bolts on the 3000 PSI discharge mud line without verifying Lockout/Tagout (LOTO) or bleeding residual pressure. A minor hiss was heard, and pressure gauge still read 450 PSI. Work was immediately stopped by HSE supervisor. Bleed valve was clogged with dry mud.",1,0.94,Energy Isolation,Procedural / Administrative,Unisolated Struck-By & Stored High-Pressure Energy Hazard,Mud Pump Flange Maintenance,"Job stopped immediately. De-pressurization confirmed through auxiliary bleed line, LOTO applied with double valve isolation."
OIL-HSE-2025-1046,2026-06-06,Jorhat Compressor Station #5,Civil & Logistics,Unsafe Act,Contract helper wearing safety boots with completely worn-out anti-slip treads,"During safety walk at Moran OCS-2, a contract helper was noticed wearing safety boots where the rubber outsole tread was completely worn smooth, increasing slip risk on oily steel decks.",0,0.29,PPE / Individual Protection,PPE / Individual Protection,Worn-out Safety Boot Soles,Deck Cleaning & Sweeping,New pair of IS 15298 certified anti-slip safety boots issued from stores immediately.
OIL-HSE-2025-1047,2026-03-26,Pipeline HQ Pump Station - Sekerkote,Pipeline Services,Unsafe Condition,Oily cotton waste discarded in plastic bin instead of metal self-closing bin,"At LPG Plant Duliajan mechanical workshop, oily cotton rags used for cleaning pump casings were thrown into an open plastic trash bin rather than designated heavy-duty self-closing metal fire-safe bins.",0,0.13,None / Housekeeping,Procedural / Administrative,Oily Rag Storage in Non-Approved Container,Workshop Equipment Wipedown,Rags transferred to designated red metal oily-waste bin. Tool box talk conducted on spontaneous combustion risks.
OIL-HSE-2025-1048,2026-05-01,Digboi Refinery Area,HSE & Fire Safety,Unsafe Condition,Caution sign for eye protection faded near grinding bench,"At Workover Rig #14 workshop, mandatory PPE warning sign ('Wear Safety Goggles') near bench grinder was severely faded due to sunlight exposure and hard to read.",0,0.12,None / Housekeeping,Procedural / Administrative,Safety Signage Faded by Sun Exposure,Workshop Maintenance,New high-visibility reflective vinyl warning sign installed.
OIL-HSE-2025-1049,2026-04-20,Duliajan GGS-1 (Gas Gathering Station),Pipeline Services,Unsafe Condition,Portable eyewash bottle solution past expiration date in battery room,"During monthly HSE audit at Pipeline HQ Sekerkote, 500ml sterile eyewash bottle in UPS battery room was found 2 months past expiration date printed on bottle label.",0,0.18,None / Housekeeping,Equipment Integrity / Maintenance,Expired Eyewash Bottle Fluid,Substation Monthly HSE Audit,Expired bottle replaced with fresh sterile saline eyewash pack from first aid stock.
OIL-HSE-2025-1050,2026-07-29,Makum Crude Oil Storage Terminal,Mechanical Maintenance,Unsafe Act,Instrument technician unhooked safety harness dual lanyard at 22m flare stack elevation,"At Duliajan LPG Plant, an instrument technician working at a height of 22 meters on the main flare stack platform unhooked both lanyards of his full-body harness simultaneously to reach a pressure transmitter on an outboard beam without a lifeline installed. Gusty wind conditions prevailed.",1,0.88,Working at Height,PPE / Individual Protection,Unanchored High Fall Hazard from Flare Stack Platform,Flare Stack Pressure Transmitter Calibration,"Technician instructed to secure self immediately. Work stopped, temporary retractable wire rope fall arrest lifeline installed before resuming."
OIL-HSE-2025-1051,2026-07-14,Makum Crude Oil Storage Terminal,HSE & Fire Safety,Unsafe Act,Contract helper wearing safety boots with completely worn-out anti-slip treads,"During safety walk at Moran OCS-2, a contract helper was noticed wearing safety boots where the rubber outsole tread was completely worn smooth, increasing slip risk on oily steel decks.",0,0.28,PPE / Individual Protection,PPE / Individual Protection,Worn-out Safety Boot Soles,Deck Cleaning & Sweeping,New pair of IS 15298 certified anti-slip safety boots issued from stores immediately.
OIL-HSE-2025-1052,2026-06-16,LPG Plant Duliajan,Drilling & Workover,Unsafe Condition,Caution sign for eye protection faded near grinding bench,"At Workover Rig #14 workshop, mandatory PPE warning sign ('Wear Safety Goggles') near bench grinder was severely faded due to sunlight exposure and hard to read.",0,0.12,None / Housekeeping,Procedural / Administrative,Safety Signage Faded by Sun Exposure,Workshop Maintenance,New high-visibility reflective vinyl warning sign installed.
OIL-HSE-2025-1053,2026-06-19,LPG Plant Duliajan,Civil & Logistics,Unsafe Condition,Small outer insulation scuff on 24V secondary welding return cable,"At Duliajan GGS-3 fabrication yard, rubber outer jacket of a 24V welding machine ground clamp cable had a 2cm scuff. Inner copper wire was intact and dry.",0,0.2,Hot Work,Equipment Integrity / Maintenance,Minor Insulation Tear on Low-Voltage Welding Lead,Workshop Structural Pipe Welding,Cable wrapped with heavy-duty vulcanizing electrical insulation tape.
OIL-HSE-2025-1054,2026-07-08,LPG Plant Duliajan,Civil & Logistics,Near Miss,Flange broke open on live gas line mistaking it for depressurized drain line,"At Jorhat Compressor Station #5, maintenance crew loosened all flange bolts on a 6-inch fuel gas feed pipe under 25 bar pressure, having misidentified it for the depressurized nitrogen purge line due to missing line tags. As flange gap widened, gas started escaping under high velocity.",1,0.89,System Opening,Procedural / Administrative,Pressurized Toxic Hydrocarbon Spray on Operators,Fuel Gas Filter Replacement,Workers evacuated area instantly. Main ESD valve activated. Line tagged properly and positive isolation (blind spade) installed.
OIL-HSE-2025-1055,2026-03-14,Duliajan GGS-3 (Gas Gathering Station),Production Oil & Gas,Unsafe Condition,Rainwater accumulation near control room steps due to clogged drain spout,"At Jorhat Compressor Station #5, heavy rain caused a 5cm deep rainwater puddle near control room entry steps because roof downspout drain was blocked with dry leaves.",0,0.24,None / Housekeeping,Procedural / Administrative,Water Puddle near Office Walkway Entrance,Routine Facilities Maintenance,Drain spout cleared of leaves. Wet floor warning sign placed until concrete dried.
OIL-HSE-2025-1056,2026-06-16,Makum Crude Oil Storage Terminal,Pipeline Services,Unsafe Condition,Small outer insulation scuff on 24V secondary welding return cable,"At Duliajan GGS-3 fabrication yard, rubber outer jacket of a 24V welding machine ground clamp cable had a 2cm scuff. Inner copper wire was intact and dry.",0,0.19,Hot Work,Equipment Integrity / Maintenance,Minor Insulation Tear on Low-Voltage Welding Lead,Workshop Structural Pipe Welding,Cable wrapped with heavy-duty vulcanizing electrical insulation tape.
OIL-HSE-2025-1057,2026-04-06,KG Basin Offshore Base (Kakinada),Pipeline Services,Unsafe Condition,Front right tire pressure low (18 PSI vs recommended 32 PSI) on field utility truck,"At Rajasthan Project (Jaisalmer), driver noticed utility pickup pulling slightly right. Pressure check showed 18 PSI due to slow nail puncture.",0,0.18,Driving,Equipment Integrity / Maintenance,Low Tire Pressure in Field Utility Vehicle,Field Transport,Spare tire mounted; damaged tire sent for vulcanizing repair.
OIL-HSE-2025-1058,2026-05-27,Pipeline HQ Pump Station - Sekerkote,Electrical & Instrumentation,Unsafe Condition,Plastic squeeze wash bottle containing isopropyl alcohol lacked GHS hazard label,"At LPG Plant Duliajan laboratory, a plastic squeeze bottle used for cleaning instrument sensor glass contained IPA solvent but lacked GHS chemical identification label.",0,0.17,None / Housekeeping,Procedural / Administrative,Unlabeled Chemical Wash Bottle,Lab Analytics & Glassware Cleaning,Standard GHS chemical sticker printed and attached showing solvent name and flammability pictogram.
OIL-HSE-2025-1059,2026-07-14,LPG Plant Duliajan,Civil & Logistics,Incident Report,Minor hand pinch while tightening flange bolt with combination spanner,"At Duliajan GGS-1, a mechanic slipped hand off a 24mm combination spanner while tightening a low-pressure water line bracket, pinching finger against pipe support. Resulted in minor skin abrasion on left index finger. First aid applied.",0,0.23,Line of Fire,PPE / Individual Protection,Minor Hand Pinched by Hand Tool,Water Line Bracket Tightening,First aid dressing applied. Advised worker to use correct posture and impact-resistant mechanics gloves.
OIL-HSE-2025-1060,2026-07-18,Moran OCS-2 (Oil Collecting Station),Production Oil & Gas,Unsafe Condition,Oily cotton waste discarded in plastic bin instead of metal self-closing bin,"At LPG Plant Duliajan mechanical workshop, oily cotton rags used for cleaning pump casings were thrown into an open plastic trash bin rather than designated heavy-duty self-closing metal fire-safe bins.",0,0.13,None / Housekeeping,Procedural / Administrative,Oily Rag Storage in Non-Approved Container,Workshop Equipment Wipedown,Rags transferred to designated red metal oily-waste bin. Tool box talk conducted on spontaneous combustion risks.
OIL-HSE-2025-1061,2026-07-10,Moran OCS-2 (Oil Collecting Station),Production Oil & Gas,Unsafe Condition,Portable eyewash bottle solution past expiration date in battery room,"During monthly HSE audit at Pipeline HQ Sekerkote, 500ml sterile eyewash bottle in UPS battery room was found 2 months past expiration date printed on bottle label.",0,0.17,None / Housekeeping,Equipment Integrity / Maintenance,Expired Eyewash Bottle Fluid,Substation Monthly HSE Audit,Expired bottle replaced with fresh sterile saline eyewash pack from first aid stock.
OIL-HSE-2025-1062,2026-04-09,LPG Plant Duliajan,HSE & Fire Safety,Unsafe Condition,11kV Substation breaker racking mechanism jammed open with exposed live busbars,"At Duliajan Main Substation, during maintenance of 11kV Feeder Breaker #4, the mechanical interlock jammed halfway while racking out breaker. The shutter mechanism failed to close, leaving 11,000V energized busbars fully exposed while technicians were working inside cabinet.",1,0.95,Energy Isolation,Equipment Integrity / Maintenance,High Voltage Electrical Flashover / Arc Blast Potential,High Voltage Switchgear Maintenance,Substation upstream transformer opened and grounded. Shutter mechanism repaired and retrofitted with secondary physical barrier.
OIL-HSE-2025-1063,2026-05-24,Workover Rig #14 - Field Site Duliajan,Drilling & Workover,Unsafe Condition,Rainwater accumulation near control room steps due to clogged drain spout,"At Jorhat Compressor Station #5, heavy rain caused a 5cm deep rainwater puddle near control room entry steps because roof downspout drain was blocked with dry leaves.",0,0.24,None / Housekeeping,Procedural / Administrative,Water Puddle near Office Walkway Entrance,Routine Facilities Maintenance,Drain spout cleared of leaves. Wet floor warning sign placed until concrete dried.
OIL-HSE-2025-1064,2026-08-24,Drilling Rig E-1400 - Moran Block,Mechanical Maintenance,Unsafe Condition,Portable eyewash bottle solution past expiration date in battery room,"During monthly HSE audit at Pipeline HQ Sekerkote, 500ml sterile eyewash bottle in UPS battery room was found 2 months past expiration date printed on bottle label.",0,0.14,None / Housekeeping,Equipment Integrity / Maintenance,Expired Eyewash Bottle Fluid,Substation Monthly HSE Audit,Expired bottle replaced with fresh sterile saline eyewash pack from first aid stock.
OIL-HSE-2025-1065,2026-07-30,Duliajan GGS-1 (Gas Gathering Station),HSE & Fire Safety,Unsafe Condition,Front right tire pressure low (18 PSI vs recommended 32 PSI) on field utility truck,"At Rajasthan Project (Jaisalmer), driver noticed utility pickup pulling slightly right. Pressure check showed 18 PSI due to slow nail puncture.",0,0.17,Driving,Equipment Integrity / Maintenance,Low Tire Pressure in Field Utility Vehicle,Field Transport,Spare tire mounted; damaged tire sent for vulcanizing repair.
OIL-HSE-2025-1066,2026-04-30,Duliajan GGS-3 (Gas Gathering Station),Drilling & Workover,Unsafe Condition,Oily cotton waste discarded in plastic bin instead of metal self-closing bin,"At LPG Plant Duliajan mechanical workshop, oily cotton rags used for cleaning pump casings were thrown into an open plastic trash bin rather than designated heavy-duty self-closing metal fire-safe bins.",0,0.15,None / Housekeeping,Procedural / Administrative,Oily Rag Storage in Non-Approved Container,Workshop Equipment Wipedown,Rags transferred to designated red metal oily-waste bin. Tool box talk conducted on spontaneous combustion risks.
OIL-HSE-2025-1067,2026-04-23,Jorhat Compressor Station #5,Drilling & Workover,Unsafe Condition,Left rear tail light bulb fused on field inspection Bolero vehicle,"During daily pre-trip inspection at Duliajan Field Operations, HSE marshal noted that the left rear tail light and brake light on inspection vehicle AS-06-X-1234 were inoperative.",0,0.29,Driving,Equipment Integrity / Maintenance,Non-Functional Tail Light on Pickup Van,Pre-Trip Vehicle Inspection,Vehicle sent to transport workshop for immediate bulb replacement before field deployment.
OIL-HSE-2025-1068,2026-06-30,Jorhat Compressor Station #5,HSE & Fire Safety,Unsafe Condition,Extension power cord laid across walkway without rubber cable crossover ramps,"At Moran OCS-2 office annex, an electrical extension cord for temporary lighting was routed across the main pedestrian corridor without rubber cable protection ramps, posing a trip hazard.",0,0.18,None / Housekeeping,Procedural / Administrative,Minor Trip Hazard from Loose Cables,Temporary Lighting Wiring,Cable rerouted overhead and rubber floor cable protection covers installed.
OIL-HSE-2025-1069,2026-04-24,Jorhat Compressor Station #5,Pipeline Services,Unsafe Act,Contract worker attempted entry into Slop Tank #3 without gas testing or standby attendant,"At Moran OCS-2, a contractor cleaner was observed lowering a ladder into Slop Tank #3 (classified confined space) to clean sludge without conducting pre-entry gas testing for H2S/LEL or having a trained standby attendant with SCBA present. Tank had been isolated only 2 hours prior and contained residual sour crude hydrocarbon vapors.",1,0.97,Confined Space,Procedural / Administrative,Toxic H2S Gas Exposure & Oxygen Deficiency in Closed Vessel,Slop Tank Internal Desludging,Worker halted immediately prior to entry. Work permit suspended; gas test conducted showing 18 ppm H2S (above STEL limit). Forced draft ventilation installed.
OIL-HSE-2025-1070,2026-03-24,Pipeline HQ Pump Station - Sekerkote,Mechanical Maintenance,Unsafe Condition,Small outer insulation scuff on 24V secondary welding return cable,"At Duliajan GGS-3 fabrication yard, rubber outer jacket of a 24V welding machine ground clamp cable had a 2cm scuff. Inner copper wire was intact and dry.",0,0.2,Hot Work,Equipment Integrity / Maintenance,Minor Insulation Tear on Low-Voltage Welding Lead,Workshop Structural Pipe Welding,Cable wrapped with heavy-duty vulcanizing electrical insulation tape.
OIL-HSE-2025-1071,2026-03-29,Moran OCS-2 (Oil Collecting Station),Drilling & Workover,Unsafe Condition,Front right tire pressure low (18 PSI vs recommended 32 PSI) on field utility truck,"At Rajasthan Project (Jaisalmer), driver noticed utility pickup pulling slightly right. Pressure check showed 18 PSI due to slow nail puncture.",0,0.16,Driving,Equipment Integrity / Maintenance,Low Tire Pressure in Field Utility Vehicle,Field Transport,Spare tire mounted; damaged tire sent for vulcanizing repair.
OIL-HSE-2025-1072,2026-09-02,Makum Crude Oil Storage Terminal,Drilling & Workover,Near Miss,50-Ton Mobile Crane outriggers sank into uncompacted soil during 18-ton mud pump lift,"At Rajasthan Project Rig #3 (Jaisalmer), a 50-ton hydraulic mobile crane was lifting an 18-ton mud pump engine skid. The front right outrigger pad suddenly sank 30cm into uncompacted sandy soil due to missing steel spreader plates. The crane tilted 12 degrees with load suspended 3 meters in air.",1,0.89,Safe Mechanical Lifting,Physical / Engineering Control,Crane Overturn & Structural Collapse during Critical Heavy Lift,Heavy Rig Equipment Positioning,"Load gently lowered back to ground. Ground load-bearing test conducted, heavy steel mats placed under outrigger pads before re-lift."
OIL-HSE-2025-1073,2026-04-29,Rajasthan Project Drilling Rig #3 (Jaisalmer),HSE & Fire Safety,Unsafe Condition,Plastic squeeze wash bottle containing isopropyl alcohol lacked GHS hazard label,"At LPG Plant Duliajan laboratory, a plastic squeeze bottle used for cleaning instrument sensor glass contained IPA solvent but lacked GHS chemical identification label.",0,0.2,None / Housekeeping,Procedural / Administrative,Unlabeled Chemical Wash Bottle,Lab Analytics & Glassware Cleaning,Standard GHS chemical sticker printed and attached showing solvent name and flammability pictogram.
OIL-HSE-2025-1074,2026-08-13,Moran OCS-2 (Oil Collecting Station),Drilling & Workover,Near Miss,Frayed wire rope sling snapped partially during 4.5-ton casing pipe lift on derrick floor,"At Workover Rig #14 Duliajan, while hoisting a bundle of 4.5-inch drill pipes (approx 4.5 tons) to the monkey board, one of the strands on the wire rope sling parted with a sharp popping sound. The load swung violently over the drill floor where three roughnecks were standing. Fortunately, safety latch held and workers scrambled out of the drop zone.",1,0.9,Line of Fire,Equipment Integrity / Maintenance,Dropped Heavy Tubular Potential from Height,Pipe Hoisting to Derrick Monkey Board,"Lift suspended. Defective sling removed from service, quarantined, and destroyed. Complete load-lifting tackle inspection enforced."
OIL-HSE-2025-1075,2026-06-02,Workover Rig #14 - Field Site Duliajan,Electrical & Instrumentation,Unsafe Condition,Rainwater accumulation near control room steps due to clogged drain spout,"At Jorhat Compressor Station #5, heavy rain caused a 5cm deep rainwater puddle near control room entry steps because roof downspout drain was blocked with dry leaves.",0,0.25,None / Housekeeping,Procedural / Administrative,Water Puddle near Office Walkway Entrance,Routine Facilities Maintenance,Drain spout cleared of leaves. Wet floor warning sign placed until concrete dried.
OIL-HSE-2025-1076,2026-07-29,Duliajan GGS-3 (Gas Gathering Station),Production Oil & Gas,Unsafe Condition,Extension power cord laid across walkway without rubber cable crossover ramps,"At Moran OCS-2 office annex, an electrical extension cord for temporary lighting was routed across the main pedestrian corridor without rubber cable protection ramps, posing a trip hazard.",0,0.17,None / Housekeeping,Procedural / Administrative,Minor Trip Hazard from Loose Cables,Temporary Lighting Wiring,Cable rerouted overhead and rubber floor cable protection covers installed.
OIL-HSE-2025-1077,2026-04-04,Jorhat Compressor Station #5,HSE & Fire Safety,Unsafe Condition,Toe-board missing on ground-level valve pit access platform,"At Digboi Refinery Area, 100cm high handrail around valve pit #4 was missing a 10cm toe-board, allowing small hand tools to potentially roll into the shallow 1-meter deep pit.",0,0.22,Working at Height,Physical / Engineering Control,Missing Handrail Toe Board on Walkway,Valve Pit Inspection,Yellow steel toe-board fabricated and bolted to platform guardrail.
OIL-HSE-2025-1078,2026-06-08,Duliajan GGS-1 (Gas Gathering Station),Electrical & Instrumentation,Unsafe Condition,Small outer insulation scuff on 24V secondary welding return cable,"At Duliajan GGS-3 fabrication yard, rubber outer jacket of a 24V welding machine ground clamp cable had a 2cm scuff. Inner copper wire was intact and dry.",0,0.21,Hot Work,Equipment Integrity / Maintenance,Minor Insulation Tear on Low-Voltage Welding Lead,Workshop Structural Pipe Welding,Cable wrapped with heavy-duty vulcanizing electrical insulation tape.
OIL-HSE-2025-1079,2026-08-23,Digboi Refinery Area,HSE & Fire Safety,Unsafe Condition,High-pressure separator ESD trip valve jumpered out without management override authorization,"During routine HSE audit at Moran OCS-2, auditors discovered that the high-pressure trip sensor (PSHH-204) on Crude Separator-2 had been bypassed using an electrical jumper wire on the PLC panel to prevent nuisance tripping during flow surges, leaving vessel vulnerable to catastrophic over-pressurization.",1,0.92,Bypassing Safety Controls,Supervisory & Management Controls,Defeated Emergency Pressure Shut Down (ESD) Interlock,Oil Separation & Normal Operations,Jumper removed immediately. Emergency shutdown logic restored. Management Change (MOC) review initiated against shift engineer.
OIL-HSE-2025-1080,2026-07-31,Duliajan GGS-3 (Gas Gathering Station),Mechanical Maintenance,Unsafe Condition,Caution sign for eye protection faded near grinding bench,"At Workover Rig #14 workshop, mandatory PPE warning sign ('Wear Safety Goggles') near bench grinder was severely faded due to sunlight exposure and hard to read.",0,0.12,None / Housekeeping,Procedural / Administrative,Safety Signage Faded by Sun Exposure,Workshop Maintenance,New high-visibility reflective vinyl warning sign installed.
OIL-HSE-2025-1081,2026-05-07,Makum Crude Oil Storage Terminal,Pipeline Services,Near Miss,Heavy Crude bowser trailer lost brakes on steep incline near Digboi Hills,"A contract crude oil tanker (32,000L capacity) suffered brake fade while descending a 12% grade oilfield access road near Digboi oilfields. Vehicle swerved into emergency runaway ramp, narrowly avoiding rollover into populated village creek. Inspection revealed non-functional trailer brake shoes.",1,0.88,Driving,Procedural / Administrative,Heavy Explosive/Hydrocarbon Tanker Rollover on Narrow Oilfield Road,Crude Oil Road Transportation,Tanker impounded. Contractor vehicle fitness audit initiated across all crude bowser fleets.
OIL-HSE-2025-1082,2026-05-10,Workover Rig #14 - Field Site Duliajan,HSE & Fire Safety,Unsafe Condition,Toe-board missing on ground-level valve pit access platform,"At Digboi Refinery Area, 100cm high handrail around valve pit #4 was missing a 10cm toe-board, allowing small hand tools to potentially roll into the shallow 1-meter deep pit.",0,0.21,Working at Height,Physical / Engineering Control,Missing Handrail Toe Board on Walkway,Valve Pit Inspection,Yellow steel toe-board fabricated and bolted to platform guardrail.
OIL-HSE-2025-1083,2026-08-04,Duliajan GGS-1 (Gas Gathering Station),Mechanical Maintenance,Unsafe Condition,Small outer insulation scuff on 24V secondary welding return cable,"At Duliajan GGS-3 fabrication yard, rubber outer jacket of a 24V welding machine ground clamp cable had a 2cm scuff. Inner copper wire was intact and dry.",0,0.19,Hot Work,Equipment Integrity / Maintenance,Minor Insulation Tear on Low-Voltage Welding Lead,Workshop Structural Pipe Welding,Cable wrapped with heavy-duty vulcanizing electrical insulation tape.
OIL-HSE-2025-1084,2026-04-02,Workover Rig #14 - Field Site Duliajan,Electrical & Instrumentation,Unsafe Condition,Caution sign for eye protection faded near grinding bench,"At Workover Rig #14 workshop, mandatory PPE warning sign ('Wear Safety Goggles') near bench grinder was severely faded due to sunlight exposure and hard to read.",0,0.12,None / Housekeeping,Procedural / Administrative,Safety Signage Faded by Sun Exposure,Workshop Maintenance,New high-visibility reflective vinyl warning sign installed.
OIL-HSE-2025-1085,2026-05-03,KG Basin Offshore Base (Kakinada),Mechanical Maintenance,Near Miss,Single valve isolation used for entry into Tank 102 while filling line was pressurized,"At Makum Crude Oil Terminal, entry permit was issued for Tank 102 internal lining inspection using only a single closed gate valve isolation on the incoming 16-inch crude inlet header (pressurized at 14 bar). Spectacle blind was not turned to blank position.",1,0.94,Confined Space,Physical / Engineering Control,Catastrophic Hydrocarbon Ingress into Crude Oil Storage Tank,Internal Storage Tank Inspection,Inspectors evacuated from tank immediately. Line de-pressurized and spectacle blind swiveled to spade position prior to re-entry.
OIL-HSE-2025-1086,2026-06-26,KG Basin Offshore Base (Kakinada),Civil & Logistics,Unsafe Act,Grinding work started inside LPG bottling hall without hot work permit or LEL check,"At LPG Plant Duliajan, maintenance fitters started angle grinding on a steel bracket inside the LPG carousel filling shed (Zone 1 hazardous area) without issuing a Hot Work PTW or performing LEL gas test. Gas odor was noticeable nearby.",1,0.91,Hot Work,Procedural / Administrative,Hot Work in Zone-0 Gas Environment without Continuous Monitoring,Bracket Angle Grinding in LPG Shed,Grinding stopped instantly. Power disconnected. Gas monitoring detected 12% LEL LPG vapor. Area purged with nitrogen.
OIL-HSE-2025-1087,2026-05-10,Workover Rig #14 - Field Site Duliajan,Mechanical Maintenance,Incident Report,Store helper received minor wood splinter on palm while carrying wooden pallet without leather gloves,"At Duliajan Main Stores, a material handler lifted a rough wooden pallet without wearing leather cotton-backed work gloves, receiving a minor timber splinter in left palm.",0,0.19,Line of Fire,PPE / Individual Protection,Splinter Scratch from Unhandled Wooden Pallet,Warehouse Material Stacking,"Splinter removed using sterile tweezers, antiseptic swab applied. Hand gloves usage re-emphasized."
OIL-HSE-2025-1088,2026-04-02,Duliajan GGS-3 (Gas Gathering Station),Electrical & Instrumentation,Unsafe Condition,Caution sign for eye protection faded near grinding bench,"At Workover Rig #14 workshop, mandatory PPE warning sign ('Wear Safety Goggles') near bench grinder was severely faded due to sunlight exposure and hard to read.",0,0.11,None / Housekeeping,Procedural / Administrative,Safety Signage Faded by Sun Exposure,Workshop Maintenance,New high-visibility reflective vinyl warning sign installed.
OIL-HSE-2025-1089,2026-03-28,KG Basin Offshore Base (Kakinada),Production Oil & Gas,Near Miss,Lift of 12-ton BOP stack attempted using unrated web slings attached to sharp flange edges,"At Workover Rig #14, rig crew attempted to lift a 12-ton Blowout Preventer (BOP) stack using synthetic webbing slings wrapped directly around sharp metal flange corners without protective corner guards or shackles.",1,0.9,Safe Mechanical Lifting,Procedural / Administrative,Rigging Failure & Dropped Blowout Preventer (BOP) Stack,BOP Stack Nipple-Up Operation,Lift stopped immediately before load cleared substructure. Rigging switched to certified wire rope slings with softeners and rated shackles.
OIL-HSE-2025-1090,2026-03-14,LPG Plant Duliajan,Drilling & Workover,Near Miss,Flange broke open on live gas line mistaking it for depressurized drain line,"At Jorhat Compressor Station #5, maintenance crew loosened all flange bolts on a 6-inch fuel gas feed pipe under 25 bar pressure, having misidentified it for the depressurized nitrogen purge line due to missing line tags. As flange gap widened, gas started escaping under high velocity.",1,0.89,System Opening,Procedural / Administrative,Pressurized Toxic Hydrocarbon Spray on Operators,Fuel Gas Filter Replacement,Workers evacuated area instantly. Main ESD valve activated. Line tagged properly and positive isolation (blind spade) installed.
OIL-HSE-2025-1091,2026-04-29,Workover Rig #14 - Field Site Duliajan,Pipeline Services,Incident Report,Minor hand pinch while tightening flange bolt with combination spanner,"At Duliajan GGS-1, a mechanic slipped hand off a 24mm combination spanner while tightening a low-pressure water line bracket, pinching finger against pipe support. Resulted in minor skin abrasion on left index finger. First aid applied.",0,0.27,Line of Fire,PPE / Individual Protection,Minor Hand Pinched by Hand Tool,Water Line Bracket Tightening,First aid dressing applied. Advised worker to use correct posture and impact-resistant mechanics gloves.
OIL-HSE-2025-1092,2026-05-18,Moran OCS-2 (Oil Collecting Station),Civil & Logistics,Incident Report,Store helper received minor wood splinter on palm while carrying wooden pallet without leather gloves,"At Duliajan Main Stores, a material handler lifted a rough wooden pallet without wearing leather cotton-backed work gloves, receiving a minor timber splinter in left palm.",0,0.2,Line of Fire,PPE / Individual Protection,Splinter Scratch from Unhandled Wooden Pallet,Warehouse Material Stacking,"Splinter removed using sterile tweezers, antiseptic swab applied. Hand gloves usage re-emphasized."
OIL-HSE-2025-1093,2026-04-14,Digboi Refinery Area,Pipeline Services,Unsafe Condition,Left rear tail light bulb fused on field inspection Bolero vehicle,"During daily pre-trip inspection at Duliajan Field Operations, HSE marshal noted that the left rear tail light and brake light on inspection vehicle AS-06-X-1234 were inoperative.",0,0.28,Driving,Equipment Integrity / Maintenance,Non-Functional Tail Light on Pickup Van,Pre-Trip Vehicle Inspection,Vehicle sent to transport workshop for immediate bulb replacement before field deployment.
OIL-HSE-2025-1094,2026-05-20,KG Basin Offshore Base (Kakinada),Production Oil & Gas,Near Miss,50-Ton Mobile Crane outriggers sank into uncompacted soil during 18-ton mud pump lift,"At Rajasthan Project Rig #3 (Jaisalmer), a 50-ton hydraulic mobile crane was lifting an 18-ton mud pump engine skid. The front right outrigger pad suddenly sank 30cm into uncompacted sandy soil due to missing steel spreader plates. The crane tilted 12 degrees with load suspended 3 meters in air.",1,0.88,Safe Mechanical Lifting,Physical / Engineering Control,Crane Overturn & Structural Collapse during Critical Heavy Lift,Heavy Rig Equipment Positioning,"Load gently lowered back to ground. Ground load-bearing test conducted, heavy steel mats placed under outrigger pads before re-lift."
OIL-HSE-2025-1095,2026-08-01,Rajasthan Project Drilling Rig #3 (Jaisalmer),Civil & Logistics,Unsafe Condition,Rainwater accumulation near control room steps due to clogged drain spout,"At Jorhat Compressor Station #5, heavy rain caused a 5cm deep rainwater puddle near control room entry steps because roof downspout drain was blocked with dry leaves.",0,0.23,None / Housekeeping,Procedural / Administrative,Water Puddle near Office Walkway Entrance,Routine Facilities Maintenance,Drain spout cleared of leaves. Wet floor warning sign placed until concrete dried.
OIL-HSE-2025-1096,2026-04-10,KG Basin Offshore Base (Kakinada),Drilling & Workover,Unsafe Condition,Left rear tail light bulb fused on field inspection Bolero vehicle,"During daily pre-trip inspection at Duliajan Field Operations, HSE marshal noted that the left rear tail light and brake light on inspection vehicle AS-06-X-1234 were inoperative.",0,0.3,Driving,Equipment Integrity / Maintenance,Non-Functional Tail Light on Pickup Van,Pre-Trip Vehicle Inspection,Vehicle sent to transport workshop for immediate bulb replacement before field deployment.
OIL-HSE-2025-1097,2026-04-14,LPG Plant Duliajan,Production Oil & Gas,Unsafe Act,Contract helper wearing safety boots with completely worn-out anti-slip treads,"During safety walk at Moran OCS-2, a contract helper was noticed wearing safety boots where the rubber outsole tread was completely worn smooth, increasing slip risk on oily steel decks.",0,0.3,PPE / Individual Protection,PPE / Individual Protection,Worn-out Safety Boot Soles,Deck Cleaning & Sweeping,New pair of IS 15298 certified anti-slip safety boots issued from stores immediately.
OIL-HSE-2025-1098,2026-03-31,Duliajan GGS-1 (Gas Gathering Station),Production Oil & Gas,Unsafe Condition,Small outer insulation scuff on 24V secondary welding return cable,"At Duliajan GGS-3 fabrication yard, rubber outer jacket of a 24V welding machine ground clamp cable had a 2cm scuff. Inner copper wire was intact and dry.",0,0.19,Hot Work,Equipment Integrity / Maintenance,Minor Insulation Tear on Low-Voltage Welding Lead,Workshop Structural Pipe Welding,Cable wrapped with heavy-duty vulcanizing electrical insulation tape.
OIL-HSE-2025-1099,2026-04-29,Drilling Rig E-1400 - Moran Block,Mechanical Maintenance,Unsafe Condition,Extension power cord laid across walkway without rubber cable crossover ramps,"At Moran OCS-2 office annex, an electrical extension cord for temporary lighting was routed across the main pedestrian corridor without rubber cable protection ramps, posing a trip hazard.",0,0.18,None / Housekeeping,Procedural / Administrative,Minor Trip Hazard from Loose Cables,Temporary Lighting Wiring,Cable rerouted overhead and rubber floor cable protection covers installed.
OIL-HSE-2025-1100,2026-03-20,Moran OCS-2 (Oil Collecting Station),Electrical & Instrumentation,Unsafe Act,Grinding work started inside LPG bottling hall without hot work permit or LEL check,"At LPG Plant Duliajan, maintenance fitters started angle grinding on a steel bracket inside the LPG carousel filling shed (Zone 1 hazardous area) without issuing a Hot Work PTW or performing LEL gas test. Gas odor was noticeable nearby.",1,0.88,Hot Work,Procedural / Administrative,Hot Work in Zone-0 Gas Environment without Continuous Monitoring,Bracket Angle Grinding in LPG Shed,Grinding stopped instantly. Power disconnected. Gas monitoring detected 12% LEL LPG vapor. Area purged with nitrogen.
OIL-HSE-2025-1101,2026-07-04,Duliajan GGS-1 (Gas Gathering Station),Production Oil & Gas,Unsafe Condition,Toe-board missing on ground-level valve pit access platform,"At Digboi Refinery Area, 100cm high handrail around valve pit #4 was missing a 10cm toe-board, allowing small hand tools to potentially roll into the shallow 1-meter deep pit.",0,0.24,Working at Height,Physical / Engineering Control,Missing Handrail Toe Board on Walkway,Valve Pit Inspection,Yellow steel toe-board fabricated and bolted to platform guardrail.
OIL-HSE-2025-1102,2026-03-18,Workover Rig #14 - Field Site Duliajan,Electrical & Instrumentation,Near Miss,Heavy Crude bowser trailer lost brakes on steep incline near Digboi Hills,"A contract crude oil tanker (32,000L capacity) suffered brake fade while descending a 12% grade oilfield access road near Digboi oilfields. Vehicle swerved into emergency runaway ramp, narrowly avoiding rollover into populated village creek. Inspection revealed non-functional trailer brake shoes.",1,0.85,Driving,Procedural / Administrative,Heavy Explosive/Hydrocarbon Tanker Rollover on Narrow Oilfield Road,Crude Oil Road Transportation,Tanker impounded. Contractor vehicle fitness audit initiated across all crude bowser fleets.
OIL-HSE-2025-1103,2026-07-30,Pipeline HQ Pump Station - Sekerkote,HSE & Fire Safety,Near Miss,High-pressure mud line maintenance initiated without LOTO & residual pressure bleed,"During maintenance of Mud Pump #2 at Drilling Rig E-1400 Moran, a technician began loosening the flange bolts on the 3000 PSI discharge mud line without verifying Lockout/Tagout (LOTO) or bleeding residual pressure. A minor hiss was heard, and pressure gauge still read 450 PSI. Work was immediately stopped by HSE supervisor. Bleed valve was clogged with dry mud.",1,0.92,Energy Isolation,Procedural / Administrative,Unisolated Struck-By & Stored High-Pressure Energy Hazard,Mud Pump Flange Maintenance,"Job stopped immediately. De-pressurization confirmed through auxiliary bleed line, LOTO applied with double valve isolation."
OIL-HSE-2025-1104,2026-03-17,Duliajan GGS-1 (Gas Gathering Station),Production Oil & Gas,Unsafe Condition,Front right tire pressure low (18 PSI vs recommended 32 PSI) on field utility truck,"At Rajasthan Project (Jaisalmer), driver noticed utility pickup pulling slightly right. Pressure check showed 18 PSI due to slow nail puncture.",0,0.16,Driving,Equipment Integrity / Maintenance,Low Tire Pressure in Field Utility Vehicle,Field Transport,Spare tire mounted; damaged tire sent for vulcanizing repair.
OIL-HSE-2025-1105,2026-08-05,Moran OCS-2 (Oil Collecting Station),Civil & Logistics,Unsafe Condition,Oily cotton waste discarded in plastic bin instead of metal self-closing bin,"At LPG Plant Duliajan mechanical workshop, oily cotton rags used for cleaning pump casings were thrown into an open plastic trash bin rather than designated heavy-duty self-closing metal fire-safe bins.",0,0.14,None / Housekeeping,Procedural / Administrative,Oily Rag Storage in Non-Approved Container,Workshop Equipment Wipedown,Rags transferred to designated red metal oily-waste bin. Tool box talk conducted on spontaneous combustion risks.
OIL-HSE-2025-1106,2026-06-06,Digboi Refinery Area,Electrical & Instrumentation,Near Miss,Single valve isolation used for entry into Tank 102 while filling line was pressurized,"At Makum Crude Oil Terminal, entry permit was issued for Tank 102 internal lining inspection using only a single closed gate valve isolation on the incoming 16-inch crude inlet header (pressurized at 14 bar). Spectacle blind was not turned to blank position.",1,0.94,Confined Space,Physical / Engineering Control,Catastrophic Hydrocarbon Ingress into Crude Oil Storage Tank,Internal Storage Tank Inspection,Inspectors evacuated from tank immediately. Line de-pressurized and spectacle blind swiveled to spade position prior to re-entry.
OIL-HSE-2025-1107,2026-06-30,Jorhat Compressor Station #5,Civil & Logistics,Unsafe Condition,Caution sign for eye protection faded near grinding bench,"At Workover Rig #14 workshop, mandatory PPE warning sign ('Wear Safety Goggles') near bench grinder was severely faded due to sunlight exposure and hard to read.",0,0.13,None / Housekeeping,Procedural / Administrative,Safety Signage Faded by Sun Exposure,Workshop Maintenance,New high-visibility reflective vinyl warning sign installed.
OIL-HSE-2025-1108,2026-08-21,Duliajan GGS-3 (Gas Gathering Station),Production Oil & Gas,Near Miss,High-pressure cement pumping hose whip-check restraint missing at 4000 PSI,"During cementing operation at Drilling Rig E-1400 Moran, a 3-inch high-pressure flexible cement discharge line (operating at 4000 PSI) had its safety whip-check cable unhooked during rig-up. Coupling began leaking slurry under intense vibration.",1,0.92,Line of Fire,Physical / Engineering Control,Unrestrained High-Pressure Flexible Hose Whip Hazard,Well Casing Cementing Operation,Cement pumps throttled down safely. Pressure bled to zero; certified steel whip-check cables installed and clamped.
OIL-HSE-2025-1109,2026-08-13,Digboi Refinery Area,Mechanical Maintenance,Near Miss,Heavy Crude bowser trailer lost brakes on steep incline near Digboi Hills,"A contract crude oil tanker (32,000L capacity) suffered brake fade while descending a 12% grade oilfield access road near Digboi oilfields. Vehicle swerved into emergency runaway ramp, narrowly avoiding rollover into populated village creek. Inspection revealed non-functional trailer brake shoes.",1,0.85,Driving,Procedural / Administrative,Heavy Explosive/Hydrocarbon Tanker Rollover on Narrow Oilfield Road,Crude Oil Road Transportation,Tanker impounded. Contractor vehicle fitness audit initiated across all crude bowser fleets.
OIL-HSE-2025-1110,2026-08-14,Duliajan GGS-1 (Gas Gathering Station),Pipeline Services,Unsafe Condition,Plastic squeeze wash bottle containing isopropyl alcohol lacked GHS hazard label,"At LPG Plant Duliajan laboratory, a plastic squeeze bottle used for cleaning instrument sensor glass contained IPA solvent but lacked GHS chemical identification label.",0,0.18,None / Housekeeping,Procedural / Administrative,Unlabeled Chemical Wash Bottle,Lab Analytics & Glassware Cleaning,Standard GHS chemical sticker printed and attached showing solvent name and flammability pictogram.
OIL-HSE-2025-1111,2026-06-17,LPG Plant Duliajan,Pipeline Services,Incident Report,Minor hand pinch while tightening flange bolt with combination spanner,"At Duliajan GGS-1, a mechanic slipped hand off a 24mm combination spanner while tightening a low-pressure water line bracket, pinching finger against pipe support. Resulted in minor skin abrasion on left index finger. First aid applied.",0,0.25,Line of Fire,PPE / Individual Protection,Minor Hand Pinched by Hand Tool,Water Line Bracket Tightening,First aid dressing applied. Advised worker to use correct posture and impact-resistant mechanics gloves.
OIL-HSE-2025-1112,2026-07-07,Pipeline HQ Pump Station - Sekerkote,Drilling & Workover,Unsafe Condition,Rainwater accumulation near control room steps due to clogged drain spout,"At Jorhat Compressor Station #5, heavy rain caused a 5cm deep rainwater puddle near control room entry steps because roof downspout drain was blocked with dry leaves.",0,0.24,None / Housekeeping,Procedural / Administrative,Water Puddle near Office Walkway Entrance,Routine Facilities Maintenance,Drain spout cleared of leaves. Wet floor warning sign placed until concrete dried.
OIL-HSE-2025-1113,2026-08-18,Moran OCS-2 (Oil Collecting Station),Electrical & Instrumentation,Unsafe Condition,Caution sign for eye protection faded near grinding bench,"At Workover Rig #14 workshop, mandatory PPE warning sign ('Wear Safety Goggles') near bench grinder was severely faded due to sunlight exposure and hard to read.",0,0.13,None / Housekeeping,Procedural / Administrative,Safety Signage Faded by Sun Exposure,Workshop Maintenance,New high-visibility reflective vinyl warning sign installed.
OIL-HSE-2025-1114,2026-05-14,Pipeline HQ Pump Station - Sekerkote,HSE & Fire Safety,Unsafe Act,Contract helper wearing safety boots with completely worn-out anti-slip treads,"During safety walk at Moran OCS-2, a contract helper was noticed wearing safety boots where the rubber outsole tread was completely worn smooth, increasing slip risk on oily steel decks.",0,0.28,PPE / Individual Protection,PPE / Individual Protection,Worn-out Safety Boot Soles,Deck Cleaning & Sweeping,New pair of IS 15298 certified anti-slip safety boots issued from stores immediately.
OIL-HSE-2025-1115,2026-07-19,Pipeline HQ Pump Station - Sekerkote,HSE & Fire Safety,Incident Report,Minor hand pinch while tightening flange bolt with combination spanner,"At Duliajan GGS-1, a mechanic slipped hand off a 24mm combination spanner while tightening a low-pressure water line bracket, pinching finger against pipe support. Resulted in minor skin abrasion on left index finger. First aid applied.",0,0.26,Line of Fire,PPE / Individual Protection,Minor Hand Pinched by Hand Tool,Water Line Bracket Tightening,First aid dressing applied. Advised worker to use correct posture and impact-resistant mechanics gloves.
OIL-HSE-2025-1116,2026-04-23,Duliajan GGS-1 (Gas Gathering Station),Civil & Logistics,Near Miss,High-pressure cement pumping hose whip-check restraint missing at 4000 PSI,"During cementing operation at Drilling Rig E-1400 Moran, a 3-inch high-pressure flexible cement discharge line (operating at 4000 PSI) had its safety whip-check cable unhooked during rig-up. Coupling began leaking slurry under intense vibration.",1,0.94,Line of Fire,Physical / Engineering Control,Unrestrained High-Pressure Flexible Hose Whip Hazard,Well Casing Cementing Operation,Cement pumps throttled down safely. Pressure bled to zero; certified steel whip-check cables installed and clamped.
OIL-HSE-2025-1117,2026-04-27,Jorhat Compressor Station #5,HSE & Fire Safety,Near Miss,Flange broke open on live gas line mistaking it for depressurized drain line,"At Jorhat Compressor Station #5, maintenance crew loosened all flange bolts on a 6-inch fuel gas feed pipe under 25 bar pressure, having misidentified it for the depressurized nitrogen purge line due to missing line tags. As flange gap widened, gas started escaping under high velocity.",1,0.9,System Opening,Procedural / Administrative,Pressurized Toxic Hydrocarbon Spray on Operators,Fuel Gas Filter Replacement,Workers evacuated area instantly. Main ESD valve activated. Line tagged properly and positive isolation (blind spade) installed.
OIL-HSE-2025-1118,2026-04-10,Digboi Refinery Area,Civil & Logistics,Unsafe Condition,Small outer insulation scuff on 24V secondary welding return cable,"At Duliajan GGS-3 fabrication yard, rubber outer jacket of a 24V welding machine ground clamp cable had a 2cm scuff. Inner copper wire was intact and dry.",0,0.19,Hot Work,Equipment Integrity / Maintenance,Minor Insulation Tear on Low-Voltage Welding Lead,Workshop Structural Pipe Welding,Cable wrapped with heavy-duty vulcanizing electrical insulation tape.
OIL-HSE-2025-1119,2026-08-04,Makum Crude Oil Storage Terminal,Electrical & Instrumentation,Unsafe Condition,11kV Substation breaker racking mechanism jammed open with exposed live busbars,"At Duliajan Main Substation, during maintenance of 11kV Feeder Breaker #4, the mechanical interlock jammed halfway while racking out breaker. The shutter mechanism failed to close, leaving 11,000V energized busbars fully exposed while technicians were working inside cabinet.",1,0.91,Energy Isolation,Equipment Integrity / Maintenance,High Voltage Electrical Flashover / Arc Blast Potential,High Voltage Switchgear Maintenance,Substation upstream transformer opened and grounded. Shutter mechanism repaired and retrofitted with secondary physical barrier.
OIL-HSE-2025-1120,2026-04-06,LPG Plant Duliajan,Production Oil & Gas,Unsafe Condition,LOTO key box tag number slightly smudged on lockout station cabinet,"At Moran OCS-2, paper identification label on isolation lockout box #12 was smudged by grease, making lock serial number 4821 appear like 4827.",0,0.26,Energy Isolation,Procedural / Administrative,LOTO Padlock Master Key Tagging Error,LOTO Station Maintenance,Label replaced with laminated industrial barcode tag.
OIL-HSE-2025-1121,2026-05-20,KG Basin Offshore Base (Kakinada),Drilling & Workover,Unsafe Act,Contract helper wearing safety boots with completely worn-out anti-slip treads,"During safety walk at Moran OCS-2, a contract helper was noticed wearing safety boots where the rubber outsole tread was completely worn smooth, increasing slip risk on oily steel decks.",0,0.29,PPE / Individual Protection,PPE / Individual Protection,Worn-out Safety Boot Soles,Deck Cleaning & Sweeping,New pair of IS 15298 certified anti-slip safety boots issued from stores immediately.
OIL-HSE-2025-1122,2026-04-14,LPG Plant Duliajan,Mechanical Maintenance,Incident Report,Minor hand pinch while tightening flange bolt with combination spanner,"At Duliajan GGS-1, a mechanic slipped hand off a 24mm combination spanner while tightening a low-pressure water line bracket, pinching finger against pipe support. Resulted in minor skin abrasion on left index finger. First aid applied.",0,0.25,Line of Fire,PPE / Individual Protection,Minor Hand Pinched by Hand Tool,Water Line Bracket Tightening,First aid dressing applied. Advised worker to use correct posture and impact-resistant mechanics gloves.
OIL-HSE-2025-1123,2026-09-08,KG Basin Offshore Base (Kakinada),Pipeline Services,Incident Report,Minor hand pinch while tightening flange bolt with combination spanner,"At Duliajan GGS-1, a mechanic slipped hand off a 24mm combination spanner while tightening a low-pressure water line bracket, pinching finger against pipe support. Resulted in minor skin abrasion on left index finger. First aid applied.",0,0.27,Line of Fire,PPE / Individual Protection,Minor Hand Pinched by Hand Tool,Water Line Bracket Tightening,First aid dressing applied. Advised worker to use correct posture and impact-resistant mechanics gloves.
OIL-HSE-2025-1124,2026-05-02,Workover Rig #14 - Field Site Duliajan,Mechanical Maintenance,Near Miss,Heavy Crude bowser trailer lost brakes on steep incline near Digboi Hills,"A contract crude oil tanker (32,000L capacity) suffered brake fade while descending a 12% grade oilfield access road near Digboi oilfields. Vehicle swerved into emergency runaway ramp, narrowly avoiding rollover into populated village creek. Inspection revealed non-functional trailer brake shoes.",1,0.88,Driving,Procedural / Administrative,Heavy Explosive/Hydrocarbon Tanker Rollover on Narrow Oilfield Road,Crude Oil Road Transportation,Tanker impounded. Contractor vehicle fitness audit initiated across all crude bowser fleets.
OIL-HSE-2025-1125,2026-07-30,Duliajan GGS-3 (Gas Gathering Station),Mechanical Maintenance,Unsafe Condition,Plastic squeeze wash bottle containing isopropyl alcohol lacked GHS hazard label,"At LPG Plant Duliajan laboratory, a plastic squeeze bottle used for cleaning instrument sensor glass contained IPA solvent but lacked GHS chemical identification label.",0,0.18,None / Housekeeping,Procedural / Administrative,Unlabeled Chemical Wash Bottle,Lab Analytics & Glassware Cleaning,Standard GHS chemical sticker printed and attached showing solvent name and flammability pictogram.
OIL-HSE-2025-1126,2026-04-03,Drilling Rig E-1400 - Moran Block,Mechanical Maintenance,Unsafe Condition,Portable eyewash bottle solution past expiration date in battery room,"During monthly HSE audit at Pipeline HQ Sekerkote, 500ml sterile eyewash bottle in UPS battery room was found 2 months past expiration date printed on bottle label.",0,0.16,None / Housekeeping,Equipment Integrity / Maintenance,Expired Eyewash Bottle Fluid,Substation Monthly HSE Audit,Expired bottle replaced with fresh sterile saline eyewash pack from first aid stock.
OIL-HSE-2025-1127,2026-05-27,Rajasthan Project Drilling Rig #3 (Jaisalmer),HSE & Fire Safety,Unsafe Condition,Toe-board missing on ground-level valve pit access platform,"At Digboi Refinery Area, 100cm high handrail around valve pit #4 was missing a 10cm toe-board, allowing small hand tools to potentially roll into the shallow 1-meter deep pit.",0,0.22,Working at Height,Physical / Engineering Control,Missing Handrail Toe Board on Walkway,Valve Pit Inspection,Yellow steel toe-board fabricated and bolted to platform guardrail.
OIL-HSE-2025-1128,2026-03-31,Jorhat Compressor Station #5,Electrical & Instrumentation,Unsafe Condition,Toe-board missing on ground-level valve pit access platform,"At Digboi Refinery Area, 100cm high handrail around valve pit #4 was missing a 10cm toe-board, allowing small hand tools to potentially roll into the shallow 1-meter deep pit.",0,0.2,Working at Height,Physical / Engineering Control,Missing Handrail Toe Board on Walkway,Valve Pit Inspection,Yellow steel toe-board fabricated and bolted to platform guardrail.
OIL-HSE-2025-1129,2026-04-09,Jorhat Compressor Station #5,HSE & Fire Safety,Unsafe Condition,Plastic squeeze wash bottle containing isopropyl alcohol lacked GHS hazard label,"At LPG Plant Duliajan laboratory, a plastic squeeze bottle used for cleaning instrument sensor glass contained IPA solvent but lacked GHS chemical identification label.",0,0.2,None / Housekeeping,Procedural / Administrative,Unlabeled Chemical Wash Bottle,Lab Analytics & Glassware Cleaning,Standard GHS chemical sticker printed and attached showing solvent name and flammability pictogram.
OIL-HSE-2025-1130,2026-04-21,LPG Plant Duliajan,Production Oil & Gas,Incident Report,Minor hand pinch while tightening flange bolt with combination spanner,"At Duliajan GGS-1, a mechanic slipped hand off a 24mm combination spanner while tightening a low-pressure water line bracket, pinching finger against pipe support. Resulted in minor skin abrasion on left index finger. First aid applied.",0,0.25,Line of Fire,PPE / Individual Protection,Minor Hand Pinched by Hand Tool,Water Line Bracket Tightening,First aid dressing applied. Advised worker to use correct posture and impact-resistant mechanics gloves.
OIL-HSE-2025-1131,2026-08-30,Rajasthan Project Drilling Rig #3 (Jaisalmer),Pipeline Services,Unsafe Condition,Plastic squeeze wash bottle containing isopropyl alcohol lacked GHS hazard label,"At LPG Plant Duliajan laboratory, a plastic squeeze bottle used for cleaning instrument sensor glass contained IPA solvent but lacked GHS chemical identification label.",0,0.21,None / Housekeeping,Procedural / Administrative,Unlabeled Chemical Wash Bottle,Lab Analytics & Glassware Cleaning,Standard GHS chemical sticker printed and attached showing solvent name and flammability pictogram.
OIL-HSE-2025-1132,2026-08-27,Makum Crude Oil Storage Terminal,Pipeline Services,Unsafe Condition,Small outer insulation scuff on 24V secondary welding return cable,"At Duliajan GGS-3 fabrication yard, rubber outer jacket of a 24V welding machine ground clamp cable had a 2cm scuff. Inner copper wire was intact and dry.",0,0.2,Hot Work,Equipment Integrity / Maintenance,Minor Insulation Tear on Low-Voltage Welding Lead,Workshop Structural Pipe Welding,Cable wrapped with heavy-duty vulcanizing electrical insulation tape.
OIL-HSE-2025-1133,2026-07-03,Makum Crude Oil Storage Terminal,Drilling & Workover,Unsafe Condition,Front right tire pressure low (18 PSI vs recommended 32 PSI) on field utility truck,"At Rajasthan Project (Jaisalmer), driver noticed utility pickup pulling slightly right. Pressure check showed 18 PSI due to slow nail puncture.",0,0.15,Driving,Equipment Integrity / Maintenance,Low Tire Pressure in Field Utility Vehicle,Field Transport,Spare tire mounted; damaged tire sent for vulcanizing repair.
OIL-HSE-2025-1134,2026-07-29,Rajasthan Project Drilling Rig #3 (Jaisalmer),Mechanical Maintenance,Unsafe Condition,Extension power cord laid across walkway without rubber cable crossover ramps,"At Moran OCS-2 office annex, an electrical extension cord for temporary lighting was routed across the main pedestrian corridor without rubber cable protection ramps, posing a trip hazard.",0,0.16,None / Housekeeping,Procedural / Administrative,Minor Trip Hazard from Loose Cables,Temporary Lighting Wiring,Cable rerouted overhead and rubber floor cable protection covers installed.
OIL-HSE-2025-1135,2026-06-26,Digboi Refinery Area,HSE & Fire Safety,Unsafe Condition,Extension power cord laid across walkway without rubber cable crossover ramps,"At Moran OCS-2 office annex, an electrical extension cord for temporary lighting was routed across the main pedestrian corridor without rubber cable protection ramps, posing a trip hazard.",0,0.18,None / Housekeeping,Procedural / Administrative,Minor Trip Hazard from Loose Cables,Temporary Lighting Wiring,Cable rerouted overhead and rubber floor cable protection covers installed.
OIL-HSE-2025-1136,2026-06-01,Digboi Refinery Area,HSE & Fire Safety,Unsafe Condition,Extension power cord laid across walkway without rubber cable crossover ramps,"At Moran OCS-2 office annex, an electrical extension cord for temporary lighting was routed across the main pedestrian corridor without rubber cable protection ramps, posing a trip hazard.",0,0.17,None / Housekeeping,Procedural / Administrative,Minor Trip Hazard from Loose Cables,Temporary Lighting Wiring,Cable rerouted overhead and rubber floor cable protection covers installed.
OIL-HSE-2025-1137,2026-04-17,Pipeline HQ Pump Station - Sekerkote,Mechanical Maintenance,Unsafe Condition,LOTO key box tag number slightly smudged on lockout station cabinet,"At Moran OCS-2, paper identification label on isolation lockout box #12 was smudged by grease, making lock serial number 4821 appear like 4827.",0,0.27,Energy Isolation,Procedural / Administrative,LOTO Padlock Master Key Tagging Error,LOTO Station Maintenance,Label replaced with laminated industrial barcode tag.
OIL-HSE-2025-1138,2026-03-17,KG Basin Offshore Base (Kakinada),Civil & Logistics,Near Miss,Single valve isolation used for entry into Tank 102 while filling line was pressurized,"At Makum Crude Oil Terminal, entry permit was issued for Tank 102 internal lining inspection using only a single closed gate valve isolation on the incoming 16-inch crude inlet header (pressurized at 14 bar). Spectacle blind was not turned to blank position.",1,0.97,Confined Space,Physical / Engineering Control,Catastrophic Hydrocarbon Ingress into Crude Oil Storage Tank,Internal Storage Tank Inspection,Inspectors evacuated from tank immediately. Line de-pressurized and spectacle blind swiveled to spade position prior to re-entry.
OIL-HSE-2025-1139,2026-03-26,LPG Plant Duliajan,Pipeline Services,Unsafe Condition,Oily cotton waste discarded in plastic bin instead of metal self-closing bin,"At LPG Plant Duliajan mechanical workshop, oily cotton rags used for cleaning pump casings were thrown into an open plastic trash bin rather than designated heavy-duty self-closing metal fire-safe bins.",0,0.16,None / Housekeeping,Procedural / Administrative,Oily Rag Storage in Non-Approved Container,Workshop Equipment Wipedown,Rags transferred to designated red metal oily-waste bin. Tool box talk conducted on spontaneous combustion risks.
OIL-HSE-2025-1140,2026-04-20,Jorhat Compressor Station #5,Civil & Logistics,Unsafe Condition,Front right tire pressure low (18 PSI vs recommended 32 PSI) on field utility truck,"At Rajasthan Project (Jaisalmer), driver noticed utility pickup pulling slightly right. Pressure check showed 18 PSI due to slow nail puncture.",0,0.16,Driving,Equipment Integrity / Maintenance,Low Tire Pressure in Field Utility Vehicle,Field Transport,Spare tire mounted; damaged tire sent for vulcanizing repair.
OIL-HSE-2025-1141,2026-05-10,Rajasthan Project Drilling Rig #3 (Jaisalmer),Production Oil & Gas,Unsafe Condition,Caution sign for eye protection faded near grinding bench,"At Workover Rig #14 workshop, mandatory PPE warning sign ('Wear Safety Goggles') near bench grinder was severely faded due to sunlight exposure and hard to read.",0,0.14,None / Housekeeping,Procedural / Administrative,Safety Signage Faded by Sun Exposure,Workshop Maintenance,New high-visibility reflective vinyl warning sign installed.
OIL-HSE-2025-1142,2026-07-06,Duliajan GGS-3 (Gas Gathering Station),Electrical & Instrumentation,Unsafe Condition,Plastic squeeze wash bottle containing isopropyl alcohol lacked GHS hazard label,"At LPG Plant Duliajan laboratory, a plastic squeeze bottle used for cleaning instrument sensor glass contained IPA solvent but lacked GHS chemical identification label.",0,0.2,None / Housekeeping,Procedural / Administrative,Unlabeled Chemical Wash Bottle,Lab Analytics & Glassware Cleaning,Standard GHS chemical sticker printed and attached showing solvent name and flammability pictogram.
OIL-HSE-2025-1143,2026-05-23,KG Basin Offshore Base (Kakinada),Production Oil & Gas,Unsafe Condition,Plastic squeeze wash bottle containing isopropyl alcohol lacked GHS hazard label,"At LPG Plant Duliajan laboratory, a plastic squeeze bottle used for cleaning instrument sensor glass contained IPA solvent but lacked GHS chemical identification label.",0,0.17,None / Housekeeping,Procedural / Administrative,Unlabeled Chemical Wash Bottle,Lab Analytics & Glassware Cleaning,Standard GHS chemical sticker printed and attached showing solvent name and flammability pictogram.
OIL-HSE-2025-1144,2026-05-25,Digboi Refinery Area,Pipeline Services,Near Miss,Lift of 12-ton BOP stack attempted using unrated web slings attached to sharp flange edges,"At Workover Rig #14, rig crew attempted to lift a 12-ton Blowout Preventer (BOP) stack using synthetic webbing slings wrapped directly around sharp metal flange corners without protective corner guards or shackles.",1,0.87,Safe Mechanical Lifting,Procedural / Administrative,Rigging Failure & Dropped Blowout Preventer (BOP) Stack,BOP Stack Nipple-Up Operation,Lift stopped immediately before load cleared substructure. Rigging switched to certified wire rope slings with softeners and rated shackles.
OIL-HSE-2025-1145,2026-08-11,LPG Plant Duliajan,HSE & Fire Safety,Unsafe Condition,Small outer insulation scuff on 24V secondary welding return cable,"At Duliajan GGS-3 fabrication yard, rubber outer jacket of a 24V welding machine ground clamp cable had a 2cm scuff. Inner copper wire was intact and dry.",0,0.22,Hot Work,Equipment Integrity / Maintenance,Minor Insulation Tear on Low-Voltage Welding Lead,Workshop Structural Pipe Welding,Cable wrapped with heavy-duty vulcanizing electrical insulation tape.
OIL-HSE-2025-1146,2026-08-24,Drilling Rig E-1400 - Moran Block,HSE & Fire Safety,Unsafe Condition,Portable eyewash bottle solution past expiration date in battery room,"During monthly HSE audit at Pipeline HQ Sekerkote, 500ml sterile eyewash bottle in UPS battery room was found 2 months past expiration date printed on bottle label.",0,0.16,None / Housekeeping,Equipment Integrity / Maintenance,Expired Eyewash Bottle Fluid,Substation Monthly HSE Audit,Expired bottle replaced with fresh sterile saline eyewash pack from first aid stock.
OIL-HSE-2025-1147,2026-05-16,LPG Plant Duliajan,Electrical & Instrumentation,Unsafe Condition,Extension power cord laid across walkway without rubber cable crossover ramps,"At Moran OCS-2 office annex, an electrical extension cord for temporary lighting was routed across the main pedestrian corridor without rubber cable protection ramps, posing a trip hazard.",0,0.17,None / Housekeeping,Procedural / Administrative,Minor Trip Hazard from Loose Cables,Temporary Lighting Wiring,Cable rerouted overhead and rubber floor cable protection covers installed.
OIL-HSE-2025-1148,2026-07-08,Drilling Rig E-1400 - Moran Block,Production Oil & Gas,Near Miss,Hot welding sparks showered near open condensate drain manifold during active transfer,"During pipe rack structural repairs at Duliajan GGS-1, structural welding was being performed 4 meters above ground. Welding slag and hot sparks fell onto an open condensate drain trench where condensate was actively being drained from separator V-101. LEL monitor alarm sounded 45% LEL in vicinity.",1,0.93,Hot Work,Physical / Engineering Control,Uncontrolled Ignitable Hydrocarbon Vapor Cloud Fire Potential,Structural Welding on Pipe Rack,"Welding power cut instantly. Drain valve shut, fire blanket habitat deployed, continuous LEL gas monitoring initiated."
OIL-HSE-2025-1149,2026-03-27,Jorhat Compressor Station #5,Electrical & Instrumentation,Unsafe Condition,Small outer insulation scuff on 24V secondary welding return cable,"At Duliajan GGS-3 fabrication yard, rubber outer jacket of a 24V welding machine ground clamp cable had a 2cm scuff. Inner copper wire was intact and dry.",0,0.19,Hot Work,Equipment Integrity / Maintenance,Minor Insulation Tear on Low-Voltage Welding Lead,Workshop Structural Pipe Welding,Cable wrapped with heavy-duty vulcanizing electrical insulation tape.
OIL-HSE-2025-1150,2026-08-25,LPG Plant Duliajan,Pipeline Services,Near Miss,Frayed wire rope sling snapped partially during 4.5-ton casing pipe lift on derrick floor,"At Workover Rig #14 Duliajan, while hoisting a bundle of 4.5-inch drill pipes (approx 4.5 tons) to the monkey board, one of the strands on the wire rope sling parted with a sharp popping sound. The load swung violently over the drill floor where three roughnecks were standing. Fortunately, safety latch held and workers scrambled out of the drop zone.",1,0.92,Line of Fire,Equipment Integrity / Maintenance,Dropped Heavy Tubular Potential from Height,Pipe Hoisting to Derrick Monkey Board,"Lift suspended. Defective sling removed from service, quarantined, and destroyed. Complete load-lifting tackle inspection enforced."
OIL-HSE-2025-1151,2026-04-06,LPG Plant Duliajan,Drilling & Workover,Unsafe Condition,Portable eyewash bottle solution past expiration date in battery room,"During monthly HSE audit at Pipeline HQ Sekerkote, 500ml sterile eyewash bottle in UPS battery room was found 2 months past expiration date printed on bottle label.",0,0.15,None / Housekeeping,Equipment Integrity / Maintenance,Expired Eyewash Bottle Fluid,Substation Monthly HSE Audit,Expired bottle replaced with fresh sterile saline eyewash pack from first aid stock.
OIL-HSE-2025-1152,2026-06-16,Workover Rig #14 - Field Site Duliajan,Production Oil & Gas,Unsafe Condition,Small outer insulation scuff on 24V secondary welding return cable,"At Duliajan GGS-3 fabrication yard, rubber outer jacket of a 24V welding machine ground clamp cable had a 2cm scuff. Inner copper wire was intact and dry.",0,0.19,Hot Work,Equipment Integrity / Maintenance,Minor Insulation Tear on Low-Voltage Welding Lead,Workshop Structural Pipe Welding,Cable wrapped with heavy-duty vulcanizing electrical insulation tape.
OIL-HSE-2025-1153,2026-05-08,Makum Crude Oil Storage Terminal,Mechanical Maintenance,Unsafe Condition,Extension power cord laid across walkway without rubber cable crossover ramps,"At Moran OCS-2 office annex, an electrical extension cord for temporary lighting was routed across the main pedestrian corridor without rubber cable protection ramps, posing a trip hazard.",0,0.18,None / Housekeeping,Procedural / Administrative,Minor Trip Hazard from Loose Cables,Temporary Lighting Wiring,Cable rerouted overhead and rubber floor cable protection covers installed.
OIL-HSE-2025-1154,2026-06-14,Digboi Refinery Area,Civil & Logistics,Unsafe Condition,Small outer insulation scuff on 24V secondary welding return cable,"At Duliajan GGS-3 fabrication yard, rubber outer jacket of a 24V welding machine ground clamp cable had a 2cm scuff. Inner copper wire was intact and dry.",0,0.18,Hot Work,Equipment Integrity / Maintenance,Minor Insulation Tear on Low-Voltage Welding Lead,Workshop Structural Pipe Welding,Cable wrapped with heavy-duty vulcanizing electrical insulation tape.
OIL-HSE-2025-1155,2026-07-09,Jorhat Compressor Station #5,Civil & Logistics,Unsafe Condition,Caution sign for eye protection faded near grinding bench,"At Workover Rig #14 workshop, mandatory PPE warning sign ('Wear Safety Goggles') near bench grinder was severely faded due to sunlight exposure and hard to read.",0,0.13,None / Housekeeping,Procedural / Administrative,Safety Signage Faded by Sun Exposure,Workshop Maintenance,New high-visibility reflective vinyl warning sign installed.
OIL-HSE-2025-1156,2026-09-09,Duliajan GGS-3 (Gas Gathering Station),Civil & Logistics,Unsafe Act,Contract helper wearing safety boots with completely worn-out anti-slip treads,"During safety walk at Moran OCS-2, a contract helper was noticed wearing safety boots where the rubber outsole tread was completely worn smooth, increasing slip risk on oily steel decks.",0,0.26,PPE / Individual Protection,PPE / Individual Protection,Worn-out Safety Boot Soles,Deck Cleaning & Sweeping,New pair of IS 15298 certified anti-slip safety boots issued from stores immediately.
OIL-HSE-2025-1157,2026-06-01,Makum Crude Oil Storage Terminal,Production Oil & Gas,Unsafe Condition,Oily cotton waste discarded in plastic bin instead of metal self-closing bin,"At LPG Plant Duliajan mechanical workshop, oily cotton rags used for cleaning pump casings were thrown into an open plastic trash bin rather than designated heavy-duty self-closing metal fire-safe bins.",0,0.15,None / Housekeeping,Procedural / Administrative,Oily Rag Storage in Non-Approved Container,Workshop Equipment Wipedown,Rags transferred to designated red metal oily-waste bin. Tool box talk conducted on spontaneous combustion risks.
OIL-HSE-2025-1158,2026-09-08,Digboi Refinery Area,Drilling & Workover,Unsafe Act,Technician left 10-inch adjustable wrench on stepladder top tray while taking lunch break,"At Digboi Refinery electrical shed, an electrician left an adjustable wrench on top of a 6-ft aluminum stepladder while stepping away for lunch break.",0,0.23,Line of Fire,Procedural / Administrative,Improper Storage of Hand Tools on Ladder Rung,Light Fixture Replacement,Wrench removed and placed in electrician tool pouch. Electrician counseled on tool drop prevention.
OIL-HSE-2025-1159,2026-06-19,Makum Crude Oil Storage Terminal,Drilling & Workover,Unsafe Act,Grinding work started inside LPG bottling hall without hot work permit or LEL check,"At LPG Plant Duliajan, maintenance fitters started angle grinding on a steel bracket inside the LPG carousel filling shed (Zone 1 hazardous area) without issuing a Hot Work PTW or performing LEL gas test. Gas odor was noticeable nearby.",1,0.9,Hot Work,Procedural / Administrative,Hot Work in Zone-0 Gas Environment without Continuous Monitoring,Bracket Angle Grinding in LPG Shed,Grinding stopped instantly. Power disconnected. Gas monitoring detected 12% LEL LPG vapor. Area purged with nitrogen.
OIL-HSE-2025-1160,2026-07-21,Drilling Rig E-1400 - Moran Block,Pipeline Services,Unsafe Condition,Left rear tail light bulb fused on field inspection Bolero vehicle,"During daily pre-trip inspection at Duliajan Field Operations, HSE marshal noted that the left rear tail light and brake light on inspection vehicle AS-06-X-1234 were inoperative.",0,0.29,Driving,Equipment Integrity / Maintenance,Non-Functional Tail Light on Pickup Van,Pre-Trip Vehicle Inspection,Vehicle sent to transport workshop for immediate bulb replacement before field deployment.
OIL-HSE-2025-1161,2026-07-11,Pipeline HQ Pump Station - Sekerkote,Pipeline Services,Unsafe Condition,Rainwater accumulation near control room steps due to clogged drain spout,"At Jorhat Compressor Station #5, heavy rain caused a 5cm deep rainwater puddle near control room entry steps because roof downspout drain was blocked with dry leaves.",0,0.25,None / Housekeeping,Procedural / Administrative,Water Puddle near Office Walkway Entrance,Routine Facilities Maintenance,Drain spout cleared of leaves. Wet floor warning sign placed until concrete dried.
OIL-HSE-2025-1162,2026-04-15,KG Basin Offshore Base (Kakinada),Pipeline Services,Unsafe Act,Technician left 10-inch adjustable wrench on stepladder top tray while taking lunch break,"At Digboi Refinery electrical shed, an electrician left an adjustable wrench on top of a 6-ft aluminum stepladder while stepping away for lunch break.",0,0.23,Line of Fire,Procedural / Administrative,Improper Storage of Hand Tools on Ladder Rung,Light Fixture Replacement,Wrench removed and placed in electrician tool pouch. Electrician counseled on tool drop prevention.
OIL-HSE-2025-1163,2026-06-06,Duliajan GGS-3 (Gas Gathering Station),HSE & Fire Safety,Near Miss,Flange broke open on live gas line mistaking it for depressurized drain line,"At Jorhat Compressor Station #5, maintenance crew loosened all flange bolts on a 6-inch fuel gas feed pipe under 25 bar pressure, having misidentified it for the depressurized nitrogen purge line due to missing line tags. As flange gap widened, gas started escaping under high velocity.",1,0.9,System Opening,Procedural / Administrative,Pressurized Toxic Hydrocarbon Spray on Operators,Fuel Gas Filter Replacement,Workers evacuated area instantly. Main ESD valve activated. Line tagged properly and positive isolation (blind spade) installed.
OIL-HSE-2025-1164,2026-04-08,Jorhat Compressor Station #5,HSE & Fire Safety,Unsafe Condition,Extension power cord laid across walkway without rubber cable crossover ramps,"At Moran OCS-2 office annex, an electrical extension cord for temporary lighting was routed across the main pedestrian corridor without rubber cable protection ramps, posing a trip hazard.",0,0.18,None / Housekeeping,Procedural / Administrative,Minor Trip Hazard from Loose Cables,Temporary Lighting Wiring,Cable rerouted overhead and rubber floor cable protection covers installed.
OIL-HSE-2025-1165,2026-05-11,Pipeline HQ Pump Station - Sekerkote,Mechanical Maintenance,Near Miss,High-pressure mud line maintenance initiated without LOTO & residual pressure bleed,"During maintenance of Mud Pump #2 at Drilling Rig E-1400 Moran, a technician began loosening the flange bolts on the 3000 PSI discharge mud line without verifying Lockout/Tagout (LOTO) or bleeding residual pressure. A minor hiss was heard, and pressure gauge still read 450 PSI. Work was immediately stopped by HSE supervisor. Bleed valve was clogged with dry mud.",1,0.94,Energy Isolation,Procedural / Administrative,Unisolated Struck-By & Stored High-Pressure Energy Hazard,Mud Pump Flange Maintenance,"Job stopped immediately. De-pressurization confirmed through auxiliary bleed line, LOTO applied with double valve isolation."
OIL-HSE-2025-1166,2026-06-15,LPG Plant Duliajan,HSE & Fire Safety,Unsafe Condition,LOTO key box tag number slightly smudged on lockout station cabinet,"At Moran OCS-2, paper identification label on isolation lockout box #12 was smudged by grease, making lock serial number 4821 appear like 4827.",0,0.27,Energy Isolation,Procedural / Administrative,LOTO Padlock Master Key Tagging Error,LOTO Station Maintenance,Label replaced with laminated industrial barcode tag.
OIL-HSE-2025-1167,2026-04-01,Rajasthan Project Drilling Rig #3 (Jaisalmer),Pipeline Services,Near Miss,Hot welding sparks showered near open condensate drain manifold during active transfer,"During pipe rack structural repairs at Duliajan GGS-1, structural welding was being performed 4 meters above ground. Welding slag and hot sparks fell onto an open condensate drain trench where condensate was actively being drained from separator V-101. LEL monitor alarm sounded 45% LEL in vicinity.",1,0.93,Hot Work,Physical / Engineering Control,Uncontrolled Ignitable Hydrocarbon Vapor Cloud Fire Potential,Structural Welding on Pipe Rack,"Welding power cut instantly. Drain valve shut, fire blanket habitat deployed, continuous LEL gas monitoring initiated."
OIL-HSE-2025-1168,2026-07-21,Pipeline HQ Pump Station - Sekerkote,Pipeline Services,Unsafe Condition,Left rear tail light bulb fused on field inspection Bolero vehicle,"During daily pre-trip inspection at Duliajan Field Operations, HSE marshal noted that the left rear tail light and brake light on inspection vehicle AS-06-X-1234 were inoperative.",0,0.31,Driving,Equipment Integrity / Maintenance,Non-Functional Tail Light on Pickup Van,Pre-Trip Vehicle Inspection,Vehicle sent to transport workshop for immediate bulb replacement before field deployment.
OIL-HSE-2025-1169,2026-08-29,LPG Plant Duliajan,Drilling & Workover,Unsafe Condition,Plastic squeeze wash bottle containing isopropyl alcohol lacked GHS hazard label,"At LPG Plant Duliajan laboratory, a plastic squeeze bottle used for cleaning instrument sensor glass contained IPA solvent but lacked GHS chemical identification label.",0,0.19,None / Housekeeping,Procedural / Administrative,Unlabeled Chemical Wash Bottle,Lab Analytics & Glassware Cleaning,Standard GHS chemical sticker printed and attached showing solvent name and flammability pictogram.
OIL-HSE-2025-1170,2026-08-16,Jorhat Compressor Station #5,Drilling & Workover,Near Miss,Single valve isolation used for entry into Tank 102 while filling line was pressurized,"At Makum Crude Oil Terminal, entry permit was issued for Tank 102 internal lining inspection using only a single closed gate valve isolation on the incoming 16-inch crude inlet header (pressurized at 14 bar). Spectacle blind was not turned to blank position.",1,0.96,Confined Space,Physical / Engineering Control,Catastrophic Hydrocarbon Ingress into Crude Oil Storage Tank,Internal Storage Tank Inspection,Inspectors evacuated from tank immediately. Line de-pressurized and spectacle blind swiveled to spade position prior to re-entry.
OIL-HSE-2025-1171,2026-04-24,Jorhat Compressor Station #5,Drilling & Workover,Unsafe Condition,Caution sign for eye protection faded near grinding bench,"At Workover Rig #14 workshop, mandatory PPE warning sign ('Wear Safety Goggles') near bench grinder was severely faded due to sunlight exposure and hard to read.",0,0.11,None / Housekeeping,Procedural / Administrative,Safety Signage Faded by Sun Exposure,Workshop Maintenance,New high-visibility reflective vinyl warning sign installed.
OIL-HSE-2025-1172,2026-05-01,Pipeline HQ Pump Station - Sekerkote,HSE & Fire Safety,Incident Report,Store helper received minor wood splinter on palm while carrying wooden pallet without leather gloves,"At Duliajan Main Stores, a material handler lifted a rough wooden pallet without wearing leather cotton-backed work gloves, receiving a minor timber splinter in left palm.",0,0.2,Line of Fire,PPE / Individual Protection,Splinter Scratch from Unhandled Wooden Pallet,Warehouse Material Stacking,"Splinter removed using sterile tweezers, antiseptic swab applied. Hand gloves usage re-emphasized."
OIL-HSE-2025-1173,2026-07-07,Jorhat Compressor Station #5,Drilling & Workover,Unsafe Condition,Caution sign for eye protection faded near grinding bench,"At Workover Rig #14 workshop, mandatory PPE warning sign ('Wear Safety Goggles') near bench grinder was severely faded due to sunlight exposure and hard to read.",0,0.12,None / Housekeeping,Procedural / Administrative,Safety Signage Faded by Sun Exposure,Workshop Maintenance,New high-visibility reflective vinyl warning sign installed.
OIL-HSE-2025-1174,2026-03-23,Rajasthan Project Drilling Rig #3 (Jaisalmer),Pipeline Services,Unsafe Condition,Rainwater accumulation near control room steps due to clogged drain spout,"At Jorhat Compressor Station #5, heavy rain caused a 5cm deep rainwater puddle near control room entry steps because roof downspout drain was blocked with dry leaves.",0,0.25,None / Housekeeping,Procedural / Administrative,Water Puddle near Office Walkway Entrance,Routine Facilities Maintenance,Drain spout cleared of leaves. Wet floor warning sign placed until concrete dried.
OIL-HSE-2025-1175,2026-05-29,Duliajan GGS-3 (Gas Gathering Station),HSE & Fire Safety,Near Miss,Single valve isolation used for entry into Tank 102 while filling line was pressurized,"At Makum Crude Oil Terminal, entry permit was issued for Tank 102 internal lining inspection using only a single closed gate valve isolation on the incoming 16-inch crude inlet header (pressurized at 14 bar). Spectacle blind was not turned to blank position.",1,0.95,Confined Space,Physical / Engineering Control,Catastrophic Hydrocarbon Ingress into Crude Oil Storage Tank,Internal Storage Tank Inspection,Inspectors evacuated from tank immediately. Line de-pressurized and spectacle blind swiveled to spade position prior to re-entry.
OIL-HSE-2025-1176,2026-05-28,Duliajan GGS-3 (Gas Gathering Station),Mechanical Maintenance,Near Miss,Flange broke open on live gas line mistaking it for depressurized drain line,"At Jorhat Compressor Station #5, maintenance crew loosened all flange bolts on a 6-inch fuel gas feed pipe under 25 bar pressure, having misidentified it for the depressurized nitrogen purge line due to missing line tags. As flange gap widened, gas started escaping under high velocity.",1,0.91,System Opening,Procedural / Administrative,Pressurized Toxic Hydrocarbon Spray on Operators,Fuel Gas Filter Replacement,Workers evacuated area instantly. Main ESD valve activated. Line tagged properly and positive isolation (blind spade) installed.
OIL-HSE-2025-1177,2026-03-25,Duliajan GGS-1 (Gas Gathering Station),Drilling & Workover,Unsafe Condition,Front right tire pressure low (18 PSI vs recommended 32 PSI) on field utility truck,"At Rajasthan Project (Jaisalmer), driver noticed utility pickup pulling slightly right. Pressure check showed 18 PSI due to slow nail puncture.",0,0.19,Driving,Equipment Integrity / Maintenance,Low Tire Pressure in Field Utility Vehicle,Field Transport,Spare tire mounted; damaged tire sent for vulcanizing repair.
OIL-HSE-2025-1178,2026-03-29,Moran OCS-2 (Oil Collecting Station),Mechanical Maintenance,Unsafe Condition,Caution sign for eye protection faded near grinding bench,"At Workover Rig #14 workshop, mandatory PPE warning sign ('Wear Safety Goggles') near bench grinder was severely faded due to sunlight exposure and hard to read.",0,0.12,None / Housekeeping,Procedural / Administrative,Safety Signage Faded by Sun Exposure,Workshop Maintenance,New high-visibility reflective vinyl warning sign installed.
OIL-HSE-2025-1179,2026-06-05,KG Basin Offshore Base (Kakinada),HSE & Fire Safety,Unsafe Condition,Portable eyewash bottle solution past expiration date in battery room,"During monthly HSE audit at Pipeline HQ Sekerkote, 500ml sterile eyewash bottle in UPS battery room was found 2 months past expiration date printed on bottle label.",0,0.16,None / Housekeeping,Equipment Integrity / Maintenance,Expired Eyewash Bottle Fluid,Substation Monthly HSE Audit,Expired bottle replaced with fresh sterile saline eyewash pack from first aid stock.
OIL-HSE-2025-1180,2026-05-23,Duliajan GGS-3 (Gas Gathering Station),Drilling & Workover,Near Miss,Single valve isolation used for entry into Tank 102 while filling line was pressurized,"At Makum Crude Oil Terminal, entry permit was issued for Tank 102 internal lining inspection using only a single closed gate valve isolation on the incoming 16-inch crude inlet header (pressurized at 14 bar). Spectacle blind was not turned to blank position.",1,0.94,Confined Space,Physical / Engineering Control,Catastrophic Hydrocarbon Ingress into Crude Oil Storage Tank,Internal Storage Tank Inspection,Inspectors evacuated from tank immediately. Line de-pressurized and spectacle blind swiveled to spade position prior to re-entry.
OIL-HSE-2025-1181,2026-08-10,Duliajan GGS-1 (Gas Gathering Station),Drilling & Workover,Unsafe Condition,High-pressure separator ESD trip valve jumpered out without management override authorization,"During routine HSE audit at Moran OCS-2, auditors discovered that the high-pressure trip sensor (PSHH-204) on Crude Separator-2 had been bypassed using an electrical jumper wire on the PLC panel to prevent nuisance tripping during flow surges, leaving vessel vulnerable to catastrophic over-pressurization.",1,0.91,Bypassing Safety Controls,Supervisory & Management Controls,Defeated Emergency Pressure Shut Down (ESD) Interlock,Oil Separation & Normal Operations,Jumper removed immediately. Emergency shutdown logic restored. Management Change (MOC) review initiated against shift engineer.
OIL-HSE-2025-1182,2026-03-21,KG Basin Offshore Base (Kakinada),Pipeline Services,Near Miss,Single valve isolation used for entry into Tank 102 while filling line was pressurized,"At Makum Crude Oil Terminal, entry permit was issued for Tank 102 internal lining inspection using only a single closed gate valve isolation on the incoming 16-inch crude inlet header (pressurized at 14 bar). Spectacle blind was not turned to blank position.",1,0.93,Confined Space,Physical / Engineering Control,Catastrophic Hydrocarbon Ingress into Crude Oil Storage Tank,Internal Storage Tank Inspection,Inspectors evacuated from tank immediately. Line de-pressurized and spectacle blind swiveled to spade position prior to re-entry.
OIL-HSE-2025-1183,2026-04-03,Rajasthan Project Drilling Rig #3 (Jaisalmer),Drilling & Workover,Unsafe Condition,Plastic squeeze wash bottle containing isopropyl alcohol lacked GHS hazard label,"At LPG Plant Duliajan laboratory, a plastic squeeze bottle used for cleaning instrument sensor glass contained IPA solvent but lacked GHS chemical identification label.",0,0.18,None / Housekeeping,Procedural / Administrative,Unlabeled Chemical Wash Bottle,Lab Analytics & Glassware Cleaning,Standard GHS chemical sticker printed and attached showing solvent name and flammability pictogram.
OIL-HSE-2025-1184,2026-03-16,Jorhat Compressor Station #5,Mechanical Maintenance,Unsafe Act,Grinding work started inside LPG bottling hall without hot work permit or LEL check,"At LPG Plant Duliajan, maintenance fitters started angle grinding on a steel bracket inside the LPG carousel filling shed (Zone 1 hazardous area) without issuing a Hot Work PTW or performing LEL gas test. Gas odor was noticeable nearby.",1,0.9,Hot Work,Procedural / Administrative,Hot Work in Zone-0 Gas Environment without Continuous Monitoring,Bracket Angle Grinding in LPG Shed,Grinding stopped instantly. Power disconnected. Gas monitoring detected 12% LEL LPG vapor. Area purged with nitrogen.
OIL-HSE-2025-1185,2026-06-21,KG Basin Offshore Base (Kakinada),Drilling & Workover,Unsafe Condition,Rainwater accumulation near control room steps due to clogged drain spout,"At Jorhat Compressor Station #5, heavy rain caused a 5cm deep rainwater puddle near control room entry steps because roof downspout drain was blocked with dry leaves.",0,0.25,None / Housekeeping,Procedural / Administrative,Water Puddle near Office Walkway Entrance,Routine Facilities Maintenance,Drain spout cleared of leaves. Wet floor warning sign placed until concrete dried.
OIL-HSE-2025-1186,2026-06-01,LPG Plant Duliajan,HSE & Fire Safety,Unsafe Condition,Toe-board missing on ground-level valve pit access platform,"At Digboi Refinery Area, 100cm high handrail around valve pit #4 was missing a 10cm toe-board, allowing small hand tools to potentially roll into the shallow 1-meter deep pit.",0,0.24,Working at Height,Physical / Engineering Control,Missing Handrail Toe Board on Walkway,Valve Pit Inspection,Yellow steel toe-board fabricated and bolted to platform guardrail.
OIL-HSE-2025-1187,2026-07-28,Moran OCS-2 (Oil Collecting Station),Mechanical Maintenance,Unsafe Condition,LOTO key box tag number slightly smudged on lockout station cabinet,"At Moran OCS-2, paper identification label on isolation lockout box #12 was smudged by grease, making lock serial number 4821 appear like 4827.",0,0.24,Energy Isolation,Procedural / Administrative,LOTO Padlock Master Key Tagging Error,LOTO Station Maintenance,Label replaced with laminated industrial barcode tag.
OIL-HSE-2025-1188,2026-04-08,Duliajan GGS-3 (Gas Gathering Station),Pipeline Services,Unsafe Condition,Toe-board missing on ground-level valve pit access platform,"At Digboi Refinery Area, 100cm high handrail around valve pit #4 was missing a 10cm toe-board, allowing small hand tools to potentially roll into the shallow 1-meter deep pit.",0,0.22,Working at Height,Physical / Engineering Control,Missing Handrail Toe Board on Walkway,Valve Pit Inspection,Yellow steel toe-board fabricated and bolted to platform guardrail.
OIL-HSE-2025-1189,2026-07-08,KG Basin Offshore Base (Kakinada),Drilling & Workover,Unsafe Condition,Front right tire pressure low (18 PSI vs recommended 32 PSI) on field utility truck,"At Rajasthan Project (Jaisalmer), driver noticed utility pickup pulling slightly right. Pressure check showed 18 PSI due to slow nail puncture.",0,0.15,Driving,Equipment Integrity / Maintenance,Low Tire Pressure in Field Utility Vehicle,Field Transport,Spare tire mounted; damaged tire sent for vulcanizing repair.
OIL-HSE-2025-1190,2026-05-04,Duliajan GGS-1 (Gas Gathering Station),Civil & Logistics,Unsafe Condition,Oily cotton waste discarded in plastic bin instead of metal self-closing bin,"At LPG Plant Duliajan mechanical workshop, oily cotton rags used for cleaning pump casings were thrown into an open plastic trash bin rather than designated heavy-duty self-closing metal fire-safe bins.",0,0.17,None / Housekeeping,Procedural / Administrative,Oily Rag Storage in Non-Approved Container,Workshop Equipment Wipedown,Rags transferred to designated red metal oily-waste bin. Tool box talk conducted on spontaneous combustion risks.
OIL-HSE-2025-1191,2026-05-31,Rajasthan Project Drilling Rig #3 (Jaisalmer),Electrical & Instrumentation,Unsafe Condition,Rainwater accumulation near control room steps due to clogged drain spout,"At Jorhat Compressor Station #5, heavy rain caused a 5cm deep rainwater puddle near control room entry steps because roof downspout drain was blocked with dry leaves.",0,0.24,None / Housekeeping,Procedural / Administrative,Water Puddle near Office Walkway Entrance,Routine Facilities Maintenance,Drain spout cleared of leaves. Wet floor warning sign placed until concrete dried.
OIL-HSE-2025-1192,2026-06-03,KG Basin Offshore Base (Kakinada),Drilling & Workover,Unsafe Condition,Rainwater accumulation near control room steps due to clogged drain spout,"At Jorhat Compressor Station #5, heavy rain caused a 5cm deep rainwater puddle near control room entry steps because roof downspout drain was blocked with dry leaves.",0,0.23,None / Housekeeping,Procedural / Administrative,Water Puddle near Office Walkway Entrance,Routine Facilities Maintenance,Drain spout cleared of leaves. Wet floor warning sign placed until concrete dried.
OIL-HSE-2025-1193,2026-07-20,Makum Crude Oil Storage Terminal,Pipeline Services,Unsafe Condition,Scaffolding platform supporting 4 workers missing base plates and diagonal bracing,"At Duliajan GGS-3, a 9-meter high tubular scaffolding erected for valve replacement was found missing sole boards, base plates on wet muddy ground, and 60% of diagonal cross-braces. Platform was loaded with heavy chain blocks and valves.",1,0.92,Working at Height,Equipment Integrity / Maintenance,Collapse of Heavy Work Platform Scaffolding,Elevated Manifold Valve Replacement,Red 'UNSAFE - DO NOT USE' tag applied. Workers ordered off platform. Scaffolding dismantled and rebuilt under certified inspector supervision.
OIL-HSE-2025-1194,2026-07-16,Jorhat Compressor Station #5,HSE & Fire Safety,Unsafe Condition,Caution sign for eye protection faded near grinding bench,"At Workover Rig #14 workshop, mandatory PPE warning sign ('Wear Safety Goggles') near bench grinder was severely faded due to sunlight exposure and hard to read.",0,0.13,None / Housekeeping,Procedural / Administrative,Safety Signage Faded by Sun Exposure,Workshop Maintenance,New high-visibility reflective vinyl warning sign installed.
OIL-HSE-2025-1195,2026-04-08,Digboi Refinery Area,Civil & Logistics,Near Miss,High-pressure cement pumping hose whip-check restraint missing at 4000 PSI,"During cementing operation at Drilling Rig E-1400 Moran, a 3-inch high-pressure flexible cement discharge line (operating at 4000 PSI) had its safety whip-check cable unhooked during rig-up. Coupling began leaking slurry under intense vibration.",1,0.93,Line of Fire,Physical / Engineering Control,Unrestrained High-Pressure Flexible Hose Whip Hazard,Well Casing Cementing Operation,Cement pumps throttled down safely. Pressure bled to zero; certified steel whip-check cables installed and clamped.
OIL-HSE-2025-1196,2026-07-04,Moran OCS-2 (Oil Collecting Station),Pipeline Services,Unsafe Condition,Rainwater accumulation near control room steps due to clogged drain spout,"At Jorhat Compressor Station #5, heavy rain caused a 5cm deep rainwater puddle near control room entry steps because roof downspout drain was blocked with dry leaves.",0,0.26,None / Housekeeping,Procedural / Administrative,Water Puddle near Office Walkway Entrance,Routine Facilities Maintenance,Drain spout cleared of leaves. Wet floor warning sign placed until concrete dried.
OIL-HSE-2025-1197,2026-08-21,KG Basin Offshore Base (Kakinada),Electrical & Instrumentation,Incident Report,Store helper received minor wood splinter on palm while carrying wooden pallet without leather gloves,"At Duliajan Main Stores, a material handler lifted a rough wooden pallet without wearing leather cotton-backed work gloves, receiving a minor timber splinter in left palm.",0,0.2,Line of Fire,PPE / Individual Protection,Splinter Scratch from Unhandled Wooden Pallet,Warehouse Material Stacking,"Splinter removed using sterile tweezers, antiseptic swab applied. Hand gloves usage re-emphasized."
OIL-HSE-2025-1198,2026-04-19,Jorhat Compressor Station #5,Electrical & Instrumentation,Near Miss,Flange broke open on live gas line mistaking it for depressurized drain line,"At Jorhat Compressor Station #5, maintenance crew loosened all flange bolts on a 6-inch fuel gas feed pipe under 25 bar pressure, having misidentified it for the depressurized nitrogen purge line due to missing line tags. As flange gap widened, gas started escaping under high velocity.",1,0.89,System Opening,Procedural / Administrative,Pressurized Toxic Hydrocarbon Spray on Operators,Fuel Gas Filter Replacement,Workers evacuated area instantly. Main ESD valve activated. Line tagged properly and positive isolation (blind spade) installed.
OIL-HSE-2025-1199,2026-07-27,Rajasthan Project Drilling Rig #3 (Jaisalmer),HSE & Fire Safety,Incident Report,Store helper received minor wood splinter on palm while carrying wooden pallet without leather gloves,"At Duliajan Main Stores, a material handler lifted a rough wooden pallet without wearing leather cotton-backed work gloves, receiving a minor timber splinter in left palm.",0,0.23,Line of Fire,PPE / Individual Protection,Splinter Scratch from Unhandled Wooden Pallet,Warehouse Material Stacking,"Splinter removed using sterile tweezers, antiseptic swab applied. Hand gloves usage re-emphasized."
OIL-HSE-2025-1200,2026-03-31,Digboi Refinery Area,HSE & Fire Safety,Unsafe Condition,Caution sign for eye protection faded near grinding bench,"At Workover Rig #14 workshop, mandatory PPE warning sign ('Wear Safety Goggles') near bench grinder was severely faded due to sunlight exposure and hard to read.",0,0.13,None / Housekeeping,Procedural / Administrative,Safety Signage Faded by Sun Exposure,Workshop Maintenance,New high-visibility reflective vinyl warning sign installed.
OIL-HSE-2025-1201,2026-04-08,Pipeline HQ Pump Station - Sekerkote,Pipeline Services,Unsafe Condition,Rainwater accumulation near control room steps due to clogged drain spout,"At Jorhat Compressor Station #5, heavy rain caused a 5cm deep rainwater puddle near control room entry steps because roof downspout drain was blocked with dry leaves.",0,0.25,None / Housekeeping,Procedural / Administrative,Water Puddle near Office Walkway Entrance,Routine Facilities Maintenance,Drain spout cleared of leaves. Wet floor warning sign placed until concrete dried.
OIL-HSE-2025-1202,2026-06-12,Jorhat Compressor Station #5,Electrical & Instrumentation,Near Miss,Frayed wire rope sling snapped partially during 4.5-ton casing pipe lift on derrick floor,"At Workover Rig #14 Duliajan, while hoisting a bundle of 4.5-inch drill pipes (approx 4.5 tons) to the monkey board, one of the strands on the wire rope sling parted with a sharp popping sound. The load swung violently over the drill floor where three roughnecks were standing. Fortunately, safety latch held and workers scrambled out of the drop zone.",1,0.92,Line of Fire,Equipment Integrity / Maintenance,Dropped Heavy Tubular Potential from Height,Pipe Hoisting to Derrick Monkey Board,"Lift suspended. Defective sling removed from service, quarantined, and destroyed. Complete load-lifting tackle inspection enforced."
OIL-HSE-2025-1203,2026-04-20,Rajasthan Project Drilling Rig #3 (Jaisalmer),Mechanical Maintenance,Unsafe Condition,Oily cotton waste discarded in plastic bin instead of metal self-closing bin,"At LPG Plant Duliajan mechanical workshop, oily cotton rags used for cleaning pump casings were thrown into an open plastic trash bin rather than designated heavy-duty self-closing metal fire-safe bins.",0,0.15,None / Housekeeping,Procedural / Administrative,Oily Rag Storage in Non-Approved Container,Workshop Equipment Wipedown,Rags transferred to designated red metal oily-waste bin. Tool box talk conducted on spontaneous combustion risks.
OIL-HSE-2025-1204,2026-05-17,Rajasthan Project Drilling Rig #3 (Jaisalmer),Mechanical Maintenance,Near Miss,Heavy Crude bowser trailer lost brakes on steep incline near Digboi Hills,"A contract crude oil tanker (32,000L capacity) suffered brake fade while descending a 12% grade oilfield access road near Digboi oilfields. Vehicle swerved into emergency runaway ramp, narrowly avoiding rollover into populated village creek. Inspection revealed non-functional trailer brake shoes.",1,0.89,Driving,Procedural / Administrative,Heavy Explosive/Hydrocarbon Tanker Rollover on Narrow Oilfield Road,Crude Oil Road Transportation,Tanker impounded. Contractor vehicle fitness audit initiated across all crude bowser fleets.
OIL-HSE-2025-1205,2026-08-09,Drilling Rig E-1400 - Moran Block,Civil & Logistics,Unsafe Act,Instrument technician unhooked safety harness dual lanyard at 22m flare stack elevation,"At Duliajan LPG Plant, an instrument technician working at a height of 22 meters on the main flare stack platform unhooked both lanyards of his full-body harness simultaneously to reach a pressure transmitter on an outboard beam without a lifeline installed. Gusty wind conditions prevailed.",1,0.89,Working at Height,PPE / Individual Protection,Unanchored High Fall Hazard from Flare Stack Platform,Flare Stack Pressure Transmitter Calibration,"Technician instructed to secure self immediately. Work stopped, temporary retractable wire rope fall arrest lifeline installed before resuming."
OIL-HSE-2025-1206,2026-08-29,Makum Crude Oil Storage Terminal,Civil & Logistics,Unsafe Act,Technician left 10-inch adjustable wrench on stepladder top tray while taking lunch break,"At Digboi Refinery electrical shed, an electrician left an adjustable wrench on top of a 6-ft aluminum stepladder while stepping away for lunch break.",0,0.23,Line of Fire,Procedural / Administrative,Improper Storage of Hand Tools on Ladder Rung,Light Fixture Replacement,Wrench removed and placed in electrician tool pouch. Electrician counseled on tool drop prevention.
OIL-HSE-2025-1207,2026-09-05,Rajasthan Project Drilling Rig #3 (Jaisalmer),Production Oil & Gas,Unsafe Condition,Left rear tail light bulb fused on field inspection Bolero vehicle,"During daily pre-trip inspection at Duliajan Field Operations, HSE marshal noted that the left rear tail light and brake light on inspection vehicle AS-06-X-1234 were inoperative.",0,0.3,Driving,Equipment Integrity / Maintenance,Non-Functional Tail Light on Pickup Van,Pre-Trip Vehicle Inspection,Vehicle sent to transport workshop for immediate bulb replacement before field deployment.
OIL-HSE-2025-1208,2026-07-30,Drilling Rig E-1400 - Moran Block,Production Oil & Gas,Near Miss,Heavy Crude bowser trailer lost brakes on steep incline near Digboi Hills,"A contract crude oil tanker (32,000L capacity) suffered brake fade while descending a 12% grade oilfield access road near Digboi oilfields. Vehicle swerved into emergency runaway ramp, narrowly avoiding rollover into populated village creek. Inspection revealed non-functional trailer brake shoes.",1,0.88,Driving,Procedural / Administrative,Heavy Explosive/Hydrocarbon Tanker Rollover on Narrow Oilfield Road,Crude Oil Road Transportation,Tanker impounded. Contractor vehicle fitness audit initiated across all crude bowser fleets.
OIL-HSE-2025-1209,2026-03-28,LPG Plant Duliajan,Production Oil & Gas,Unsafe Condition,High-pressure separator ESD trip valve jumpered out without management override authorization,"During routine HSE audit at Moran OCS-2, auditors discovered that the high-pressure trip sensor (PSHH-204) on Crude Separator-2 had been bypassed using an electrical jumper wire on the PLC panel to prevent nuisance tripping during flow surges, leaving vessel vulnerable to catastrophic over-pressurization.",1,0.9,Bypassing Safety Controls,Supervisory & Management Controls,Defeated Emergency Pressure Shut Down (ESD) Interlock,Oil Separation & Normal Operations,Jumper removed immediately. Emergency shutdown logic restored. Management Change (MOC) review initiated against shift engineer.
OIL-HSE-2025-1210,2026-05-12,Pipeline HQ Pump Station - Sekerkote,Electrical & Instrumentation,Unsafe Condition,Oily cotton waste discarded in plastic bin instead of metal self-closing bin,"At LPG Plant Duliajan mechanical workshop, oily cotton rags used for cleaning pump casings were thrown into an open plastic trash bin rather than designated heavy-duty self-closing metal fire-safe bins.",0,0.16,None / Housekeeping,Procedural / Administrative,Oily Rag Storage in Non-Approved Container,Workshop Equipment Wipedown,Rags transferred to designated red metal oily-waste bin. Tool box talk conducted on spontaneous combustion risks.
OIL-HSE-2025-1211,2026-07-02,Duliajan GGS-3 (Gas Gathering Station),Pipeline Services,Unsafe Condition,Rainwater accumulation near control room steps due to clogged drain spout,"At Jorhat Compressor Station #5, heavy rain caused a 5cm deep rainwater puddle near control room entry steps because roof downspout drain was blocked with dry leaves.",0,0.22,None / Housekeeping,Procedural / Administrative,Water Puddle near Office Walkway Entrance,Routine Facilities Maintenance,Drain spout cleared of leaves. Wet floor warning sign placed until concrete dried.
OIL-HSE-2025-1212,2026-08-13,Pipeline HQ Pump Station - Sekerkote,Production Oil & Gas,Unsafe Condition,LOTO key box tag number slightly smudged on lockout station cabinet,"At Moran OCS-2, paper identification label on isolation lockout box #12 was smudged by grease, making lock serial number 4821 appear like 4827.",0,0.26,Energy Isolation,Procedural / Administrative,LOTO Padlock Master Key Tagging Error,LOTO Station Maintenance,Label replaced with laminated industrial barcode tag.
OIL-HSE-2025-1213,2026-08-24,Digboi Refinery Area,Civil & Logistics,Incident Report,Store helper received minor wood splinter on palm while carrying wooden pallet without leather gloves,"At Duliajan Main Stores, a material handler lifted a rough wooden pallet without wearing leather cotton-backed work gloves, receiving a minor timber splinter in left palm.",0,0.2,Line of Fire,PPE / Individual Protection,Splinter Scratch from Unhandled Wooden Pallet,Warehouse Material Stacking,"Splinter removed using sterile tweezers, antiseptic swab applied. Hand gloves usage re-emphasized."
OIL-HSE-2025-1214,2026-04-08,Workover Rig #14 - Field Site Duliajan,Civil & Logistics,Unsafe Condition,Portable eyewash bottle solution past expiration date in battery room,"During monthly HSE audit at Pipeline HQ Sekerkote, 500ml sterile eyewash bottle in UPS battery room was found 2 months past expiration date printed on bottle label.",0,0.17,None / Housekeeping,Equipment Integrity / Maintenance,Expired Eyewash Bottle Fluid,Substation Monthly HSE Audit,Expired bottle replaced with fresh sterile saline eyewash pack from first aid stock.
OIL-HSE-2025-1215,2026-08-27,Rajasthan Project Drilling Rig #3 (Jaisalmer),Mechanical Maintenance,Unsafe Condition,Toe-board missing on ground-level valve pit access platform,"At Digboi Refinery Area, 100cm high handrail around valve pit #4 was missing a 10cm toe-board, allowing small hand tools to potentially roll into the shallow 1-meter deep pit.",0,0.22,Working at Height,Physical / Engineering Control,Missing Handrail Toe Board on Walkway,Valve Pit Inspection,Yellow steel toe-board fabricated and bolted to platform guardrail.
OIL-HSE-2025-1216,2026-06-15,Jorhat Compressor Station #5,Civil & Logistics,Near Miss,50-Ton Mobile Crane outriggers sank into uncompacted soil during 18-ton mud pump lift,"At Rajasthan Project Rig #3 (Jaisalmer), a 50-ton hydraulic mobile crane was lifting an 18-ton mud pump engine skid. The front right outrigger pad suddenly sank 30cm into uncompacted sandy soil due to missing steel spreader plates. The crane tilted 12 degrees with load suspended 3 meters in air.",1,0.87,Safe Mechanical Lifting,Physical / Engineering Control,Crane Overturn & Structural Collapse during Critical Heavy Lift,Heavy Rig Equipment Positioning,"Load gently lowered back to ground. Ground load-bearing test conducted, heavy steel mats placed under outrigger pads before re-lift."
OIL-HSE-2025-1217,2026-03-30,Drilling Rig E-1400 - Moran Block,Mechanical Maintenance,Near Miss,Single valve isolation used for entry into Tank 102 while filling line was pressurized,"At Makum Crude Oil Terminal, entry permit was issued for Tank 102 internal lining inspection using only a single closed gate valve isolation on the incoming 16-inch crude inlet header (pressurized at 14 bar). Spectacle blind was not turned to blank position.",1,0.95,Confined Space,Physical / Engineering Control,Catastrophic Hydrocarbon Ingress into Crude Oil Storage Tank,Internal Storage Tank Inspection,Inspectors evacuated from tank immediately. Line de-pressurized and spectacle blind swiveled to spade position prior to re-entry.
OIL-HSE-2025-1218,2026-08-30,Pipeline HQ Pump Station - Sekerkote,Mechanical Maintenance,Unsafe Act,Contract helper wearing safety boots with completely worn-out anti-slip treads,"During safety walk at Moran OCS-2, a contract helper was noticed wearing safety boots where the rubber outsole tread was completely worn smooth, increasing slip risk on oily steel decks.",0,0.26,PPE / Individual Protection,PPE / Individual Protection,Worn-out Safety Boot Soles,Deck Cleaning & Sweeping,New pair of IS 15298 certified anti-slip safety boots issued from stores immediately.
OIL-HSE-2025-1219,2026-04-26,Pipeline HQ Pump Station - Sekerkote,Production Oil & Gas,Unsafe Condition,Portable eyewash bottle solution past expiration date in battery room,"During monthly HSE audit at Pipeline HQ Sekerkote, 500ml sterile eyewash bottle in UPS battery room was found 2 months past expiration date printed on bottle label.",0,0.17,None / Housekeeping,Equipment Integrity / Maintenance,Expired Eyewash Bottle Fluid,Substation Monthly HSE Audit,Expired bottle replaced with fresh sterile saline eyewash pack from first aid stock.
OIL-HSE-2025-1220,2026-04-24,Moran OCS-2 (Oil Collecting Station),Production Oil & Gas,Unsafe Condition,Scaffolding platform supporting 4 workers missing base plates and diagonal bracing,"At Duliajan GGS-3, a 9-meter high tubular scaffolding erected for valve replacement was found missing sole boards, base plates on wet muddy ground, and 60% of diagonal cross-braces. Platform was loaded with heavy chain blocks and valves.",1,0.93,Working at Height,Equipment Integrity / Maintenance,Collapse of Heavy Work Platform Scaffolding,Elevated Manifold Valve Replacement,Red 'UNSAFE - DO NOT USE' tag applied. Workers ordered off platform. Scaffolding dismantled and rebuilt under certified inspector supervision.
OIL-HSE-2025-1221,2026-04-13,Digboi Refinery Area,Pipeline Services,Unsafe Condition,Plastic squeeze wash bottle containing isopropyl alcohol lacked GHS hazard label,"At LPG Plant Duliajan laboratory, a plastic squeeze bottle used for cleaning instrument sensor glass contained IPA solvent but lacked GHS chemical identification label.",0,0.2,None / Housekeeping,Procedural / Administrative,Unlabeled Chemical Wash Bottle,Lab Analytics & Glassware Cleaning,Standard GHS chemical sticker printed and attached showing solvent name and flammability pictogram.
OIL-HSE-2025-1222,2026-05-14,Pipeline HQ Pump Station - Sekerkote,Pipeline Services,Incident Report,Minor hand pinch while tightening flange bolt with combination spanner,"At Duliajan GGS-1, a mechanic slipped hand off a 24mm combination spanner while tightening a low-pressure water line bracket, pinching finger against pipe support. Resulted in minor skin abrasion on left index finger. First aid applied.",0,0.25,Line of Fire,PPE / Individual Protection,Minor Hand Pinched by Hand Tool,Water Line Bracket Tightening,First aid dressing applied. Advised worker to use correct posture and impact-resistant mechanics gloves.
OIL-HSE-2025-1223,2026-07-05,Rajasthan Project Drilling Rig #3 (Jaisalmer),Electrical & Instrumentation,Unsafe Condition,High-pressure separator ESD trip valve jumpered out without management override authorization,"During routine HSE audit at Moran OCS-2, auditors discovered that the high-pressure trip sensor (PSHH-204) on Crude Separator-2 had been bypassed using an electrical jumper wire on the PLC panel to prevent nuisance tripping during flow surges, leaving vessel vulnerable to catastrophic over-pressurization.",1,0.92,Bypassing Safety Controls,Supervisory & Management Controls,Defeated Emergency Pressure Shut Down (ESD) Interlock,Oil Separation & Normal Operations,Jumper removed immediately. Emergency shutdown logic restored. Management Change (MOC) review initiated against shift engineer.
OIL-HSE-2025-1224,2026-06-06,Drilling Rig E-1400 - Moran Block,Electrical & Instrumentation,Unsafe Condition,Extension power cord laid across walkway without rubber cable crossover ramps,"At Moran OCS-2 office annex, an electrical extension cord for temporary lighting was routed across the main pedestrian corridor without rubber cable protection ramps, posing a trip hazard.",0,0.18,None / Housekeeping,Procedural / Administrative,Minor Trip Hazard from Loose Cables,Temporary Lighting Wiring,Cable rerouted overhead and rubber floor cable protection covers installed.
OIL-HSE-2025-1225,2026-03-22,Duliajan GGS-1 (Gas Gathering Station),Production Oil & Gas,Unsafe Condition,High-pressure separator ESD trip valve jumpered out without management override authorization,"During routine HSE audit at Moran OCS-2, auditors discovered that the high-pressure trip sensor (PSHH-204) on Crude Separator-2 had been bypassed using an electrical jumper wire on the PLC panel to prevent nuisance tripping during flow surges, leaving vessel vulnerable to catastrophic over-pressurization.",1,0.92,Bypassing Safety Controls,Supervisory & Management Controls,Defeated Emergency Pressure Shut Down (ESD) Interlock,Oil Separation & Normal Operations,Jumper removed immediately. Emergency shutdown logic restored. Management Change (MOC) review initiated against shift engineer.
OIL-HSE-2025-1226,2026-05-20,Jorhat Compressor Station #5,Production Oil & Gas,Unsafe Condition,Extension power cord laid across walkway without rubber cable crossover ramps,"At Moran OCS-2 office annex, an electrical extension cord for temporary lighting was routed across the main pedestrian corridor without rubber cable protection ramps, posing a trip hazard.",0,0.19,None / Housekeeping,Procedural / Administrative,Minor Trip Hazard from Loose Cables,Temporary Lighting Wiring,Cable rerouted overhead and rubber floor cable protection covers installed.
OIL-HSE-2025-1227,2026-08-22,Duliajan GGS-3 (Gas Gathering Station),Drilling & Workover,Unsafe Condition,Small outer insulation scuff on 24V secondary welding return cable,"At Duliajan GGS-3 fabrication yard, rubber outer jacket of a 24V welding machine ground clamp cable had a 2cm scuff. Inner copper wire was intact and dry.",0,0.2,Hot Work,Equipment Integrity / Maintenance,Minor Insulation Tear on Low-Voltage Welding Lead,Workshop Structural Pipe Welding,Cable wrapped with heavy-duty vulcanizing electrical insulation tape.
OIL-HSE-2025-1228,2026-09-01,Duliajan GGS-1 (Gas Gathering Station),Drilling & Workover,Incident Report,Store helper received minor wood splinter on palm while carrying wooden pallet without leather gloves,"At Duliajan Main Stores, a material handler lifted a rough wooden pallet without wearing leather cotton-backed work gloves, receiving a minor timber splinter in left palm.",0,0.22,Line of Fire,PPE / Individual Protection,Splinter Scratch from Unhandled Wooden Pallet,Warehouse Material Stacking,"Splinter removed using sterile tweezers, antiseptic swab applied. Hand gloves usage re-emphasized."
OIL-HSE-2025-1229,2026-07-13,Duliajan GGS-1 (Gas Gathering Station),Pipeline Services,Unsafe Act,Contract helper wearing safety boots with completely worn-out anti-slip treads,"During safety walk at Moran OCS-2, a contract helper was noticed wearing safety boots where the rubber outsole tread was completely worn smooth, increasing slip risk on oily steel decks.",0,0.29,PPE / Individual Protection,PPE / Individual Protection,Worn-out Safety Boot Soles,Deck Cleaning & Sweeping,New pair of IS 15298 certified anti-slip safety boots issued from stores immediately.
OIL-HSE-2025-1230,2026-07-13,Digboi Refinery Area,HSE & Fire Safety,Incident Report,Store helper received minor wood splinter on palm while carrying wooden pallet without leather gloves,"At Duliajan Main Stores, a material handler lifted a rough wooden pallet without wearing leather cotton-backed work gloves, receiving a minor timber splinter in left palm.",0,0.22,Line of Fire,PPE / Individual Protection,Splinter Scratch from Unhandled Wooden Pallet,Warehouse Material Stacking,"Splinter removed using sterile tweezers, antiseptic swab applied. Hand gloves usage re-emphasized."
OIL-HSE-2025-1231,2026-05-28,Moran OCS-2 (Oil Collecting Station),Production Oil & Gas,Near Miss,50-Ton Mobile Crane outriggers sank into uncompacted soil during 18-ton mud pump lift,"At Rajasthan Project Rig #3 (Jaisalmer), a 50-ton hydraulic mobile crane was lifting an 18-ton mud pump engine skid. The front right outrigger pad suddenly sank 30cm into uncompacted sandy soil due to missing steel spreader plates. The crane tilted 12 degrees with load suspended 3 meters in air.",1,0.87,Safe Mechanical Lifting,Physical / Engineering Control,Crane Overturn & Structural Collapse during Critical Heavy Lift,Heavy Rig Equipment Positioning,"Load gently lowered back to ground. Ground load-bearing test conducted, heavy steel mats placed under outrigger pads before re-lift."
OIL-HSE-2025-1232,2026-08-06,Drilling Rig E-1400 - Moran Block,Pipeline Services,Unsafe Condition,Portable eyewash bottle solution past expiration date in battery room,"During monthly HSE audit at Pipeline HQ Sekerkote, 500ml sterile eyewash bottle in UPS battery room was found 2 months past expiration date printed on bottle label.",0,0.16,None / Housekeeping,Equipment Integrity / Maintenance,Expired Eyewash Bottle Fluid,Substation Monthly HSE Audit,Expired bottle replaced with fresh sterile saline eyewash pack from first aid stock.
OIL-HSE-2025-1233,2026-03-28,LPG Plant Duliajan,Mechanical Maintenance,Incident Report,Store helper received minor wood splinter on palm while carrying wooden pallet without leather gloves,"At Duliajan Main Stores, a material handler lifted a rough wooden pallet without wearing leather cotton-backed work gloves, receiving a minor timber splinter in left palm.",0,0.2,Line of Fire,PPE / Individual Protection,Splinter Scratch from Unhandled Wooden Pallet,Warehouse Material Stacking,"Splinter removed using sterile tweezers, antiseptic swab applied. Hand gloves usage re-emphasized."
OIL-HSE-2025-1234,2026-09-06,Rajasthan Project Drilling Rig #3 (Jaisalmer),Civil & Logistics,Unsafe Condition,Portable eyewash bottle solution past expiration date in battery room,"During monthly HSE audit at Pipeline HQ Sekerkote, 500ml sterile eyewash bottle in UPS battery room was found 2 months past expiration date printed on bottle label.",0,0.18,None / Housekeeping,Equipment Integrity / Maintenance,Expired Eyewash Bottle Fluid,Substation Monthly HSE Audit,Expired bottle replaced with fresh sterile saline eyewash pack from first aid stock.
OIL-HSE-2025-1235,2026-05-07,Moran OCS-2 (Oil Collecting Station),Electrical & Instrumentation,Unsafe Condition,Caution sign for eye protection faded near grinding bench,"At Workover Rig #14 workshop, mandatory PPE warning sign ('Wear Safety Goggles') near bench grinder was severely faded due to sunlight exposure and hard to read.",0,0.11,None / Housekeeping,Procedural / Administrative,Safety Signage Faded by Sun Exposure,Workshop Maintenance,New high-visibility reflective vinyl warning sign installed.
OIL-HSE-2025-1236,2026-05-30,Duliajan GGS-1 (Gas Gathering Station),Drilling & Workover,Unsafe Condition,Toe-board missing on ground-level valve pit access platform,"At Digboi Refinery Area, 100cm high handrail around valve pit #4 was missing a 10cm toe-board, allowing small hand tools to potentially roll into the shallow 1-meter deep pit.",0,0.24,Working at Height,Physical / Engineering Control,Missing Handrail Toe Board on Walkway,Valve Pit Inspection,Yellow steel toe-board fabricated and bolted to platform guardrail.
OIL-HSE-2025-1237,2026-07-14,Pipeline HQ Pump Station - Sekerkote,Electrical & Instrumentation,Incident Report,Store helper received minor wood splinter on palm while carrying wooden pallet without leather gloves,"At Duliajan Main Stores, a material handler lifted a rough wooden pallet without wearing leather cotton-backed work gloves, receiving a minor timber splinter in left palm.",0,0.19,Line of Fire,PPE / Individual Protection,Splinter Scratch from Unhandled Wooden Pallet,Warehouse Material Stacking,"Splinter removed using sterile tweezers, antiseptic swab applied. Hand gloves usage re-emphasized."
OIL-HSE-2025-1238,2026-08-19,Pipeline HQ Pump Station - Sekerkote,Mechanical Maintenance,Unsafe Act,Contract helper wearing safety boots with completely worn-out anti-slip treads,"During safety walk at Moran OCS-2, a contract helper was noticed wearing safety boots where the rubber outsole tread was completely worn smooth, increasing slip risk on oily steel decks.",0,0.27,PPE / Individual Protection,PPE / Individual Protection,Worn-out Safety Boot Soles,Deck Cleaning & Sweeping,New pair of IS 15298 certified anti-slip safety boots issued from stores immediately.
OIL-HSE-2025-1239,2026-06-20,Workover Rig #14 - Field Site Duliajan,Pipeline Services,Unsafe Act,Technician left 10-inch adjustable wrench on stepladder top tray while taking lunch break,"At Digboi Refinery electrical shed, an electrician left an adjustable wrench on top of a 6-ft aluminum stepladder while stepping away for lunch break.",0,0.24,Line of Fire,Procedural / Administrative,Improper Storage of Hand Tools on Ladder Rung,Light Fixture Replacement,Wrench removed and placed in electrician tool pouch. Electrician counseled on tool drop prevention.
OIL-HSE-2025-1240,2026-04-21,Jorhat Compressor Station #5,Electrical & Instrumentation,Unsafe Condition,Portable eyewash bottle solution past expiration date in battery room,"During monthly HSE audit at Pipeline HQ Sekerkote, 500ml sterile eyewash bottle in UPS battery room was found 2 months past expiration date printed on bottle label.",0,0.16,None / Housekeeping,Equipment Integrity / Maintenance,Expired Eyewash Bottle Fluid,Substation Monthly HSE Audit,Expired bottle replaced with fresh sterile saline eyewash pack from first aid stock.
OIL-HSE-2025-1241,2026-07-06,LPG Plant Duliajan,Civil & Logistics,Unsafe Condition,Portable eyewash bottle solution past expiration date in battery room,"During monthly HSE audit at Pipeline HQ Sekerkote, 500ml sterile eyewash bottle in UPS battery room was found 2 months past expiration date printed on bottle label.",0,0.15,None / Housekeeping,Equipment Integrity / Maintenance,Expired Eyewash Bottle Fluid,Substation Monthly HSE Audit,Expired bottle replaced with fresh sterile saline eyewash pack from first aid stock.
OIL-HSE-2025-1242,2026-05-17,LPG Plant Duliajan,Pipeline Services,Unsafe Condition,Small outer insulation scuff on 24V secondary welding return cable,"At Duliajan GGS-3 fabrication yard, rubber outer jacket of a 24V welding machine ground clamp cable had a 2cm scuff. Inner copper wire was intact and dry.",0,0.19,Hot Work,Equipment Integrity / Maintenance,Minor Insulation Tear on Low-Voltage Welding Lead,Workshop Structural Pipe Welding,Cable wrapped with heavy-duty vulcanizing electrical insulation tape.
OIL-HSE-2025-1243,2026-07-07,Digboi Refinery Area,Civil & Logistics,Unsafe Condition,LOTO key box tag number slightly smudged on lockout station cabinet,"At Moran OCS-2, paper identification label on isolation lockout box #12 was smudged by grease, making lock serial number 4821 appear like 4827.",0,0.28,Energy Isolation,Procedural / Administrative,LOTO Padlock Master Key Tagging Error,LOTO Station Maintenance,Label replaced with laminated industrial barcode tag.
OIL-HSE-2025-1244,2026-04-16,Workover Rig #14 - Field Site Duliajan,Electrical & Instrumentation,Unsafe Condition,Front right tire pressure low (18 PSI vs recommended 32 PSI) on field utility truck,"At Rajasthan Project (Jaisalmer), driver noticed utility pickup pulling slightly right. Pressure check showed 18 PSI due to slow nail puncture.",0,0.18,Driving,Equipment Integrity / Maintenance,Low Tire Pressure in Field Utility Vehicle,Field Transport,Spare tire mounted; damaged tire sent for vulcanizing repair.
OIL-HSE-2025-1245,2026-08-09,LPG Plant Duliajan,Drilling & Workover,Unsafe Condition,Toe-board missing on ground-level valve pit access platform,"At Digboi Refinery Area, 100cm high handrail around valve pit #4 was missing a 10cm toe-board, allowing small hand tools to potentially roll into the shallow 1-meter deep pit.",0,0.2,Working at Height,Physical / Engineering Control,Missing Handrail Toe Board on Walkway,Valve Pit Inspection,Yellow steel toe-board fabricated and bolted to platform guardrail.
OIL-HSE-2025-1246,2026-04-21,Duliajan GGS-1 (Gas Gathering Station),Production Oil & Gas,Unsafe Act,Technician left 10-inch adjustable wrench on stepladder top tray while taking lunch break,"At Digboi Refinery electrical shed, an electrician left an adjustable wrench on top of a 6-ft aluminum stepladder while stepping away for lunch break.",0,0.23,Line of Fire,Procedural / Administrative,Improper Storage of Hand Tools on Ladder Rung,Light Fixture Replacement,Wrench removed and placed in electrician tool pouch. Electrician counseled on tool drop prevention.
OIL-HSE-2025-1247,2026-06-03,Workover Rig #14 - Field Site Duliajan,Civil & Logistics,Unsafe Condition,Toe-board missing on ground-level valve pit access platform,"At Digboi Refinery Area, 100cm high handrail around valve pit #4 was missing a 10cm toe-board, allowing small hand tools to potentially roll into the shallow 1-meter deep pit.",0,0.23,Working at Height,Physical / Engineering Control,Missing Handrail Toe Board on Walkway,Valve Pit Inspection,Yellow steel toe-board fabricated and bolted to platform guardrail.
OIL-HSE-2025-1248,2026-07-16,Duliajan GGS-3 (Gas Gathering Station),Drilling & Workover,Near Miss,Heavy Crude bowser trailer lost brakes on steep incline near Digboi Hills,"A contract crude oil tanker (32,000L capacity) suffered brake fade while descending a 12% grade oilfield access road near Digboi oilfields. Vehicle swerved into emergency runaway ramp, narrowly avoiding rollover into populated village creek. Inspection revealed non-functional trailer brake shoes.",1,0.88,Driving,Procedural / Administrative,Heavy Explosive/Hydrocarbon Tanker Rollover on Narrow Oilfield Road,Crude Oil Road Transportation,Tanker impounded. Contractor vehicle fitness audit initiated across all crude bowser fleets.
OIL-HSE-2025-1249,2026-08-25,Jorhat Compressor Station #5,Mechanical Maintenance,Unsafe Condition,Small outer insulation scuff on 24V secondary welding return cable,"At Duliajan GGS-3 fabrication yard, rubber outer jacket of a 24V welding machine ground clamp cable had a 2cm scuff. Inner copper wire was intact and dry.",0,0.21,Hot Work,Equipment Integrity / Maintenance,Minor Insulation Tear on Low-Voltage Welding Lead,Workshop Structural Pipe Welding,Cable wrapped with heavy-duty vulcanizing electrical insulation tape.
OIL-HSE-2025-1250,2026-08-21,Duliajan GGS-3 (Gas Gathering Station),Civil & Logistics,Unsafe Condition,11kV Substation breaker racking mechanism jammed open with exposed live busbars,"At Duliajan Main Substation, during maintenance of 11kV Feeder Breaker #4, the mechanical interlock jammed halfway while racking out breaker. The shutter mechanism failed to close, leaving 11,000V energized busbars fully exposed while technicians were working inside cabinet.",1,0.92,Energy Isolation,Equipment Integrity / Maintenance,High Voltage Electrical Flashover / Arc Blast Potential,High Voltage Switchgear Maintenance,Substation upstream transformer opened and grounded. Shutter mechanism repaired and retrofitted with secondary physical barrier.
OIL-HSE-2025-1251,2026-03-27,Duliajan GGS-1 (Gas Gathering Station),Electrical & Instrumentation,Unsafe Condition,Caution sign for eye protection faded near grinding bench,"At Workover Rig #14 workshop, mandatory PPE warning sign ('Wear Safety Goggles') near bench grinder was severely faded due to sunlight exposure and hard to read.",0,0.12,None / Housekeeping,Procedural / Administrative,Safety Signage Faded by Sun Exposure,Workshop Maintenance,New high-visibility reflective vinyl warning sign installed.
OIL-HSE-2025-1252,2026-09-05,Drilling Rig E-1400 - Moran Block,Electrical & Instrumentation,Unsafe Condition,Front right tire pressure low (18 PSI vs recommended 32 PSI) on field utility truck,"At Rajasthan Project (Jaisalmer), driver noticed utility pickup pulling slightly right. Pressure check showed 18 PSI due to slow nail puncture.",0,0.15,Driving,Equipment Integrity / Maintenance,Low Tire Pressure in Field Utility Vehicle,Field Transport,Spare tire mounted; damaged tire sent for vulcanizing repair.
OIL-HSE-2025-1253,2026-04-05,Moran OCS-2 (Oil Collecting Station),Mechanical Maintenance,Unsafe Condition,Rainwater accumulation near control room steps due to clogged drain spout,"At Jorhat Compressor Station #5, heavy rain caused a 5cm deep rainwater puddle near control room entry steps because roof downspout drain was blocked with dry leaves.",0,0.22,None / Housekeeping,Procedural / Administrative,Water Puddle near Office Walkway Entrance,Routine Facilities Maintenance,Drain spout cleared of leaves. Wet floor warning sign placed until concrete dried.
OIL-HSE-2025-1254,2026-08-08,Pipeline HQ Pump Station - Sekerkote,Pipeline Services,Unsafe Act,Contract helper wearing safety boots with completely worn-out anti-slip treads,"During safety walk at Moran OCS-2, a contract helper was noticed wearing safety boots where the rubber outsole tread was completely worn smooth, increasing slip risk on oily steel decks.",0,0.27,PPE / Individual Protection,PPE / Individual Protection,Worn-out Safety Boot Soles,Deck Cleaning & Sweeping,New pair of IS 15298 certified anti-slip safety boots issued from stores immediately.
OIL-HSE-2025-1255,2026-05-11,KG Basin Offshore Base (Kakinada),HSE & Fire Safety,Unsafe Act,Contract helper wearing safety boots with completely worn-out anti-slip treads,"During safety walk at Moran OCS-2, a contract helper was noticed wearing safety boots where the rubber outsole tread was completely worn smooth, increasing slip risk on oily steel decks.",0,0.28,PPE / Individual Protection,PPE / Individual Protection,Worn-out Safety Boot Soles,Deck Cleaning & Sweeping,New pair of IS 15298 certified anti-slip safety boots issued from stores immediately.
OIL-HSE-2025-1256,2026-08-30,Rajasthan Project Drilling Rig #3 (Jaisalmer),Drilling & Workover,Unsafe Condition,Front right tire pressure low (18 PSI vs recommended 32 PSI) on field utility truck,"At Rajasthan Project (Jaisalmer), driver noticed utility pickup pulling slightly right. Pressure check showed 18 PSI due to slow nail puncture.",0,0.16,Driving,Equipment Integrity / Maintenance,Low Tire Pressure in Field Utility Vehicle,Field Transport,Spare tire mounted; damaged tire sent for vulcanizing repair.
OIL-HSE-2025-1257,2026-08-07,Workover Rig #14 - Field Site Duliajan,HSE & Fire Safety,Unsafe Condition,Oily cotton waste discarded in plastic bin instead of metal self-closing bin,"At LPG Plant Duliajan mechanical workshop, oily cotton rags used for cleaning pump casings were thrown into an open plastic trash bin rather than designated heavy-duty self-closing metal fire-safe bins.",0,0.17,None / Housekeeping,Procedural / Administrative,Oily Rag Storage in Non-Approved Container,Workshop Equipment Wipedown,Rags transferred to designated red metal oily-waste bin. Tool box talk conducted on spontaneous combustion risks.
OIL-HSE-2025-1258,2026-04-13,Jorhat Compressor Station #5,Mechanical Maintenance,Unsafe Condition,Front right tire pressure low (18 PSI vs recommended 32 PSI) on field utility truck,"At Rajasthan Project (Jaisalmer), driver noticed utility pickup pulling slightly right. Pressure check showed 18 PSI due to slow nail puncture.",0,0.18,Driving,Equipment Integrity / Maintenance,Low Tire Pressure in Field Utility Vehicle,Field Transport,Spare tire mounted; damaged tire sent for vulcanizing repair.
OIL-HSE-2025-1259,2026-07-31,LPG Plant Duliajan,HSE & Fire Safety,Unsafe Condition,Small outer insulation scuff on 24V secondary welding return cable,"At Duliajan GGS-3 fabrication yard, rubber outer jacket of a 24V welding machine ground clamp cable had a 2cm scuff. Inner copper wire was intact and dry.",0,0.19,Hot Work,Equipment Integrity / Maintenance,Minor Insulation Tear on Low-Voltage Welding Lead,Workshop Structural Pipe Welding,Cable wrapped with heavy-duty vulcanizing electrical insulation tape.
OIL-HSE-2025-1260,2026-06-16,Duliajan GGS-1 (Gas Gathering Station),HSE & Fire Safety,Unsafe Condition,Left rear tail light bulb fused on field inspection Bolero vehicle,"During daily pre-trip inspection at Duliajan Field Operations, HSE marshal noted that the left rear tail light and brake light on inspection vehicle AS-06-X-1234 were inoperative.",0,0.29,Driving,Equipment Integrity / Maintenance,Non-Functional Tail Light on Pickup Van,Pre-Trip Vehicle Inspection,Vehicle sent to transport workshop for immediate bulb replacement before field deployment.
OIL-HSE-2025-1261,2026-08-15,LPG Plant Duliajan,Pipeline Services,Unsafe Act,Contract worker attempted entry into Slop Tank #3 without gas testing or standby attendant,"At Moran OCS-2, a contractor cleaner was observed lowering a ladder into Slop Tank #3 (classified confined space) to clean sludge without conducting pre-entry gas testing for H2S/LEL or having a trained standby attendant with SCBA present. Tank had been isolated only 2 hours prior and contained residual sour crude hydrocarbon vapors.",1,0.95,Confined Space,Procedural / Administrative,Toxic H2S Gas Exposure & Oxygen Deficiency in Closed Vessel,Slop Tank Internal Desludging,Worker halted immediately prior to entry. Work permit suspended; gas test conducted showing 18 ppm H2S (above STEL limit). Forced draft ventilation installed.
OIL-HSE-2025-1262,2026-04-13,Jorhat Compressor Station #5,Mechanical Maintenance,Unsafe Condition,Portable eyewash bottle solution past expiration date in battery room,"During monthly HSE audit at Pipeline HQ Sekerkote, 500ml sterile eyewash bottle in UPS battery room was found 2 months past expiration date printed on bottle label.",0,0.15,None / Housekeeping,Equipment Integrity / Maintenance,Expired Eyewash Bottle Fluid,Substation Monthly HSE Audit,Expired bottle replaced with fresh sterile saline eyewash pack from first aid stock.
OIL-HSE-2025-1263,2026-08-30,Drilling Rig E-1400 - Moran Block,Electrical & Instrumentation,Incident Report,Store helper received minor wood splinter on palm while carrying wooden pallet without leather gloves,"At Duliajan Main Stores, a material handler lifted a rough wooden pallet without wearing leather cotton-backed work gloves, receiving a minor timber splinter in left palm.",0,0.22,Line of Fire,PPE / Individual Protection,Splinter Scratch from Unhandled Wooden Pallet,Warehouse Material Stacking,"Splinter removed using sterile tweezers, antiseptic swab applied. Hand gloves usage re-emphasized."
OIL-HSE-2025-1264,2026-04-25,Drilling Rig E-1400 - Moran Block,Drilling & Workover,Unsafe Act,Instrument technician unhooked safety harness dual lanyard at 22m flare stack elevation,"At Duliajan LPG Plant, an instrument technician working at a height of 22 meters on the main flare stack platform unhooked both lanyards of his full-body harness simultaneously to reach a pressure transmitter on an outboard beam without a lifeline installed. Gusty wind conditions prevailed.",1,0.89,Working at Height,PPE / Individual Protection,Unanchored High Fall Hazard from Flare Stack Platform,Flare Stack Pressure Transmitter Calibration,"Technician instructed to secure self immediately. Work stopped, temporary retractable wire rope fall arrest lifeline installed before resuming."
OIL-HSE-2025-1265,2026-09-03,KG Basin Offshore Base (Kakinada),Civil & Logistics,Unsafe Condition,Caution sign for eye protection faded near grinding bench,"At Workover Rig #14 workshop, mandatory PPE warning sign ('Wear Safety Goggles') near bench grinder was severely faded due to sunlight exposure and hard to read.",0,0.11,None / Housekeeping,Procedural / Administrative,Safety Signage Faded by Sun Exposure,Workshop Maintenance,New high-visibility reflective vinyl warning sign installed.
OIL-HSE-2025-1266,2026-09-07,Pipeline HQ Pump Station - Sekerkote,HSE & Fire Safety,Incident Report,Minor hand pinch while tightening flange bolt with combination spanner,"At Duliajan GGS-1, a mechanic slipped hand off a 24mm combination spanner while tightening a low-pressure water line bracket, pinching finger against pipe support. Resulted in minor skin abrasion on left index finger. First aid applied.",0,0.24,Line of Fire,PPE / Individual Protection,Minor Hand Pinched by Hand Tool,Water Line Bracket Tightening,First aid dressing applied. Advised worker to use correct posture and impact-resistant mechanics gloves.
OIL-HSE-2025-1267,2026-04-28,Digboi Refinery Area,Pipeline Services,Unsafe Condition,Left rear tail light bulb fused on field inspection Bolero vehicle,"During daily pre-trip inspection at Duliajan Field Operations, HSE marshal noted that the left rear tail light and brake light on inspection vehicle AS-06-X-1234 were inoperative.",0,0.29,Driving,Equipment Integrity / Maintenance,Non-Functional Tail Light on Pickup Van,Pre-Trip Vehicle Inspection,Vehicle sent to transport workshop for immediate bulb replacement before field deployment.
OIL-HSE-2025-1268,2026-03-29,KG Basin Offshore Base (Kakinada),Production Oil & Gas,Unsafe Condition,Small outer insulation scuff on 24V secondary welding return cable,"At Duliajan GGS-3 fabrication yard, rubber outer jacket of a 24V welding machine ground clamp cable had a 2cm scuff. Inner copper wire was intact and dry.",0,0.2,Hot Work,Equipment Integrity / Maintenance,Minor Insulation Tear on Low-Voltage Welding Lead,Workshop Structural Pipe Welding,Cable wrapped with heavy-duty vulcanizing electrical insulation tape.
OIL-HSE-2025-1269,2026-08-11,Digboi Refinery Area,Electrical & Instrumentation,Near Miss,Flange broke open on live gas line mistaking it for depressurized drain line,"At Jorhat Compressor Station #5, maintenance crew loosened all flange bolts on a 6-inch fuel gas feed pipe under 25 bar pressure, having misidentified it for the depressurized nitrogen purge line due to missing line tags. As flange gap widened, gas started escaping under high velocity.",1,0.89,System Opening,Procedural / Administrative,Pressurized Toxic Hydrocarbon Spray on Operators,Fuel Gas Filter Replacement,Workers evacuated area instantly. Main ESD valve activated. Line tagged properly and positive isolation (blind spade) installed.
OIL-HSE-2025-1270,2026-04-12,Makum Crude Oil Storage Terminal,HSE & Fire Safety,Unsafe Condition,Portable eyewash bottle solution past expiration date in battery room,"During monthly HSE audit at Pipeline HQ Sekerkote, 500ml sterile eyewash bottle in UPS battery room was found 2 months past expiration date printed on bottle label.",0,0.17,None / Housekeeping,Equipment Integrity / Maintenance,Expired Eyewash Bottle Fluid,Substation Monthly HSE Audit,Expired bottle replaced with fresh sterile saline eyewash pack from first aid stock.
OIL-HSE-2025-1271,2026-07-10,Digboi Refinery Area,Civil & Logistics,Unsafe Condition,Small outer insulation scuff on 24V secondary welding return cable,"At Duliajan GGS-3 fabrication yard, rubber outer jacket of a 24V welding machine ground clamp cable had a 2cm scuff. Inner copper wire was intact and dry.",0,0.2,Hot Work,Equipment Integrity / Maintenance,Minor Insulation Tear on Low-Voltage Welding Lead,Workshop Structural Pipe Welding,Cable wrapped with heavy-duty vulcanizing electrical insulation tape.
OIL-HSE-2025-1272,2026-03-19,Pipeline HQ Pump Station - Sekerkote,HSE & Fire Safety,Incident Report,Store helper received minor wood splinter on palm while carrying wooden pallet without leather gloves,"At Duliajan Main Stores, a material handler lifted a rough wooden pallet without wearing leather cotton-backed work gloves, receiving a minor timber splinter in left palm.",0,0.22,Line of Fire,PPE / Individual Protection,Splinter Scratch from Unhandled Wooden Pallet,Warehouse Material Stacking,"Splinter removed using sterile tweezers, antiseptic swab applied. Hand gloves usage re-emphasized."
OIL-HSE-2025-1273,2026-07-15,Drilling Rig E-1400 - Moran Block,Civil & Logistics,Unsafe Condition,Left rear tail light bulb fused on field inspection Bolero vehicle,"During daily pre-trip inspection at Duliajan Field Operations, HSE marshal noted that the left rear tail light and brake light on inspection vehicle AS-06-X-1234 were inoperative.",0,0.32,Driving,Equipment Integrity / Maintenance,Non-Functional Tail Light on Pickup Van,Pre-Trip Vehicle Inspection,Vehicle sent to transport workshop for immediate bulb replacement before field deployment.
OIL-HSE-2025-1274,2026-05-02,Jorhat Compressor Station #5,Mechanical Maintenance,Unsafe Condition,LOTO key box tag number slightly smudged on lockout station cabinet,"At Moran OCS-2, paper identification label on isolation lockout box #12 was smudged by grease, making lock serial number 4821 appear like 4827.",0,0.27,Energy Isolation,Procedural / Administrative,LOTO Padlock Master Key Tagging Error,LOTO Station Maintenance,Label replaced with laminated industrial barcode tag.
OIL-HSE-2025-1275,2026-05-06,Makum Crude Oil Storage Terminal,Drilling & Workover,Unsafe Condition,Portable eyewash bottle solution past expiration date in battery room,"During monthly HSE audit at Pipeline HQ Sekerkote, 500ml sterile eyewash bottle in UPS battery room was found 2 months past expiration date printed on bottle label.",0,0.17,None / Housekeeping,Equipment Integrity / Maintenance,Expired Eyewash Bottle Fluid,Substation Monthly HSE Audit,Expired bottle replaced with fresh sterile saline eyewash pack from first aid stock.
OIL-HSE-2025-1276,2026-04-22,Drilling Rig E-1400 - Moran Block,HSE & Fire Safety,Unsafe Condition,Oily cotton waste discarded in plastic bin instead of metal self-closing bin,"At LPG Plant Duliajan mechanical workshop, oily cotton rags used for cleaning pump casings were thrown into an open plastic trash bin rather than designated heavy-duty self-closing metal fire-safe bins.",0,0.16,None / Housekeeping,Procedural / Administrative,Oily Rag Storage in Non-Approved Container,Workshop Equipment Wipedown,Rags transferred to designated red metal oily-waste bin. Tool box talk conducted on spontaneous combustion risks.
OIL-HSE-2025-1277,2026-07-21,Digboi Refinery Area,Production Oil & Gas,Near Miss,Frayed wire rope sling snapped partially during 4.5-ton casing pipe lift on derrick floor,"At Workover Rig #14 Duliajan, while hoisting a bundle of 4.5-inch drill pipes (approx 4.5 tons) to the monkey board, one of the strands on the wire rope sling parted with a sharp popping sound. The load swung violently over the drill floor where three roughnecks were standing. Fortunately, safety latch held and workers scrambled out of the drop zone.",1,0.92,Line of Fire,Equipment Integrity / Maintenance,Dropped Heavy Tubular Potential from Height,Pipe Hoisting to Derrick Monkey Board,"Lift suspended. Defective sling removed from service, quarantined, and destroyed. Complete load-lifting tackle inspection enforced."
OIL-HSE-2025-1278,2026-08-01,KG Basin Offshore Base (Kakinada),Electrical & Instrumentation,Unsafe Condition,Plastic squeeze wash bottle containing isopropyl alcohol lacked GHS hazard label,"At LPG Plant Duliajan laboratory, a plastic squeeze bottle used for cleaning instrument sensor glass contained IPA solvent but lacked GHS chemical identification label.",0,0.19,None / Housekeeping,Procedural / Administrative,Unlabeled Chemical Wash Bottle,Lab Analytics & Glassware Cleaning,Standard GHS chemical sticker printed and attached showing solvent name and flammability pictogram.
OIL-HSE-2025-1279,2026-07-29,Pipeline HQ Pump Station - Sekerkote,Civil & Logistics,Unsafe Condition,Left rear tail light bulb fused on field inspection Bolero vehicle,"During daily pre-trip inspection at Duliajan Field Operations, HSE marshal noted that the left rear tail light and brake light on inspection vehicle AS-06-X-1234 were inoperative.",0,0.31,Driving,Equipment Integrity / Maintenance,Non-Functional Tail Light on Pickup Van,Pre-Trip Vehicle Inspection,Vehicle sent to transport workshop for immediate bulb replacement before field deployment.
OIL-HSE-2025-1280,2026-07-16,Jorhat Compressor Station #5,Mechanical Maintenance,Unsafe Act,Technician left 10-inch adjustable wrench on stepladder top tray while taking lunch break,"At Digboi Refinery electrical shed, an electrician left an adjustable wrench on top of a 6-ft aluminum stepladder while stepping away for lunch break.",0,0.22,Line of Fire,Procedural / Administrative,Improper Storage of Hand Tools on Ladder Rung,Light Fixture Replacement,Wrench removed and placed in electrician tool pouch. Electrician counseled on tool drop prevention.
OIL-HSE-2025-1281,2026-09-01,LPG Plant Duliajan,Production Oil & Gas,Unsafe Condition,High-pressure separator ESD trip valve jumpered out without management override authorization,"During routine HSE audit at Moran OCS-2, auditors discovered that the high-pressure trip sensor (PSHH-204) on Crude Separator-2 had been bypassed using an electrical jumper wire on the PLC panel to prevent nuisance tripping during flow surges, leaving vessel vulnerable to catastrophic over-pressurization.",1,0.92,Bypassing Safety Controls,Supervisory & Management Controls,Defeated Emergency Pressure Shut Down (ESD) Interlock,Oil Separation & Normal Operations,Jumper removed immediately. Emergency shutdown logic restored. Management Change (MOC) review initiated against shift engineer.
OIL-HSE-2025-1282,2026-06-27,Workover Rig #14 - Field Site Duliajan,Civil & Logistics,Near Miss,Lift of 12-ton BOP stack attempted using unrated web slings attached to sharp flange edges,"At Workover Rig #14, rig crew attempted to lift a 12-ton Blowout Preventer (BOP) stack using synthetic webbing slings wrapped directly around sharp metal flange corners without protective corner guards or shackles.",1,0.89,Safe Mechanical Lifting,Procedural / Administrative,Rigging Failure & Dropped Blowout Preventer (BOP) Stack,BOP Stack Nipple-Up Operation,Lift stopped immediately before load cleared substructure. Rigging switched to certified wire rope slings with softeners and rated shackles.
OIL-HSE-2025-1283,2026-06-06,Duliajan GGS-1 (Gas Gathering Station),Civil & Logistics,Near Miss,Frayed wire rope sling snapped partially during 4.5-ton casing pipe lift on derrick floor,"At Workover Rig #14 Duliajan, while hoisting a bundle of 4.5-inch drill pipes (approx 4.5 tons) to the monkey board, one of the strands on the wire rope sling parted with a sharp popping sound. The load swung violently over the drill floor where three roughnecks were standing. Fortunately, safety latch held and workers scrambled out of the drop zone.",1,0.9,Line of Fire,Equipment Integrity / Maintenance,Dropped Heavy Tubular Potential from Height,Pipe Hoisting to Derrick Monkey Board,"Lift suspended. Defective sling removed from service, quarantined, and destroyed. Complete load-lifting tackle inspection enforced."
OIL-HSE-2025-1284,2026-08-06,Pipeline HQ Pump Station - Sekerkote,HSE & Fire Safety,Unsafe Condition,Left rear tail light bulb fused on field inspection Bolero vehicle,"During daily pre-trip inspection at Duliajan Field Operations, HSE marshal noted that the left rear tail light and brake light on inspection vehicle AS-06-X-1234 were inoperative.",0,0.32,Driving,Equipment Integrity / Maintenance,Non-Functional Tail Light on Pickup Van,Pre-Trip Vehicle Inspection,Vehicle sent to transport workshop for immediate bulb replacement before field deployment.
OIL-HSE-2025-1285,2026-07-04,Jorhat Compressor Station #5,Pipeline Services,Near Miss,Single valve isolation used for entry into Tank 102 while filling line was pressurized,"At Makum Crude Oil Terminal, entry permit was issued for Tank 102 internal lining inspection using only a single closed gate valve isolation on the incoming 16-inch crude inlet header (pressurized at 14 bar). Spectacle blind was not turned to blank position.",1,0.97,Confined Space,Physical / Engineering Control,Catastrophic Hydrocarbon Ingress into Crude Oil Storage Tank,Internal Storage Tank Inspection,Inspectors evacuated from tank immediately. Line de-pressurized and spectacle blind swiveled to spade position prior to re-entry.
OIL-HSE-2025-1286,2026-04-05,Digboi Refinery Area,Civil & Logistics,Unsafe Condition,Front right tire pressure low (18 PSI vs recommended 32 PSI) on field utility truck,"At Rajasthan Project (Jaisalmer), driver noticed utility pickup pulling slightly right. Pressure check showed 18 PSI due to slow nail puncture.",0,0.16,Driving,Equipment Integrity / Maintenance,Low Tire Pressure in Field Utility Vehicle,Field Transport,Spare tire mounted; damaged tire sent for vulcanizing repair.
OIL-HSE-2025-1287,2026-09-05,Pipeline HQ Pump Station - Sekerkote,Civil & Logistics,Incident Report,Minor hand pinch while tightening flange bolt with combination spanner,"At Duliajan GGS-1, a mechanic slipped hand off a 24mm combination spanner while tightening a low-pressure water line bracket, pinching finger against pipe support. Resulted in minor skin abrasion on left index finger. First aid applied.",0,0.26,Line of Fire,PPE / Individual Protection,Minor Hand Pinched by Hand Tool,Water Line Bracket Tightening,First aid dressing applied. Advised worker to use correct posture and impact-resistant mechanics gloves.
OIL-HSE-2025-1288,2026-06-25,Workover Rig #14 - Field Site Duliajan,Drilling & Workover,Unsafe Condition,Left rear tail light bulb fused on field inspection Bolero vehicle,"During daily pre-trip inspection at Duliajan Field Operations, HSE marshal noted that the left rear tail light and brake light on inspection vehicle AS-06-X-1234 were inoperative.",0,0.31,Driving,Equipment Integrity / Maintenance,Non-Functional Tail Light on Pickup Van,Pre-Trip Vehicle Inspection,Vehicle sent to transport workshop for immediate bulb replacement before field deployment.
OIL-HSE-2025-1289,2026-07-30,LPG Plant Duliajan,Mechanical Maintenance,Unsafe Act,Contract helper wearing safety boots with completely worn-out anti-slip treads,"During safety walk at Moran OCS-2, a contract helper was noticed wearing safety boots where the rubber outsole tread was completely worn smooth, increasing slip risk on oily steel decks.",0,0.28,PPE / Individual Protection,PPE / Individual Protection,Worn-out Safety Boot Soles,Deck Cleaning & Sweeping,New pair of IS 15298 certified anti-slip safety boots issued from stores immediately.
OIL-HSE-2025-1290,2026-08-04,Drilling Rig E-1400 - Moran Block,Civil & Logistics,Incident Report,Store helper received minor wood splinter on palm while carrying wooden pallet without leather gloves,"At Duliajan Main Stores, a material handler lifted a rough wooden pallet without wearing leather cotton-backed work gloves, receiving a minor timber splinter in left palm.",0,0.23,Line of Fire,PPE / Individual Protection,Splinter Scratch from Unhandled Wooden Pallet,Warehouse Material Stacking,"Splinter removed using sterile tweezers, antiseptic swab applied. Hand gloves usage re-emphasized."
OIL-HSE-2025-1291,2026-06-29,Duliajan GGS-1 (Gas Gathering Station),Production Oil & Gas,Unsafe Condition,Left rear tail light bulb fused on field inspection Bolero vehicle,"During daily pre-trip inspection at Duliajan Field Operations, HSE marshal noted that the left rear tail light and brake light on inspection vehicle AS-06-X-1234 were inoperative.",0,0.3,Driving,Equipment Integrity / Maintenance,Non-Functional Tail Light on Pickup Van,Pre-Trip Vehicle Inspection,Vehicle sent to transport workshop for immediate bulb replacement before field deployment.
OIL-HSE-2025-1292,2026-06-28,Rajasthan Project Drilling Rig #3 (Jaisalmer),Electrical & Instrumentation,Unsafe Condition,Front right tire pressure low (18 PSI vs recommended 32 PSI) on field utility truck,"At Rajasthan Project (Jaisalmer), driver noticed utility pickup pulling slightly right. Pressure check showed 18 PSI due to slow nail puncture.",0,0.18,Driving,Equipment Integrity / Maintenance,Low Tire Pressure in Field Utility Vehicle,Field Transport,Spare tire mounted; damaged tire sent for vulcanizing repair.
OIL-HSE-2025-1293,2026-04-22,Duliajan GGS-1 (Gas Gathering Station),Mechanical Maintenance,Unsafe Condition,Oily cotton waste discarded in plastic bin instead of metal self-closing bin,"At LPG Plant Duliajan mechanical workshop, oily cotton rags used for cleaning pump casings were thrown into an open plastic trash bin rather than designated heavy-duty self-closing metal fire-safe bins.",0,0.14,None / Housekeeping,Procedural / Administrative,Oily Rag Storage in Non-Approved Container,Workshop Equipment Wipedown,Rags transferred to designated red metal oily-waste bin. Tool box talk conducted on spontaneous combustion risks.
OIL-HSE-2025-1294,2026-07-24,KG Basin Offshore Base (Kakinada),Drilling & Workover,Unsafe Condition,Left rear tail light bulb fused on field inspection Bolero vehicle,"During daily pre-trip inspection at Duliajan Field Operations, HSE marshal noted that the left rear tail light and brake light on inspection vehicle AS-06-X-1234 were inoperative.",0,0.32,Driving,Equipment Integrity / Maintenance,Non-Functional Tail Light on Pickup Van,Pre-Trip Vehicle Inspection,Vehicle sent to transport workshop for immediate bulb replacement before field deployment.
OIL-HSE-2025-1295,2026-05-08,LPG Plant Duliajan,Production Oil & Gas,Unsafe Condition,High-pressure separator ESD trip valve jumpered out without management override authorization,"During routine HSE audit at Moran OCS-2, auditors discovered that the high-pressure trip sensor (PSHH-204) on Crude Separator-2 had been bypassed using an electrical jumper wire on the PLC panel to prevent nuisance tripping during flow surges, leaving vessel vulnerable to catastrophic over-pressurization.",1,0.93,Bypassing Safety Controls,Supervisory & Management Controls,Defeated Emergency Pressure Shut Down (ESD) Interlock,Oil Separation & Normal Operations,Jumper removed immediately. Emergency shutdown logic restored. Management Change (MOC) review initiated against shift engineer.
OIL-HSE-2025-1296,2026-09-01,KG Basin Offshore Base (Kakinada),Pipeline Services,Unsafe Condition,Rainwater accumulation near control room steps due to clogged drain spout,"At Jorhat Compressor Station #5, heavy rain caused a 5cm deep rainwater puddle near control room entry steps because roof downspout drain was blocked with dry leaves.",0,0.22,None / Housekeeping,Procedural / Administrative,Water Puddle near Office Walkway Entrance,Routine Facilities Maintenance,Drain spout cleared of leaves. Wet floor warning sign placed until concrete dried.
OIL-HSE-2025-1297,2026-08-16,Moran OCS-2 (Oil Collecting Station),Civil & Logistics,Incident Report,Minor hand pinch while tightening flange bolt with combination spanner,"At Duliajan GGS-1, a mechanic slipped hand off a 24mm combination spanner while tightening a low-pressure water line bracket, pinching finger against pipe support. Resulted in minor skin abrasion on left index finger. First aid applied.",0,0.26,Line of Fire,PPE / Individual Protection,Minor Hand Pinched by Hand Tool,Water Line Bracket Tightening,First aid dressing applied. Advised worker to use correct posture and impact-resistant mechanics gloves.
OIL-HSE-2025-1298,2026-08-02,Workover Rig #14 - Field Site Duliajan,Pipeline Services,Unsafe Condition,Small outer insulation scuff on 24V secondary welding return cable,"At Duliajan GGS-3 fabrication yard, rubber outer jacket of a 24V welding machine ground clamp cable had a 2cm scuff. Inner copper wire was intact and dry.",0,0.21,Hot Work,Equipment Integrity / Maintenance,Minor Insulation Tear on Low-Voltage Welding Lead,Workshop Structural Pipe Welding,Cable wrapped with heavy-duty vulcanizing electrical insulation tape.
OIL-HSE-2025-1299,2026-03-27,Rajasthan Project Drilling Rig #3 (Jaisalmer),Pipeline Services,Unsafe Condition,11kV Substation breaker racking mechanism jammed open with exposed live busbars,"At Duliajan Main Substation, during maintenance of 11kV Feeder Breaker #4, the mechanical interlock jammed halfway while racking out breaker. The shutter mechanism failed to close, leaving 11,000V energized busbars fully exposed while technicians were working inside cabinet.",1,0.91,Energy Isolation,Equipment Integrity / Maintenance,High Voltage Electrical Flashover / Arc Blast Potential,High Voltage Switchgear Maintenance,Substation upstream transformer opened and grounded. Shutter mechanism repaired and retrofitted with secondary physical barrier.
OIL-HSE-2025-1300,2026-06-17,Jorhat Compressor Station #5,Electrical & Instrumentation,Incident Report,Minor hand pinch while tightening flange bolt with combination spanner,"At Duliajan GGS-1, a mechanic slipped hand off a 24mm combination spanner while tightening a low-pressure water line bracket, pinching finger against pipe support. Resulted in minor skin abrasion on left index finger. First aid applied.",0,0.24,Line of Fire,PPE / Individual Protection,Minor Hand Pinched by Hand Tool,Water Line Bracket Tightening,First aid dressing applied. Advised worker to use correct posture and impact-resistant mechanics gloves.
OIL-HSE-2025-1301,2026-08-01,Duliajan GGS-3 (Gas Gathering Station),Electrical & Instrumentation,Unsafe Act,Instrument technician unhooked safety harness dual lanyard at 22m flare stack elevation,"At Duliajan LPG Plant, an instrument technician working at a height of 22 meters on the main flare stack platform unhooked both lanyards of his full-body harness simultaneously to reach a pressure transmitter on an outboard beam without a lifeline installed. Gusty wind conditions prevailed.",1,0.87,Working at Height,PPE / Individual Protection,Unanchored High Fall Hazard from Flare Stack Platform,Flare Stack Pressure Transmitter Calibration,"Technician instructed to secure self immediately. Work stopped, temporary retractable wire rope fall arrest lifeline installed before resuming."
OIL-HSE-2025-1302,2026-08-20,Jorhat Compressor Station #5,Civil & Logistics,Unsafe Act,Contract helper wearing safety boots with completely worn-out anti-slip treads,"During safety walk at Moran OCS-2, a contract helper was noticed wearing safety boots where the rubber outsole tread was completely worn smooth, increasing slip risk on oily steel decks.",0,0.28,PPE / Individual Protection,PPE / Individual Protection,Worn-out Safety Boot Soles,Deck Cleaning & Sweeping,New pair of IS 15298 certified anti-slip safety boots issued from stores immediately.
OIL-HSE-2025-1303,2026-08-26,LPG Plant Duliajan,Drilling & Workover,Unsafe Condition,Caution sign for eye protection faded near grinding bench,"At Workover Rig #14 workshop, mandatory PPE warning sign ('Wear Safety Goggles') near bench grinder was severely faded due to sunlight exposure and hard to read.",0,0.13,None / Housekeeping,Procedural / Administrative,Safety Signage Faded by Sun Exposure,Workshop Maintenance,New high-visibility reflective vinyl warning sign installed.
OIL-HSE-2025-1304,2026-03-23,Moran OCS-2 (Oil Collecting Station),Electrical & Instrumentation,Unsafe Act,Technician left 10-inch adjustable wrench on stepladder top tray while taking lunch break,"At Digboi Refinery electrical shed, an electrician left an adjustable wrench on top of a 6-ft aluminum stepladder while stepping away for lunch break.",0,0.21,Line of Fire,Procedural / Administrative,Improper Storage of Hand Tools on Ladder Rung,Light Fixture Replacement,Wrench removed and placed in electrician tool pouch. Electrician counseled on tool drop prevention.
OIL-HSE-2025-1305,2026-05-29,Workover Rig #14 - Field Site Duliajan,Mechanical Maintenance,Unsafe Condition,Small outer insulation scuff on 24V secondary welding return cable,"At Duliajan GGS-3 fabrication yard, rubber outer jacket of a 24V welding machine ground clamp cable had a 2cm scuff. Inner copper wire was intact and dry.",0,0.21,Hot Work,Equipment Integrity / Maintenance,Minor Insulation Tear on Low-Voltage Welding Lead,Workshop Structural Pipe Welding,Cable wrapped with heavy-duty vulcanizing electrical insulation tape.
OIL-HSE-2025-1306,2026-04-13,Digboi Refinery Area,Electrical & Instrumentation,Near Miss,High-pressure cement pumping hose whip-check restraint missing at 4000 PSI,"During cementing operation at Drilling Rig E-1400 Moran, a 3-inch high-pressure flexible cement discharge line (operating at 4000 PSI) had its safety whip-check cable unhooked during rig-up. Coupling began leaking slurry under intense vibration.",1,0.95,Line of Fire,Physical / Engineering Control,Unrestrained High-Pressure Flexible Hose Whip Hazard,Well Casing Cementing Operation,Cement pumps throttled down safely. Pressure bled to zero; certified steel whip-check cables installed and clamped.
OIL-HSE-2025-1307,2026-08-05,KG Basin Offshore Base (Kakinada),Electrical & Instrumentation,Unsafe Condition,Oily cotton waste discarded in plastic bin instead of metal self-closing bin,"At LPG Plant Duliajan mechanical workshop, oily cotton rags used for cleaning pump casings were thrown into an open plastic trash bin rather than designated heavy-duty self-closing metal fire-safe bins.",0,0.16,None / Housekeeping,Procedural / Administrative,Oily Rag Storage in Non-Approved Container,Workshop Equipment Wipedown,Rags transferred to designated red metal oily-waste bin. Tool box talk conducted on spontaneous combustion risks.
OIL-HSE-2025-1308,2026-08-27,Pipeline HQ Pump Station - Sekerkote,Pipeline Services,Incident Report,Store helper received minor wood splinter on palm while carrying wooden pallet without leather gloves,"At Duliajan Main Stores, a material handler lifted a rough wooden pallet without wearing leather cotton-backed work gloves, receiving a minor timber splinter in left palm.",0,0.2,Line of Fire,PPE / Individual Protection,Splinter Scratch from Unhandled Wooden Pallet,Warehouse Material Stacking,"Splinter removed using sterile tweezers, antiseptic swab applied. Hand gloves usage re-emphasized."
OIL-HSE-2025-1309,2026-03-23,Makum Crude Oil Storage Terminal,Mechanical Maintenance,Unsafe Condition,Rainwater accumulation near control room steps due to clogged drain spout,"At Jorhat Compressor Station #5, heavy rain caused a 5cm deep rainwater puddle near control room entry steps because roof downspout drain was blocked with dry leaves.",0,0.25,None / Housekeeping,Procedural / Administrative,Water Puddle near Office Walkway Entrance,Routine Facilities Maintenance,Drain spout cleared of leaves. Wet floor warning sign placed until concrete dried.
OIL-HSE-2025-1310,2026-05-29,LPG Plant Duliajan,HSE & Fire Safety,Incident Report,Minor hand pinch while tightening flange bolt with combination spanner,"At Duliajan GGS-1, a mechanic slipped hand off a 24mm combination spanner while tightening a low-pressure water line bracket, pinching finger against pipe support. Resulted in minor skin abrasion on left index finger. First aid applied.",0,0.26,Line of Fire,PPE / Individual Protection,Minor Hand Pinched by Hand Tool,Water Line Bracket Tightening,First aid dressing applied. Advised worker to use correct posture and impact-resistant mechanics gloves.
OIL-HSE-2025-1311,2026-07-10,Drilling Rig E-1400 - Moran Block,Production Oil & Gas,Unsafe Act,Technician left 10-inch adjustable wrench on stepladder top tray while taking lunch break,"At Digboi Refinery electrical shed, an electrician left an adjustable wrench on top of a 6-ft aluminum stepladder while stepping away for lunch break.",0,0.21,Line of Fire,Procedural / Administrative,Improper Storage of Hand Tools on Ladder Rung,Light Fixture Replacement,Wrench removed and placed in electrician tool pouch. Electrician counseled on tool drop prevention.
OIL-HSE-2025-1312,2026-08-13,Workover Rig #14 - Field Site Duliajan,Pipeline Services,Unsafe Condition,Left rear tail light bulb fused on field inspection Bolero vehicle,"During daily pre-trip inspection at Duliajan Field Operations, HSE marshal noted that the left rear tail light and brake light on inspection vehicle AS-06-X-1234 were inoperative.",0,0.31,Driving,Equipment Integrity / Maintenance,Non-Functional Tail Light on Pickup Van,Pre-Trip Vehicle Inspection,Vehicle sent to transport workshop for immediate bulb replacement before field deployment.
OIL-HSE-2025-1313,2026-06-25,Duliajan GGS-3 (Gas Gathering Station),Drilling & Workover,Near Miss,Single valve isolation used for entry into Tank 102 while filling line was pressurized,"At Makum Crude Oil Terminal, entry permit was issued for Tank 102 internal lining inspection using only a single closed gate valve isolation on the incoming 16-inch crude inlet header (pressurized at 14 bar). Spectacle blind was not turned to blank position.",1,0.96,Confined Space,Physical / Engineering Control,Catastrophic Hydrocarbon Ingress into Crude Oil Storage Tank,Internal Storage Tank Inspection,Inspectors evacuated from tank immediately. Line de-pressurized and spectacle blind swiveled to spade position prior to re-entry.
OIL-HSE-2025-1314,2026-05-23,Duliajan GGS-3 (Gas Gathering Station),Production Oil & Gas,Unsafe Condition,Toe-board missing on ground-level valve pit access platform,"At Digboi Refinery Area, 100cm high handrail around valve pit #4 was missing a 10cm toe-board, allowing small hand tools to potentially roll into the shallow 1-meter deep pit.",0,0.22,Working at Height,Physical / Engineering Control,Missing Handrail Toe Board on Walkway,Valve Pit Inspection,Yellow steel toe-board fabricated and bolted to platform guardrail.
OIL-HSE-2025-1315,2026-08-26,Workover Rig #14 - Field Site Duliajan,Mechanical Maintenance,Unsafe Act,Technician left 10-inch adjustable wrench on stepladder top tray while taking lunch break,"At Digboi Refinery electrical shed, an electrician left an adjustable wrench on top of a 6-ft aluminum stepladder while stepping away for lunch break.",0,0.21,Line of Fire,Procedural / Administrative,Improper Storage of Hand Tools on Ladder Rung,Light Fixture Replacement,Wrench removed and placed in electrician tool pouch. Electrician counseled on tool drop prevention.
OIL-HSE-2025-1316,2026-05-26,Moran OCS-2 (Oil Collecting Station),Drilling & Workover,Unsafe Condition,Toe-board missing on ground-level valve pit access platform,"At Digboi Refinery Area, 100cm high handrail around valve pit #4 was missing a 10cm toe-board, allowing small hand tools to potentially roll into the shallow 1-meter deep pit.",0,0.24,Working at Height,Physical / Engineering Control,Missing Handrail Toe Board on Walkway,Valve Pit Inspection,Yellow steel toe-board fabricated and bolted to platform guardrail.
OIL-HSE-2025-1317,2026-08-27,Digboi Refinery Area,HSE & Fire Safety,Unsafe Condition,11kV Substation breaker racking mechanism jammed open with exposed live busbars,"At Duliajan Main Substation, during maintenance of 11kV Feeder Breaker #4, the mechanical interlock jammed halfway while racking out breaker. The shutter mechanism failed to close, leaving 11,000V energized busbars fully exposed while technicians were working inside cabinet.",1,0.94,Energy Isolation,Equipment Integrity / Maintenance,High Voltage Electrical Flashover / Arc Blast Potential,High Voltage Switchgear Maintenance,Substation upstream transformer opened and grounded. Shutter mechanism repaired and retrofitted with secondary physical barrier.
OIL-HSE-2025-1318,2026-07-03,KG Basin Offshore Base (Kakinada),Production Oil & Gas,Unsafe Condition,LOTO key box tag number slightly smudged on lockout station cabinet,"At Moran OCS-2, paper identification label on isolation lockout box #12 was smudged by grease, making lock serial number 4821 appear like 4827.",0,0.24,Energy Isolation,Procedural / Administrative,LOTO Padlock Master Key Tagging Error,LOTO Station Maintenance,Label replaced with laminated industrial barcode tag.
OIL-HSE-2025-1319,2026-09-05,Makum Crude Oil Storage Terminal,Civil & Logistics,Unsafe Act,Technician left 10-inch adjustable wrench on stepladder top tray while taking lunch break,"At Digboi Refinery electrical shed, an electrician left an adjustable wrench on top of a 6-ft aluminum stepladder while stepping away for lunch break.",0,0.24,Line of Fire,Procedural / Administrative,Improper Storage of Hand Tools on Ladder Rung,Light Fixture Replacement,Wrench removed and placed in electrician tool pouch. Electrician counseled on tool drop prevention.
OIL-HSE-2025-1320,2026-05-16,Makum Crude Oil Storage Terminal,Civil & Logistics,Near Miss,High-pressure cement pumping hose whip-check restraint missing at 4000 PSI,"During cementing operation at Drilling Rig E-1400 Moran, a 3-inch high-pressure flexible cement discharge line (operating at 4000 PSI) had its safety whip-check cable unhooked during rig-up. Coupling began leaking slurry under intense vibration.",1,0.92,Line of Fire,Physical / Engineering Control,Unrestrained High-Pressure Flexible Hose Whip Hazard,Well Casing Cementing Operation,Cement pumps throttled down safely. Pressure bled to zero; certified steel whip-check cables installed and clamped.
OIL-HSE-2025-1321,2026-04-03,Moran OCS-2 (Oil Collecting Station),Production Oil & Gas,Unsafe Condition,Toe-board missing on ground-level valve pit access platform,"At Digboi Refinery Area, 100cm high handrail around valve pit #4 was missing a 10cm toe-board, allowing small hand tools to potentially roll into the shallow 1-meter deep pit.",0,0.22,Working at Height,Physical / Engineering Control,Missing Handrail Toe Board on Walkway,Valve Pit Inspection,Yellow steel toe-board fabricated and bolted to platform guardrail.
OIL-HSE-2025-1322,2026-04-21,Digboi Refinery Area,HSE & Fire Safety,Unsafe Condition,Rainwater accumulation near control room steps due to clogged drain spout,"At Jorhat Compressor Station #5, heavy rain caused a 5cm deep rainwater puddle near control room entry steps because roof downspout drain was blocked with dry leaves.",0,0.26,None / Housekeeping,Procedural / Administrative,Water Puddle near Office Walkway Entrance,Routine Facilities Maintenance,Drain spout cleared of leaves. Wet floor warning sign placed until concrete dried.
OIL-HSE-2025-1323,2026-04-24,Makum Crude Oil Storage Terminal,Production Oil & Gas,Unsafe Condition,11kV Substation breaker racking mechanism jammed open with exposed live busbars,"At Duliajan Main Substation, during maintenance of 11kV Feeder Breaker #4, the mechanical interlock jammed halfway while racking out breaker. The shutter mechanism failed to close, leaving 11,000V energized busbars fully exposed while technicians were working inside cabinet.",1,0.93,Energy Isolation,Equipment Integrity / Maintenance,High Voltage Electrical Flashover / Arc Blast Potential,High Voltage Switchgear Maintenance,Substation upstream transformer opened and grounded. Shutter mechanism repaired and retrofitted with secondary physical barrier.
OIL-HSE-2025-1324,2026-08-31,Jorhat Compressor Station #5,Production Oil & Gas,Unsafe Act,Instrument technician unhooked safety harness dual lanyard at 22m flare stack elevation,"At Duliajan LPG Plant, an instrument technician working at a height of 22 meters on the main flare stack platform unhooked both lanyards of his full-body harness simultaneously to reach a pressure transmitter on an outboard beam without a lifeline installed. Gusty wind conditions prevailed.",1,0.87,Working at Height,PPE / Individual Protection,Unanchored High Fall Hazard from Flare Stack Platform,Flare Stack Pressure Transmitter Calibration,"Technician instructed to secure self immediately. Work stopped, temporary retractable wire rope fall arrest lifeline installed before resuming."
OIL-HSE-2025-1325,2026-08-15,Moran OCS-2 (Oil Collecting Station),Production Oil & Gas,Unsafe Condition,Caution sign for eye protection faded near grinding bench,"At Workover Rig #14 workshop, mandatory PPE warning sign ('Wear Safety Goggles') near bench grinder was severely faded due to sunlight exposure and hard to read.",0,0.12,None / Housekeeping,Procedural / Administrative,Safety Signage Faded by Sun Exposure,Workshop Maintenance,New high-visibility reflective vinyl warning sign installed.
OIL-HSE-2025-1326,2026-03-24,LPG Plant Duliajan,Pipeline Services,Near Miss,High-pressure mud line maintenance initiated without LOTO & residual pressure bleed,"During maintenance of Mud Pump #2 at Drilling Rig E-1400 Moran, a technician began loosening the flange bolts on the 3000 PSI discharge mud line without verifying Lockout/Tagout (LOTO) or bleeding residual pressure. A minor hiss was heard, and pressure gauge still read 450 PSI. Work was immediately stopped by HSE supervisor. Bleed valve was clogged with dry mud.",1,0.96,Energy Isolation,Procedural / Administrative,Unisolated Struck-By & Stored High-Pressure Energy Hazard,Mud Pump Flange Maintenance,"Job stopped immediately. De-pressurization confirmed through auxiliary bleed line, LOTO applied with double valve isolation."
OIL-HSE-2025-1327,2026-08-03,Jorhat Compressor Station #5,HSE & Fire Safety,Near Miss,Hot welding sparks showered near open condensate drain manifold during active transfer,"During pipe rack structural repairs at Duliajan GGS-1, structural welding was being performed 4 meters above ground. Welding slag and hot sparks fell onto an open condensate drain trench where condensate was actively being drained from separator V-101. LEL monitor alarm sounded 45% LEL in vicinity.",1,0.94,Hot Work,Physical / Engineering Control,Uncontrolled Ignitable Hydrocarbon Vapor Cloud Fire Potential,Structural Welding on Pipe Rack,"Welding power cut instantly. Drain valve shut, fire blanket habitat deployed, continuous LEL gas monitoring initiated."
OIL-HSE-2025-1328,2026-05-28,Rajasthan Project Drilling Rig #3 (Jaisalmer),Civil & Logistics,Unsafe Condition,Left rear tail light bulb fused on field inspection Bolero vehicle,"During daily pre-trip inspection at Duliajan Field Operations, HSE marshal noted that the left rear tail light and brake light on inspection vehicle AS-06-X-1234 were inoperative.",0,0.31,Driving,Equipment Integrity / Maintenance,Non-Functional Tail Light on Pickup Van,Pre-Trip Vehicle Inspection,Vehicle sent to transport workshop for immediate bulb replacement before field deployment.
OIL-HSE-2025-1329,2026-03-25,Moran OCS-2 (Oil Collecting Station),Drilling & Workover,Unsafe Condition,Oily cotton waste discarded in plastic bin instead of metal self-closing bin,"At LPG Plant Duliajan mechanical workshop, oily cotton rags used for cleaning pump casings were thrown into an open plastic trash bin rather than designated heavy-duty self-closing metal fire-safe bins.",0,0.14,None / Housekeeping,Procedural / Administrative,Oily Rag Storage in Non-Approved Container,Workshop Equipment Wipedown,Rags transferred to designated red metal oily-waste bin. Tool box talk conducted on spontaneous combustion risks.
OIL-HSE-2025-1330,2026-09-07,Moran OCS-2 (Oil Collecting Station),Civil & Logistics,Unsafe Condition,Toe-board missing on ground-level valve pit access platform,"At Digboi Refinery Area, 100cm high handrail around valve pit #4 was missing a 10cm toe-board, allowing small hand tools to potentially roll into the shallow 1-meter deep pit.",0,0.23,Working at Height,Physical / Engineering Control,Missing Handrail Toe Board on Walkway,Valve Pit Inspection,Yellow steel toe-board fabricated and bolted to platform guardrail.
OIL-HSE-2025-1331,2026-05-10,Duliajan GGS-3 (Gas Gathering Station),Production Oil & Gas,Near Miss,50-Ton Mobile Crane outriggers sank into uncompacted soil during 18-ton mud pump lift,"At Rajasthan Project Rig #3 (Jaisalmer), a 50-ton hydraulic mobile crane was lifting an 18-ton mud pump engine skid. The front right outrigger pad suddenly sank 30cm into uncompacted sandy soil due to missing steel spreader plates. The crane tilted 12 degrees with load suspended 3 meters in air.",1,0.86,Safe Mechanical Lifting,Physical / Engineering Control,Crane Overturn & Structural Collapse during Critical Heavy Lift,Heavy Rig Equipment Positioning,"Load gently lowered back to ground. Ground load-bearing test conducted, heavy steel mats placed under outrigger pads before re-lift."
OIL-HSE-2025-1332,2026-04-12,Duliajan GGS-1 (Gas Gathering Station),HSE & Fire Safety,Near Miss,High-pressure cement pumping hose whip-check restraint missing at 4000 PSI,"During cementing operation at Drilling Rig E-1400 Moran, a 3-inch high-pressure flexible cement discharge line (operating at 4000 PSI) had its safety whip-check cable unhooked during rig-up. Coupling began leaking slurry under intense vibration.",1,0.94,Line of Fire,Physical / Engineering Control,Unrestrained High-Pressure Flexible Hose Whip Hazard,Well Casing Cementing Operation,Cement pumps throttled down safely. Pressure bled to zero; certified steel whip-check cables installed and clamped.
OIL-HSE-2025-1333,2026-08-23,Duliajan GGS-3 (Gas Gathering Station),Production Oil & Gas,Unsafe Act,Contract helper wearing safety boots with completely worn-out anti-slip treads,"During safety walk at Moran OCS-2, a contract helper was noticed wearing safety boots where the rubber outsole tread was completely worn smooth, increasing slip risk on oily steel decks.",0,0.3,PPE / Individual Protection,PPE / Individual Protection,Worn-out Safety Boot Soles,Deck Cleaning & Sweeping,New pair of IS 15298 certified anti-slip safety boots issued from stores immediately.
OIL-HSE-2025-1334,2026-05-07,Drilling Rig E-1400 - Moran Block,Pipeline Services,Unsafe Condition,Left rear tail light bulb fused on field inspection Bolero vehicle,"During daily pre-trip inspection at Duliajan Field Operations, HSE marshal noted that the left rear tail light and brake light on inspection vehicle AS-06-X-1234 were inoperative.",0,0.3,Driving,Equipment Integrity / Maintenance,Non-Functional Tail Light on Pickup Van,Pre-Trip Vehicle Inspection,Vehicle sent to transport workshop for immediate bulb replacement before field deployment.
OIL-HSE-2025-1335,2026-07-25,Moran OCS-2 (Oil Collecting Station),HSE & Fire Safety,Unsafe Act,Contract helper wearing safety boots with completely worn-out anti-slip treads,"During safety walk at Moran OCS-2, a contract helper was noticed wearing safety boots where the rubber outsole tread was completely worn smooth, increasing slip risk on oily steel decks.",0,0.3,PPE / Individual Protection,PPE / Individual Protection,Worn-out Safety Boot Soles,Deck Cleaning & Sweeping,New pair of IS 15298 certified anti-slip safety boots issued from stores immediately.
OIL-HSE-2025-1336,2026-04-04,Moran OCS-2 (Oil Collecting Station),Mechanical Maintenance,Unsafe Act,Contract helper wearing safety boots with completely worn-out anti-slip treads,"During safety walk at Moran OCS-2, a contract helper was noticed wearing safety boots where the rubber outsole tread was completely worn smooth, increasing slip risk on oily steel decks.",0,0.27,PPE / Individual Protection,PPE / Individual Protection,Worn-out Safety Boot Soles,Deck Cleaning & Sweeping,New pair of IS 15298 certified anti-slip safety boots issued from stores immediately.
OIL-HSE-2025-1337,2026-05-20,Moran OCS-2 (Oil Collecting Station),Mechanical Maintenance,Near Miss,Hot welding sparks showered near open condensate drain manifold during active transfer,"During pipe rack structural repairs at Duliajan GGS-1, structural welding was being performed 4 meters above ground. Welding slag and hot sparks fell onto an open condensate drain trench where condensate was actively being drained from separator V-101. LEL monitor alarm sounded 45% LEL in vicinity.",1,0.93,Hot Work,Physical / Engineering Control,Uncontrolled Ignitable Hydrocarbon Vapor Cloud Fire Potential,Structural Welding on Pipe Rack,"Welding power cut instantly. Drain valve shut, fire blanket habitat deployed, continuous LEL gas monitoring initiated."
OIL-HSE-2025-1338,2026-04-04,Pipeline HQ Pump Station - Sekerkote,Mechanical Maintenance,Unsafe Condition,Caution sign for eye protection faded near grinding bench,"At Workover Rig #14 workshop, mandatory PPE warning sign ('Wear Safety Goggles') near bench grinder was severely faded due to sunlight exposure and hard to read.",0,0.14,None / Housekeeping,Procedural / Administrative,Safety Signage Faded by Sun Exposure,Workshop Maintenance,New high-visibility reflective vinyl warning sign installed.
OIL-HSE-2025-1339,2026-07-19,Rajasthan Project Drilling Rig #3 (Jaisalmer),HSE & Fire Safety,Unsafe Condition,Toe-board missing on ground-level valve pit access platform,"At Digboi Refinery Area, 100cm high handrail around valve pit #4 was missing a 10cm toe-board, allowing small hand tools to potentially roll into the shallow 1-meter deep pit.",0,0.21,Working at Height,Physical / Engineering Control,Missing Handrail Toe Board on Walkway,Valve Pit Inspection,Yellow steel toe-board fabricated and bolted to platform guardrail.
OIL-HSE-2025-1340,2026-05-20,Rajasthan Project Drilling Rig #3 (Jaisalmer),Civil & Logistics,Unsafe Condition,Extension power cord laid across walkway without rubber cable crossover ramps,"At Moran OCS-2 office annex, an electrical extension cord for temporary lighting was routed across the main pedestrian corridor without rubber cable protection ramps, posing a trip hazard.",0,0.17,None / Housekeeping,Procedural / Administrative,Minor Trip Hazard from Loose Cables,Temporary Lighting Wiring,Cable rerouted overhead and rubber floor cable protection covers installed.
OIL-HSE-2025-1341,2026-08-19,Moran OCS-2 (Oil Collecting Station),Civil & Logistics,Unsafe Condition,Toe-board missing on ground-level valve pit access platform,"At Digboi Refinery Area, 100cm high handrail around valve pit #4 was missing a 10cm toe-board, allowing small hand tools to potentially roll into the shallow 1-meter deep pit.",0,0.2,Working at Height,Physical / Engineering Control,Missing Handrail Toe Board on Walkway,Valve Pit Inspection,Yellow steel toe-board fabricated and bolted to platform guardrail.
OIL-HSE-2025-1342,2026-07-02,Pipeline HQ Pump Station - Sekerkote,Drilling & Workover,Unsafe Condition,Extension power cord laid across walkway without rubber cable crossover ramps,"At Moran OCS-2 office annex, an electrical extension cord for temporary lighting was routed across the main pedestrian corridor without rubber cable protection ramps, posing a trip hazard.",0,0.19,None / Housekeeping,Procedural / Administrative,Minor Trip Hazard from Loose Cables,Temporary Lighting Wiring,Cable rerouted overhead and rubber floor cable protection covers installed.
OIL-HSE-2025-1343,2026-04-10,LPG Plant Duliajan,Drilling & Workover,Unsafe Act,Contract worker attempted entry into Slop Tank #3 without gas testing or standby attendant,"At Moran OCS-2, a contractor cleaner was observed lowering a ladder into Slop Tank #3 (classified confined space) to clean sludge without conducting pre-entry gas testing for H2S/LEL or having a trained standby attendant with SCBA present. Tank had been isolated only 2 hours prior and contained residual sour crude hydrocarbon vapors.",1,0.97,Confined Space,Procedural / Administrative,Toxic H2S Gas Exposure & Oxygen Deficiency in Closed Vessel,Slop Tank Internal Desludging,Worker halted immediately prior to entry. Work permit suspended; gas test conducted showing 18 ppm H2S (above STEL limit). Forced draft ventilation installed.
OIL-HSE-2025-1344,2026-03-30,Digboi Refinery Area,HSE & Fire Safety,Unsafe Condition,Portable eyewash bottle solution past expiration date in battery room,"During monthly HSE audit at Pipeline HQ Sekerkote, 500ml sterile eyewash bottle in UPS battery room was found 2 months past expiration date printed on bottle label.",0,0.17,None / Housekeeping,Equipment Integrity / Maintenance,Expired Eyewash Bottle Fluid,Substation Monthly HSE Audit,Expired bottle replaced with fresh sterile saline eyewash pack from first aid stock.
OIL-HSE-2025-1345,2026-06-30,Duliajan GGS-3 (Gas Gathering Station),Mechanical Maintenance,Unsafe Condition,11kV Substation breaker racking mechanism jammed open with exposed live busbars,"At Duliajan Main Substation, during maintenance of 11kV Feeder Breaker #4, the mechanical interlock jammed halfway while racking out breaker. The shutter mechanism failed to close, leaving 11,000V energized busbars fully exposed while technicians were working inside cabinet.",1,0.91,Energy Isolation,Equipment Integrity / Maintenance,High Voltage Electrical Flashover / Arc Blast Potential,High Voltage Switchgear Maintenance,Substation upstream transformer opened and grounded. Shutter mechanism repaired and retrofitted with secondary physical barrier.
OIL-HSE-2025-1346,2026-07-07,LPG Plant Duliajan,Electrical & Instrumentation,Unsafe Condition,Extension power cord laid across walkway without rubber cable crossover ramps,"At Moran OCS-2 office annex, an electrical extension cord for temporary lighting was routed across the main pedestrian corridor without rubber cable protection ramps, posing a trip hazard.",0,0.16,None / Housekeeping,Procedural / Administrative,Minor Trip Hazard from Loose Cables,Temporary Lighting Wiring,Cable rerouted overhead and rubber floor cable protection covers installed.
OIL-HSE-2025-1347,2026-04-10,Drilling Rig E-1400 - Moran Block,Civil & Logistics,Unsafe Condition,Extension power cord laid across walkway without rubber cable crossover ramps,"At Moran OCS-2 office annex, an electrical extension cord for temporary lighting was routed across the main pedestrian corridor without rubber cable protection ramps, posing a trip hazard.",0,0.17,None / Housekeeping,Procedural / Administrative,Minor Trip Hazard from Loose Cables,Temporary Lighting Wiring,Cable rerouted overhead and rubber floor cable protection covers installed.
OIL-HSE-2025-1348,2026-09-03,Pipeline HQ Pump Station - Sekerkote,Production Oil & Gas,Incident Report,Minor hand pinch while tightening flange bolt with combination spanner,"At Duliajan GGS-1, a mechanic slipped hand off a 24mm combination spanner while tightening a low-pressure water line bracket, pinching finger against pipe support. Resulted in minor skin abrasion on left index finger. First aid applied.",0,0.25,Line of Fire,PPE / Individual Protection,Minor Hand Pinched by Hand Tool,Water Line Bracket Tightening,First aid dressing applied. Advised worker to use correct posture and impact-resistant mechanics gloves.
OIL-HSE-2025-1349,2026-06-05,KG Basin Offshore Base (Kakinada),Production Oil & Gas,Unsafe Condition,LOTO key box tag number slightly smudged on lockout station cabinet,"At Moran OCS-2, paper identification label on isolation lockout box #12 was smudged by grease, making lock serial number 4821 appear like 4827.",0,0.28,Energy Isolation,Procedural / Administrative,LOTO Padlock Master Key Tagging Error,LOTO Station Maintenance,Label replaced with laminated industrial barcode tag.
OIL-HSE-2025-1350,2026-07-05,Rajasthan Project Drilling Rig #3 (Jaisalmer),Production Oil & Gas,Unsafe Condition,Extension power cord laid across walkway without rubber cable crossover ramps,"At Moran OCS-2 office annex, an electrical extension cord for temporary lighting was routed across the main pedestrian corridor without rubber cable protection ramps, posing a trip hazard.",0,0.2,None / Housekeeping,Procedural / Administrative,Minor Trip Hazard from Loose Cables,Temporary Lighting Wiring,Cable rerouted overhead and rubber floor cable protection covers installed.
OIL-HSE-2025-1351,2026-06-26,Rajasthan Project Drilling Rig #3 (Jaisalmer),Civil & Logistics,Unsafe Act,Grinding work started inside LPG bottling hall without hot work permit or LEL check,"At LPG Plant Duliajan, maintenance fitters started angle grinding on a steel bracket inside the LPG carousel filling shed (Zone 1 hazardous area) without issuing a Hot Work PTW or performing LEL gas test. Gas odor was noticeable nearby.",1,0.88,Hot Work,Procedural / Administrative,Hot Work in Zone-0 Gas Environment without Continuous Monitoring,Bracket Angle Grinding in LPG Shed,Grinding stopped instantly. Power disconnected. Gas monitoring detected 12% LEL LPG vapor. Area purged with nitrogen.
OIL-HSE-2025-1352,2026-03-29,Duliajan GGS-3 (Gas Gathering Station),HSE & Fire Safety,Unsafe Condition,Small outer insulation scuff on 24V secondary welding return cable,"At Duliajan GGS-3 fabrication yard, rubber outer jacket of a 24V welding machine ground clamp cable had a 2cm scuff. Inner copper wire was intact and dry.",0,0.19,Hot Work,Equipment Integrity / Maintenance,Minor Insulation Tear on Low-Voltage Welding Lead,Workshop Structural Pipe Welding,Cable wrapped with heavy-duty vulcanizing electrical insulation tape.
OIL-HSE-2025-1353,2026-04-01,Pipeline HQ Pump Station - Sekerkote,Civil & Logistics,Unsafe Condition,Small outer insulation scuff on 24V secondary welding return cable,"At Duliajan GGS-3 fabrication yard, rubber outer jacket of a 24V welding machine ground clamp cable had a 2cm scuff. Inner copper wire was intact and dry.",0,0.2,Hot Work,Equipment Integrity / Maintenance,Minor Insulation Tear on Low-Voltage Welding Lead,Workshop Structural Pipe Welding,Cable wrapped with heavy-duty vulcanizing electrical insulation tape.
OIL-HSE-2025-1354,2026-09-02,Pipeline HQ Pump Station - Sekerkote,Mechanical Maintenance,Unsafe Condition,Front right tire pressure low (18 PSI vs recommended 32 PSI) on field utility truck,"At Rajasthan Project (Jaisalmer), driver noticed utility pickup pulling slightly right. Pressure check showed 18 PSI due to slow nail puncture.",0,0.18,Driving,Equipment Integrity / Maintenance,Low Tire Pressure in Field Utility Vehicle,Field Transport,Spare tire mounted; damaged tire sent for vulcanizing repair.
OIL-HSE-2025-1355,2026-04-18,Makum Crude Oil Storage Terminal,Civil & Logistics,Unsafe Condition,Small outer insulation scuff on 24V secondary welding return cable,"At Duliajan GGS-3 fabrication yard, rubber outer jacket of a 24V welding machine ground clamp cable had a 2cm scuff. Inner copper wire was intact and dry.",0,0.21,Hot Work,Equipment Integrity / Maintenance,Minor Insulation Tear on Low-Voltage Welding Lead,Workshop Structural Pipe Welding,Cable wrapped with heavy-duty vulcanizing electrical insulation tape.
OIL-HSE-2025-1356,2026-07-30,Digboi Refinery Area,Production Oil & Gas,Unsafe Condition,Toe-board missing on ground-level valve pit access platform,"At Digboi Refinery Area, 100cm high handrail around valve pit #4 was missing a 10cm toe-board, allowing small hand tools to potentially roll into the shallow 1-meter deep pit.",0,0.24,Working at Height,Physical / Engineering Control,Missing Handrail Toe Board on Walkway,Valve Pit Inspection,Yellow steel toe-board fabricated and bolted to platform guardrail.
OIL-HSE-2025-1357,2026-07-02,Duliajan GGS-1 (Gas Gathering Station),Electrical & Instrumentation,Unsafe Condition,Extension power cord laid across walkway without rubber cable crossover ramps,"At Moran OCS-2 office annex, an electrical extension cord for temporary lighting was routed across the main pedestrian corridor without rubber cable protection ramps, posing a trip hazard.",0,0.17,None / Housekeeping,Procedural / Administrative,Minor Trip Hazard from Loose Cables,Temporary Lighting Wiring,Cable rerouted overhead and rubber floor cable protection covers installed.
OIL-HSE-2025-1358,2026-06-24,Drilling Rig E-1400 - Moran Block,Mechanical Maintenance,Near Miss,Heavy Crude bowser trailer lost brakes on steep incline near Digboi Hills,"A contract crude oil tanker (32,000L capacity) suffered brake fade while descending a 12% grade oilfield access road near Digboi oilfields. Vehicle swerved into emergency runaway ramp, narrowly avoiding rollover into populated village creek. Inspection revealed non-functional trailer brake shoes.",1,0.86,Driving,Procedural / Administrative,Heavy Explosive/Hydrocarbon Tanker Rollover on Narrow Oilfield Road,Crude Oil Road Transportation,Tanker impounded. Contractor vehicle fitness audit initiated across all crude bowser fleets.
OIL-HSE-2025-1359,2026-08-02,Workover Rig #14 - Field Site Duliajan,Production Oil & Gas,Unsafe Condition,Rainwater accumulation near control room steps due to clogged drain spout,"At Jorhat Compressor Station #5, heavy rain caused a 5cm deep rainwater puddle near control room entry steps because roof downspout drain was blocked with dry leaves.",0,0.25,None / Housekeeping,Procedural / Administrative,Water Puddle near Office Walkway Entrance,Routine Facilities Maintenance,Drain spout cleared of leaves. Wet floor warning sign placed until concrete dried.
OIL-HSE-2025-1360,2026-04-10,Duliajan GGS-1 (Gas Gathering Station),Civil & Logistics,Unsafe Condition,Plastic squeeze wash bottle containing isopropyl alcohol lacked GHS hazard label,"At LPG Plant Duliajan laboratory, a plastic squeeze bottle used for cleaning instrument sensor glass contained IPA solvent but lacked GHS chemical identification label.",0,0.2,None / Housekeeping,Procedural / Administrative,Unlabeled Chemical Wash Bottle,Lab Analytics & Glassware Cleaning,Standard GHS chemical sticker printed and attached showing solvent name and flammability pictogram.
OIL-HSE-2025-1361,2026-06-04,Digboi Refinery Area,Mechanical Maintenance,Incident Report,Store helper received minor wood splinter on palm while carrying wooden pallet without leather gloves,"At Duliajan Main Stores, a material handler lifted a rough wooden pallet without wearing leather cotton-backed work gloves, receiving a minor timber splinter in left palm.",0,0.19,Line of Fire,PPE / Individual Protection,Splinter Scratch from Unhandled Wooden Pallet,Warehouse Material Stacking,"Splinter removed using sterile tweezers, antiseptic swab applied. Hand gloves usage re-emphasized."
OIL-HSE-2025-1362,2026-08-31,Drilling Rig E-1400 - Moran Block,Pipeline Services,Unsafe Condition,Caution sign for eye protection faded near grinding bench,"At Workover Rig #14 workshop, mandatory PPE warning sign ('Wear Safety Goggles') near bench grinder was severely faded due to sunlight exposure and hard to read.",0,0.11,None / Housekeeping,Procedural / Administrative,Safety Signage Faded by Sun Exposure,Workshop Maintenance,New high-visibility reflective vinyl warning sign installed.
OIL-HSE-2025-1363,2026-05-02,Duliajan GGS-3 (Gas Gathering Station),Production Oil & Gas,Unsafe Act,Grinding work started inside LPG bottling hall without hot work permit or LEL check,"At LPG Plant Duliajan, maintenance fitters started angle grinding on a steel bracket inside the LPG carousel filling shed (Zone 1 hazardous area) without issuing a Hot Work PTW or performing LEL gas test. Gas odor was noticeable nearby.",1,0.88,Hot Work,Procedural / Administrative,Hot Work in Zone-0 Gas Environment without Continuous Monitoring,Bracket Angle Grinding in LPG Shed,Grinding stopped instantly. Power disconnected. Gas monitoring detected 12% LEL LPG vapor. Area purged with nitrogen.
OIL-HSE-2025-1364,2026-07-03,Workover Rig #14 - Field Site Duliajan,Mechanical Maintenance,Unsafe Condition,LOTO key box tag number slightly smudged on lockout station cabinet,"At Moran OCS-2, paper identification label on isolation lockout box #12 was smudged by grease, making lock serial number 4821 appear like 4827.",0,0.25,Energy Isolation,Procedural / Administrative,LOTO Padlock Master Key Tagging Error,LOTO Station Maintenance,Label replaced with laminated industrial barcode tag.
OIL-HSE-2025-1365,2026-07-31,Drilling Rig E-1400 - Moran Block,Mechanical Maintenance,Unsafe Condition,Front right tire pressure low (18 PSI vs recommended 32 PSI) on field utility truck,"At Rajasthan Project (Jaisalmer), driver noticed utility pickup pulling slightly right. Pressure check showed 18 PSI due to slow nail puncture.",0,0.18,Driving,Equipment Integrity / Maintenance,Low Tire Pressure in Field Utility Vehicle,Field Transport,Spare tire mounted; damaged tire sent for vulcanizing repair.
OIL-HSE-2025-1366,2026-04-27,LPG Plant Duliajan,Production Oil & Gas,Unsafe Condition,Toe-board missing on ground-level valve pit access platform,"At Digboi Refinery Area, 100cm high handrail around valve pit #4 was missing a 10cm toe-board, allowing small hand tools to potentially roll into the shallow 1-meter deep pit.",0,0.22,Working at Height,Physical / Engineering Control,Missing Handrail Toe Board on Walkway,Valve Pit Inspection,Yellow steel toe-board fabricated and bolted to platform guardrail.
OIL-HSE-2025-1367,2026-06-05,Duliajan GGS-3 (Gas Gathering Station),Drilling & Workover,Unsafe Condition,Caution sign for eye protection faded near grinding bench,"At Workover Rig #14 workshop, mandatory PPE warning sign ('Wear Safety Goggles') near bench grinder was severely faded due to sunlight exposure and hard to read.",0,0.13,None / Housekeeping,Procedural / Administrative,Safety Signage Faded by Sun Exposure,Workshop Maintenance,New high-visibility reflective vinyl warning sign installed.
OIL-HSE-2025-1368,2026-06-21,LPG Plant Duliajan,Civil & Logistics,Unsafe Condition,Caution sign for eye protection faded near grinding bench,"At Workover Rig #14 workshop, mandatory PPE warning sign ('Wear Safety Goggles') near bench grinder was severely faded due to sunlight exposure and hard to read.",0,0.13,None / Housekeeping,Procedural / Administrative,Safety Signage Faded by Sun Exposure,Workshop Maintenance,New high-visibility reflective vinyl warning sign installed.
OIL-HSE-2025-1369,2026-09-02,Jorhat Compressor Station #5,HSE & Fire Safety,Unsafe Condition,Oily cotton waste discarded in plastic bin instead of metal self-closing bin,"At LPG Plant Duliajan mechanical workshop, oily cotton rags used for cleaning pump casings were thrown into an open plastic trash bin rather than designated heavy-duty self-closing metal fire-safe bins.",0,0.17,None / Housekeeping,Procedural / Administrative,Oily Rag Storage in Non-Approved Container,Workshop Equipment Wipedown,Rags transferred to designated red metal oily-waste bin. Tool box talk conducted on spontaneous combustion risks.
OIL-HSE-2025-1370,2026-06-02,Drilling Rig E-1400 - Moran Block,Pipeline Services,Near Miss,Heavy Crude bowser trailer lost brakes on steep incline near Digboi Hills,"A contract crude oil tanker (32,000L capacity) suffered brake fade while descending a 12% grade oilfield access road near Digboi oilfields. Vehicle swerved into emergency runaway ramp, narrowly avoiding rollover into populated village creek. Inspection revealed non-functional trailer brake shoes.",1,0.87,Driving,Procedural / Administrative,Heavy Explosive/Hydrocarbon Tanker Rollover on Narrow Oilfield Road,Crude Oil Road Transportation,Tanker impounded. Contractor vehicle fitness audit initiated across all crude bowser fleets.
OIL-HSE-2025-1371,2026-06-25,Drilling Rig E-1400 - Moran Block,Pipeline Services,Near Miss,Single valve isolation used for entry into Tank 102 while filling line was pressurized,"At Makum Crude Oil Terminal, entry permit was issued for Tank 102 internal lining inspection using only a single closed gate valve isolation on the incoming 16-inch crude inlet header (pressurized at 14 bar). Spectacle blind was not turned to blank position.",1,0.96,Confined Space,Physical / Engineering Control,Catastrophic Hydrocarbon Ingress into Crude Oil Storage Tank,Internal Storage Tank Inspection,Inspectors evacuated from tank immediately. Line de-pressurized and spectacle blind swiveled to spade position prior to re-entry.
OIL-HSE-2025-1372,2026-08-27,Workover Rig #14 - Field Site Duliajan,Drilling & Workover,Incident Report,Minor hand pinch while tightening flange bolt with combination spanner,"At Duliajan GGS-1, a mechanic slipped hand off a 24mm combination spanner while tightening a low-pressure water line bracket, pinching finger against pipe support. Resulted in minor skin abrasion on left index finger. First aid applied.",0,0.24,Line of Fire,PPE / Individual Protection,Minor Hand Pinched by Hand Tool,Water Line Bracket Tightening,First aid dressing applied. Advised worker to use correct posture and impact-resistant mechanics gloves.
OIL-HSE-2025-1373,2026-05-26,Duliajan GGS-3 (Gas Gathering Station),HSE & Fire Safety,Unsafe Condition,Small outer insulation scuff on 24V secondary welding return cable,"At Duliajan GGS-3 fabrication yard, rubber outer jacket of a 24V welding machine ground clamp cable had a 2cm scuff. Inner copper wire was intact and dry.",0,0.19,Hot Work,Equipment Integrity / Maintenance,Minor Insulation Tear on Low-Voltage Welding Lead,Workshop Structural Pipe Welding,Cable wrapped with heavy-duty vulcanizing electrical insulation tape.
OIL-HSE-2025-1374,2026-06-05,Moran OCS-2 (Oil Collecting Station),Civil & Logistics,Unsafe Condition,Front right tire pressure low (18 PSI vs recommended 32 PSI) on field utility truck,"At Rajasthan Project (Jaisalmer), driver noticed utility pickup pulling slightly right. Pressure check showed 18 PSI due to slow nail puncture.",0,0.19,Driving,Equipment Integrity / Maintenance,Low Tire Pressure in Field Utility Vehicle,Field Transport,Spare tire mounted; damaged tire sent for vulcanizing repair.
OIL-HSE-2025-1375,2026-04-13,Duliajan GGS-3 (Gas Gathering Station),Electrical & Instrumentation,Unsafe Condition,LOTO key box tag number slightly smudged on lockout station cabinet,"At Moran OCS-2, paper identification label on isolation lockout box #12 was smudged by grease, making lock serial number 4821 appear like 4827.",0,0.27,Energy Isolation,Procedural / Administrative,LOTO Padlock Master Key Tagging Error,LOTO Station Maintenance,Label replaced with laminated industrial barcode tag.
OIL-HSE-2025-1376,2026-08-02,Workover Rig #14 - Field Site Duliajan,Electrical & Instrumentation,Unsafe Condition,Portable eyewash bottle solution past expiration date in battery room,"During monthly HSE audit at Pipeline HQ Sekerkote, 500ml sterile eyewash bottle in UPS battery room was found 2 months past expiration date printed on bottle label.",0,0.16,None / Housekeeping,Equipment Integrity / Maintenance,Expired Eyewash Bottle Fluid,Substation Monthly HSE Audit,Expired bottle replaced with fresh sterile saline eyewash pack from first aid stock.
OIL-HSE-2025-1377,2026-04-15,KG Basin Offshore Base (Kakinada),Civil & Logistics,Unsafe Act,Grinding work started inside LPG bottling hall without hot work permit or LEL check,"At LPG Plant Duliajan, maintenance fitters started angle grinding on a steel bracket inside the LPG carousel filling shed (Zone 1 hazardous area) without issuing a Hot Work PTW or performing LEL gas test. Gas odor was noticeable nearby.",1,0.88,Hot Work,Procedural / Administrative,Hot Work in Zone-0 Gas Environment without Continuous Monitoring,Bracket Angle Grinding in LPG Shed,Grinding stopped instantly. Power disconnected. Gas monitoring detected 12% LEL LPG vapor. Area purged with nitrogen.
OIL-HSE-2025-1378,2026-08-13,Duliajan GGS-3 (Gas Gathering Station),Mechanical Maintenance,Unsafe Condition,Front right tire pressure low (18 PSI vs recommended 32 PSI) on field utility truck,"At Rajasthan Project (Jaisalmer), driver noticed utility pickup pulling slightly right. Pressure check showed 18 PSI due to slow nail puncture.",0,0.17,Driving,Equipment Integrity / Maintenance,Low Tire Pressure in Field Utility Vehicle,Field Transport,Spare tire mounted; damaged tire sent for vulcanizing repair.
OIL-HSE-2025-1379,2026-05-13,Jorhat Compressor Station #5,HSE & Fire Safety,Unsafe Condition,Caution sign for eye protection faded near grinding bench,"At Workover Rig #14 workshop, mandatory PPE warning sign ('Wear Safety Goggles') near bench grinder was severely faded due to sunlight exposure and hard to read.",0,0.14,None / Housekeeping,Procedural / Administrative,Safety Signage Faded by Sun Exposure,Workshop Maintenance,New high-visibility reflective vinyl warning sign installed.
OIL-HSE-2025-1380,2026-05-07,LPG Plant Duliajan,Drilling & Workover,Near Miss,Flange broke open on live gas line mistaking it for depressurized drain line,"At Jorhat Compressor Station #5, maintenance crew loosened all flange bolts on a 6-inch fuel gas feed pipe under 25 bar pressure, having misidentified it for the depressurized nitrogen purge line due to missing line tags. As flange gap widened, gas started escaping under high velocity.",1,0.92,System Opening,Procedural / Administrative,Pressurized Toxic Hydrocarbon Spray on Operators,Fuel Gas Filter Replacement,Workers evacuated area instantly. Main ESD valve activated. Line tagged properly and positive isolation (blind spade) installed.
OIL-HSE-2025-1381,2026-07-30,Rajasthan Project Drilling Rig #3 (Jaisalmer),Drilling & Workover,Unsafe Condition,Extension power cord laid across walkway without rubber cable crossover ramps,"At Moran OCS-2 office annex, an electrical extension cord for temporary lighting was routed across the main pedestrian corridor without rubber cable protection ramps, posing a trip hazard.",0,0.16,None / Housekeeping,Procedural / Administrative,Minor Trip Hazard from Loose Cables,Temporary Lighting Wiring,Cable rerouted overhead and rubber floor cable protection covers installed.
OIL-HSE-2025-1382,2026-04-01,Pipeline HQ Pump Station - Sekerkote,Drilling & Workover,Near Miss,Heavy Crude bowser trailer lost brakes on steep incline near Digboi Hills,"A contract crude oil tanker (32,000L capacity) suffered brake fade while descending a 12% grade oilfield access road near Digboi oilfields. Vehicle swerved into emergency runaway ramp, narrowly avoiding rollover into populated village creek. Inspection revealed non-functional trailer brake shoes.",1,0.87,Driving,Procedural / Administrative,Heavy Explosive/Hydrocarbon Tanker Rollover on Narrow Oilfield Road,Crude Oil Road Transportation,Tanker impounded. Contractor vehicle fitness audit initiated across all crude bowser fleets.
OIL-HSE-2025-1383,2026-05-15,Drilling Rig E-1400 - Moran Block,HSE & Fire Safety,Unsafe Condition,Oily cotton waste discarded in plastic bin instead of metal self-closing bin,"At LPG Plant Duliajan mechanical workshop, oily cotton rags used for cleaning pump casings were thrown into an open plastic trash bin rather than designated heavy-duty self-closing metal fire-safe bins.",0,0.14,None / Housekeeping,Procedural / Administrative,Oily Rag Storage in Non-Approved Container,Workshop Equipment Wipedown,Rags transferred to designated red metal oily-waste bin. Tool box talk conducted on spontaneous combustion risks.
OIL-HSE-2025-1384,2026-05-03,Pipeline HQ Pump Station - Sekerkote,HSE & Fire Safety,Unsafe Act,Technician left 10-inch adjustable wrench on stepladder top tray while taking lunch break,"At Digboi Refinery electrical shed, an electrician left an adjustable wrench on top of a 6-ft aluminum stepladder while stepping away for lunch break.",0,0.22,Line of Fire,Procedural / Administrative,Improper Storage of Hand Tools on Ladder Rung,Light Fixture Replacement,Wrench removed and placed in electrician tool pouch. Electrician counseled on tool drop prevention.
OIL-HSE-2025-1385,2026-04-03,LPG Plant Duliajan,Civil & Logistics,Unsafe Condition,Rainwater accumulation near control room steps due to clogged drain spout,"At Jorhat Compressor Station #5, heavy rain caused a 5cm deep rainwater puddle near control room entry steps because roof downspout drain was blocked with dry leaves.",0,0.23,None / Housekeeping,Procedural / Administrative,Water Puddle near Office Walkway Entrance,Routine Facilities Maintenance,Drain spout cleared of leaves. Wet floor warning sign placed until concrete dried.
OIL-HSE-2025-1386,2026-05-20,Makum Crude Oil Storage Terminal,HSE & Fire Safety,Unsafe Act,Technician left 10-inch adjustable wrench on stepladder top tray while taking lunch break,"At Digboi Refinery electrical shed, an electrician left an adjustable wrench on top of a 6-ft aluminum stepladder while stepping away for lunch break.",0,0.22,Line of Fire,Procedural / Administrative,Improper Storage of Hand Tools on Ladder Rung,Light Fixture Replacement,Wrench removed and placed in electrician tool pouch. Electrician counseled on tool drop prevention.
OIL-HSE-2025-1387,2026-03-25,Workover Rig #14 - Field Site Duliajan,Production Oil & Gas,Unsafe Condition,Plastic squeeze wash bottle containing isopropyl alcohol lacked GHS hazard label,"At LPG Plant Duliajan laboratory, a plastic squeeze bottle used for cleaning instrument sensor glass contained IPA solvent but lacked GHS chemical identification label.",0,0.18,None / Housekeeping,Procedural / Administrative,Unlabeled Chemical Wash Bottle,Lab Analytics & Glassware Cleaning,Standard GHS chemical sticker printed and attached showing solvent name and flammability pictogram.
OIL-HSE-2025-1388,2026-08-08,Drilling Rig E-1400 - Moran Block,Civil & Logistics,Incident Report,Store helper received minor wood splinter on palm while carrying wooden pallet without leather gloves,"At Duliajan Main Stores, a material handler lifted a rough wooden pallet without wearing leather cotton-backed work gloves, receiving a minor timber splinter in left palm.",0,0.19,Line of Fire,PPE / Individual Protection,Splinter Scratch from Unhandled Wooden Pallet,Warehouse Material Stacking,"Splinter removed using sterile tweezers, antiseptic swab applied. Hand gloves usage re-emphasized."
OIL-HSE-2025-1389,2026-08-03,Makum Crude Oil Storage Terminal,Civil & Logistics,Unsafe Condition,Scaffolding platform supporting 4 workers missing base plates and diagonal bracing,"At Duliajan GGS-3, a 9-meter high tubular scaffolding erected for valve replacement was found missing sole boards, base plates on wet muddy ground, and 60% of diagonal cross-braces. Platform was loaded with heavy chain blocks and valves.",1,0.92,Working at Height,Equipment Integrity / Maintenance,Collapse of Heavy Work Platform Scaffolding,Elevated Manifold Valve Replacement,Red 'UNSAFE - DO NOT USE' tag applied. Workers ordered off platform. Scaffolding dismantled and rebuilt under certified inspector supervision.
OIL-HSE-2025-1390,2026-04-03,Digboi Refinery Area,Electrical & Instrumentation,Unsafe Condition,Caution sign for eye protection faded near grinding bench,"At Workover Rig #14 workshop, mandatory PPE warning sign ('Wear Safety Goggles') near bench grinder was severely faded due to sunlight exposure and hard to read.",0,0.11,None / Housekeeping,Procedural / Administrative,Safety Signage Faded by Sun Exposure,Workshop Maintenance,New high-visibility reflective vinyl warning sign installed.
OIL-HSE-2025-1391,2026-05-09,Digboi Refinery Area,Electrical & Instrumentation,Unsafe Condition,LOTO key box tag number slightly smudged on lockout station cabinet,"At Moran OCS-2, paper identification label on isolation lockout box #12 was smudged by grease, making lock serial number 4821 appear like 4827.",0,0.25,Energy Isolation,Procedural / Administrative,LOTO Padlock Master Key Tagging Error,LOTO Station Maintenance,Label replaced with laminated industrial barcode tag.
OIL-HSE-2025-1392,2026-08-05,Rajasthan Project Drilling Rig #3 (Jaisalmer),HSE & Fire Safety,Unsafe Condition,Rainwater accumulation near control room steps due to clogged drain spout,"At Jorhat Compressor Station #5, heavy rain caused a 5cm deep rainwater puddle near control room entry steps because roof downspout drain was blocked with dry leaves.",0,0.23,None / Housekeeping,Procedural / Administrative,Water Puddle near Office Walkway Entrance,Routine Facilities Maintenance,Drain spout cleared of leaves. Wet floor warning sign placed until concrete dried.
OIL-HSE-2025-1393,2026-04-22,Pipeline HQ Pump Station - Sekerkote,HSE & Fire Safety,Unsafe Act,Contract helper wearing safety boots with completely worn-out anti-slip treads,"During safety walk at Moran OCS-2, a contract helper was noticed wearing safety boots where the rubber outsole tread was completely worn smooth, increasing slip risk on oily steel decks.",0,0.3,PPE / Individual Protection,PPE / Individual Protection,Worn-out Safety Boot Soles,Deck Cleaning & Sweeping,New pair of IS 15298 certified anti-slip safety boots issued from stores immediately.
OIL-HSE-2025-1394,2026-06-06,Makum Crude Oil Storage Terminal,Mechanical Maintenance,Unsafe Act,Contract helper wearing safety boots with completely worn-out anti-slip treads,"During safety walk at Moran OCS-2, a contract helper was noticed wearing safety boots where the rubber outsole tread was completely worn smooth, increasing slip risk on oily steel decks.",0,0.27,PPE / Individual Protection,PPE / Individual Protection,Worn-out Safety Boot Soles,Deck Cleaning & Sweeping,New pair of IS 15298 certified anti-slip safety boots issued from stores immediately.
OIL-HSE-2025-1395,2026-05-27,Jorhat Compressor Station #5,Mechanical Maintenance,Unsafe Condition,LOTO key box tag number slightly smudged on lockout station cabinet,"At Moran OCS-2, paper identification label on isolation lockout box #12 was smudged by grease, making lock serial number 4821 appear like 4827.",0,0.27,Energy Isolation,Procedural / Administrative,LOTO Padlock Master Key Tagging Error,LOTO Station Maintenance,Label replaced with laminated industrial barcode tag.
OIL-HSE-2025-1396,2026-07-17,Drilling Rig E-1400 - Moran Block,Civil & Logistics,Unsafe Condition,Front right tire pressure low (18 PSI vs recommended 32 PSI) on field utility truck,"At Rajasthan Project (Jaisalmer), driver noticed utility pickup pulling slightly right. Pressure check showed 18 PSI due to slow nail puncture.",0,0.15,Driving,Equipment Integrity / Maintenance,Low Tire Pressure in Field Utility Vehicle,Field Transport,Spare tire mounted; damaged tire sent for vulcanizing repair.
OIL-HSE-2025-1397,2026-03-25,LPG Plant Duliajan,Drilling & Workover,Unsafe Condition,Plastic squeeze wash bottle containing isopropyl alcohol lacked GHS hazard label,"At LPG Plant Duliajan laboratory, a plastic squeeze bottle used for cleaning instrument sensor glass contained IPA solvent but lacked GHS chemical identification label.",0,0.18,None / Housekeeping,Procedural / Administrative,Unlabeled Chemical Wash Bottle,Lab Analytics & Glassware Cleaning,Standard GHS chemical sticker printed and attached showing solvent name and flammability pictogram.
OIL-HSE-2025-1398,2026-08-18,LPG Plant Duliajan,Electrical & Instrumentation,Incident Report,Minor hand pinch while tightening flange bolt with combination spanner,"At Duliajan GGS-1, a mechanic slipped hand off a 24mm combination spanner while tightening a low-pressure water line bracket, pinching finger against pipe support. Resulted in minor skin abrasion on left index finger. First aid applied.",0,0.25,Line of Fire,PPE / Individual Protection,Minor Hand Pinched by Hand Tool,Water Line Bracket Tightening,First aid dressing applied. Advised worker to use correct posture and impact-resistant mechanics gloves.
OIL-HSE-2025-1399,2026-04-14,Rajasthan Project Drilling Rig #3 (Jaisalmer),Production Oil & Gas,Unsafe Condition,LOTO key box tag number slightly smudged on lockout station cabinet,"At Moran OCS-2, paper identification label on isolation lockout box #12 was smudged by grease, making lock serial number 4821 appear like 4827.",0,0.25,Energy Isolation,Procedural / Administrative,LOTO Padlock Master Key Tagging Error,LOTO Station Maintenance,Label replaced with laminated industrial barcode tag.
OIL-HSE-2025-1400,2026-07-01,Rajasthan Project Drilling Rig #3 (Jaisalmer),Mechanical Maintenance,Unsafe Condition,Left rear tail light bulb fused on field inspection Bolero vehicle,"During daily pre-trip inspection at Duliajan Field Operations, HSE marshal noted that the left rear tail light and brake light on inspection vehicle AS-06-X-1234 were inoperative.",0,0.29,Driving,Equipment Integrity / Maintenance,Non-Functional Tail Light on Pickup Van,Pre-Trip Vehicle Inspection,Vehicle sent to transport workshop for immediate bulb replacement before field deployment.
OIL-HSE-2025-1401,2026-08-21,Workover Rig #14 - Field Site Duliajan,Civil & Logistics,Unsafe Condition,Portable eyewash bottle solution past expiration date in battery room,"During monthly HSE audit at Pipeline HQ Sekerkote, 500ml sterile eyewash bottle in UPS battery room was found 2 months past expiration date printed on bottle label.",0,0.15,None / Housekeeping,Equipment Integrity / Maintenance,Expired Eyewash Bottle Fluid,Substation Monthly HSE Audit,Expired bottle replaced with fresh sterile saline eyewash pack from first aid stock.
OIL-HSE-2025-1402,2026-06-29,Drilling Rig E-1400 - Moran Block,Pipeline Services,Unsafe Condition,Caution sign for eye protection faded near grinding bench,"At Workover Rig #14 workshop, mandatory PPE warning sign ('Wear Safety Goggles') near bench grinder was severely faded due to sunlight exposure and hard to read.",0,0.11,None / Housekeeping,Procedural / Administrative,Safety Signage Faded by Sun Exposure,Workshop Maintenance,New high-visibility reflective vinyl warning sign installed.
OIL-HSE-2025-1403,2026-05-04,Moran OCS-2 (Oil Collecting Station),Civil & Logistics,Unsafe Act,Contract helper wearing safety boots with completely worn-out anti-slip treads,"During safety walk at Moran OCS-2, a contract helper was noticed wearing safety boots where the rubber outsole tread was completely worn smooth, increasing slip risk on oily steel decks.",0,0.29,PPE / Individual Protection,PPE / Individual Protection,Worn-out Safety Boot Soles,Deck Cleaning & Sweeping,New pair of IS 15298 certified anti-slip safety boots issued from stores immediately.
OIL-HSE-2025-1404,2026-03-15,Rajasthan Project Drilling Rig #3 (Jaisalmer),Mechanical Maintenance,Unsafe Condition,Small outer insulation scuff on 24V secondary welding return cable,"At Duliajan GGS-3 fabrication yard, rubber outer jacket of a 24V welding machine ground clamp cable had a 2cm scuff. Inner copper wire was intact and dry.",0,0.22,Hot Work,Equipment Integrity / Maintenance,Minor Insulation Tear on Low-Voltage Welding Lead,Workshop Structural Pipe Welding,Cable wrapped with heavy-duty vulcanizing electrical insulation tape.
OIL-HSE-2025-1405,2026-04-26,Rajasthan Project Drilling Rig #3 (Jaisalmer),Civil & Logistics,Unsafe Condition,11kV Substation breaker racking mechanism jammed open with exposed live busbars,"At Duliajan Main Substation, during maintenance of 11kV Feeder Breaker #4, the mechanical interlock jammed halfway while racking out breaker. The shutter mechanism failed to close, leaving 11,000V energized busbars fully exposed while technicians were working inside cabinet.",1,0.94,Energy Isolation,Equipment Integrity / Maintenance,High Voltage Electrical Flashover / Arc Blast Potential,High Voltage Switchgear Maintenance,Substation upstream transformer opened and grounded. Shutter mechanism repaired and retrofitted with secondary physical barrier.
OIL-HSE-2025-1406,2026-08-05,Jorhat Compressor Station #5,Drilling & Workover,Unsafe Condition,Small outer insulation scuff on 24V secondary welding return cable,"At Duliajan GGS-3 fabrication yard, rubber outer jacket of a 24V welding machine ground clamp cable had a 2cm scuff. Inner copper wire was intact and dry.",0,0.22,Hot Work,Equipment Integrity / Maintenance,Minor Insulation Tear on Low-Voltage Welding Lead,Workshop Structural Pipe Welding,Cable wrapped with heavy-duty vulcanizing electrical insulation tape.
OIL-HSE-2025-1407,2026-09-08,Workover Rig #14 - Field Site Duliajan,HSE & Fire Safety,Unsafe Condition,Small outer insulation scuff on 24V secondary welding return cable,"At Duliajan GGS-3 fabrication yard, rubber outer jacket of a 24V welding machine ground clamp cable had a 2cm scuff. Inner copper wire was intact and dry.",0,0.22,Hot Work,Equipment Integrity / Maintenance,Minor Insulation Tear on Low-Voltage Welding Lead,Workshop Structural Pipe Welding,Cable wrapped with heavy-duty vulcanizing electrical insulation tape.
OIL-HSE-2025-1408,2026-04-25,Drilling Rig E-1400 - Moran Block,HSE & Fire Safety,Incident Report,Store helper received minor wood splinter on palm while carrying wooden pallet without leather gloves,"At Duliajan Main Stores, a material handler lifted a rough wooden pallet without wearing leather cotton-backed work gloves, receiving a minor timber splinter in left palm.",0,0.22,Line of Fire,PPE / Individual Protection,Splinter Scratch from Unhandled Wooden Pallet,Warehouse Material Stacking,"Splinter removed using sterile tweezers, antiseptic swab applied. Hand gloves usage re-emphasized."
OIL-HSE-2025-1409,2026-07-05,Workover Rig #14 - Field Site Duliajan,Civil & Logistics,Unsafe Condition,Portable eyewash bottle solution past expiration date in battery room,"During monthly HSE audit at Pipeline HQ Sekerkote, 500ml sterile eyewash bottle in UPS battery room was found 2 months past expiration date printed on bottle label.",0,0.16,None / Housekeeping,Equipment Integrity / Maintenance,Expired Eyewash Bottle Fluid,Substation Monthly HSE Audit,Expired bottle replaced with fresh sterile saline eyewash pack from first aid stock.
OIL-HSE-2025-1410,2026-05-11,Workover Rig #14 - Field Site Duliajan,Pipeline Services,Near Miss,50-Ton Mobile Crane outriggers sank into uncompacted soil during 18-ton mud pump lift,"At Rajasthan Project Rig #3 (Jaisalmer), a 50-ton hydraulic mobile crane was lifting an 18-ton mud pump engine skid. The front right outrigger pad suddenly sank 30cm into uncompacted sandy soil due to missing steel spreader plates. The crane tilted 12 degrees with load suspended 3 meters in air.",1,0.87,Safe Mechanical Lifting,Physical / Engineering Control,Crane Overturn & Structural Collapse during Critical Heavy Lift,Heavy Rig Equipment Positioning,"Load gently lowered back to ground. Ground load-bearing test conducted, heavy steel mats placed under outrigger pads before re-lift."
OIL-HSE-2025-1411,2026-05-13,Pipeline HQ Pump Station - Sekerkote,Drilling & Workover,Incident Report,Minor hand pinch while tightening flange bolt with combination spanner,"At Duliajan GGS-1, a mechanic slipped hand off a 24mm combination spanner while tightening a low-pressure water line bracket, pinching finger against pipe support. Resulted in minor skin abrasion on left index finger. First aid applied.",0,0.26,Line of Fire,PPE / Individual Protection,Minor Hand Pinched by Hand Tool,Water Line Bracket Tightening,First aid dressing applied. Advised worker to use correct posture and impact-resistant mechanics gloves.
OIL-HSE-2025-1412,2026-08-02,Jorhat Compressor Station #5,Civil & Logistics,Unsafe Act,Technician left 10-inch adjustable wrench on stepladder top tray while taking lunch break,"At Digboi Refinery electrical shed, an electrician left an adjustable wrench on top of a 6-ft aluminum stepladder while stepping away for lunch break.",0,0.23,Line of Fire,Procedural / Administrative,Improper Storage of Hand Tools on Ladder Rung,Light Fixture Replacement,Wrench removed and placed in electrician tool pouch. Electrician counseled on tool drop prevention.
OIL-HSE-2025-1413,2026-04-23,Workover Rig #14 - Field Site Duliajan,Production Oil & Gas,Unsafe Condition,Plastic squeeze wash bottle containing isopropyl alcohol lacked GHS hazard label,"At LPG Plant Duliajan laboratory, a plastic squeeze bottle used for cleaning instrument sensor glass contained IPA solvent but lacked GHS chemical identification label.",0,0.19,None / Housekeeping,Procedural / Administrative,Unlabeled Chemical Wash Bottle,Lab Analytics & Glassware Cleaning,Standard GHS chemical sticker printed and attached showing solvent name and flammability pictogram.
OIL-HSE-2025-1414,2026-06-11,Digboi Refinery Area,Civil & Logistics,Unsafe Condition,Rainwater accumulation near control room steps due to clogged drain spout,"At Jorhat Compressor Station #5, heavy rain caused a 5cm deep rainwater puddle near control room entry steps because roof downspout drain was blocked with dry leaves.",0,0.23,None / Housekeeping,Procedural / Administrative,Water Puddle near Office Walkway Entrance,Routine Facilities Maintenance,Drain spout cleared of leaves. Wet floor warning sign placed until concrete dried.
OIL-HSE-2025-1415,2026-04-19,Pipeline HQ Pump Station - Sekerkote,Production Oil & Gas,Unsafe Condition,Rainwater accumulation near control room steps due to clogged drain spout,"At Jorhat Compressor Station #5, heavy rain caused a 5cm deep rainwater puddle near control room entry steps because roof downspout drain was blocked with dry leaves.",0,0.23,None / Housekeeping,Procedural / Administrative,Water Puddle near Office Walkway Entrance,Routine Facilities Maintenance,Drain spout cleared of leaves. Wet floor warning sign placed until concrete dried.
OIL-HSE-2025-1416,2026-04-19,Duliajan GGS-1 (Gas Gathering Station),Production Oil & Gas,Unsafe Condition,Caution sign for eye protection faded near grinding bench,"At Workover Rig #14 workshop, mandatory PPE warning sign ('Wear Safety Goggles') near bench grinder was severely faded due to sunlight exposure and hard to read.",0,0.12,None / Housekeeping,Procedural / Administrative,Safety Signage Faded by Sun Exposure,Workshop Maintenance,New high-visibility reflective vinyl warning sign installed.
OIL-HSE-2025-1417,2026-05-26,Workover Rig #14 - Field Site Duliajan,Mechanical Maintenance,Unsafe Condition,Oily cotton waste discarded in plastic bin instead of metal self-closing bin,"At LPG Plant Duliajan mechanical workshop, oily cotton rags used for cleaning pump casings were thrown into an open plastic trash bin rather than designated heavy-duty self-closing metal fire-safe bins.",0,0.13,None / Housekeeping,Procedural / Administrative,Oily Rag Storage in Non-Approved Container,Workshop Equipment Wipedown,Rags transferred to designated red metal oily-waste bin. Tool box talk conducted on spontaneous combustion risks.
OIL-HSE-2025-1418,2026-08-05,Pipeline HQ Pump Station - Sekerkote,Pipeline Services,Unsafe Condition,Plastic squeeze wash bottle containing isopropyl alcohol lacked GHS hazard label,"At LPG Plant Duliajan laboratory, a plastic squeeze bottle used for cleaning instrument sensor glass contained IPA solvent but lacked GHS chemical identification label.",0,0.17,None / Housekeeping,Procedural / Administrative,Unlabeled Chemical Wash Bottle,Lab Analytics & Glassware Cleaning,Standard GHS chemical sticker printed and attached showing solvent name and flammability pictogram.
OIL-HSE-2025-1419,2026-08-25,LPG Plant Duliajan,Drilling & Workover,Unsafe Condition,Toe-board missing on ground-level valve pit access platform,"At Digboi Refinery Area, 100cm high handrail around valve pit #4 was missing a 10cm toe-board, allowing small hand tools to potentially roll into the shallow 1-meter deep pit.",0,0.22,Working at Height,Physical / Engineering Control,Missing Handrail Toe Board on Walkway,Valve Pit Inspection,Yellow steel toe-board fabricated and bolted to platform guardrail.
OIL-HSE-2025-1420,2026-06-02,Duliajan GGS-3 (Gas Gathering Station),Civil & Logistics,Unsafe Condition,LOTO key box tag number slightly smudged on lockout station cabinet,"At Moran OCS-2, paper identification label on isolation lockout box #12 was smudged by grease, making lock serial number 4821 appear like 4827.",0,0.26,Energy Isolation,Procedural / Administrative,LOTO Padlock Master Key Tagging Error,LOTO Station Maintenance,Label replaced with laminated industrial barcode tag.
OIL-HSE-2025-1421,2026-05-02,Makum Crude Oil Storage Terminal,Production Oil & Gas,Incident Report,Store helper received minor wood splinter on palm while carrying wooden pallet without leather gloves,"At Duliajan Main Stores, a material handler lifted a rough wooden pallet without wearing leather cotton-backed work gloves, receiving a minor timber splinter in left palm.",0,0.2,Line of Fire,PPE / Individual Protection,Splinter Scratch from Unhandled Wooden Pallet,Warehouse Material Stacking,"Splinter removed using sterile tweezers, antiseptic swab applied. Hand gloves usage re-emphasized."
OIL-HSE-2025-1422,2026-04-10,Jorhat Compressor Station #5,Pipeline Services,Unsafe Condition,Front right tire pressure low (18 PSI vs recommended 32 PSI) on field utility truck,"At Rajasthan Project (Jaisalmer), driver noticed utility pickup pulling slightly right. Pressure check showed 18 PSI due to slow nail puncture.",0,0.18,Driving,Equipment Integrity / Maintenance,Low Tire Pressure in Field Utility Vehicle,Field Transport,Spare tire mounted; damaged tire sent for vulcanizing repair.
OIL-HSE-2025-1423,2026-03-18,Rajasthan Project Drilling Rig #3 (Jaisalmer),Civil & Logistics,Unsafe Condition,Small outer insulation scuff on 24V secondary welding return cable,"At Duliajan GGS-3 fabrication yard, rubber outer jacket of a 24V welding machine ground clamp cable had a 2cm scuff. Inner copper wire was intact and dry.",0,0.18,Hot Work,Equipment Integrity / Maintenance,Minor Insulation Tear on Low-Voltage Welding Lead,Workshop Structural Pipe Welding,Cable wrapped with heavy-duty vulcanizing electrical insulation tape.
OIL-HSE-2025-1424,2026-05-22,KG Basin Offshore Base (Kakinada),Mechanical Maintenance,Unsafe Condition,Caution sign for eye protection faded near grinding bench,"At Workover Rig #14 workshop, mandatory PPE warning sign ('Wear Safety Goggles') near bench grinder was severely faded due to sunlight exposure and hard to read.",0,0.13,None / Housekeeping,Procedural / Administrative,Safety Signage Faded by Sun Exposure,Workshop Maintenance,New high-visibility reflective vinyl warning sign installed.
OIL-HSE-2025-1425,2026-05-01,Rajasthan Project Drilling Rig #3 (Jaisalmer),Pipeline Services,Unsafe Act,Contract helper wearing safety boots with completely worn-out anti-slip treads,"During safety walk at Moran OCS-2, a contract helper was noticed wearing safety boots where the rubber outsole tread was completely worn smooth, increasing slip risk on oily steel decks.",0,0.3,PPE / Individual Protection,PPE / Individual Protection,Worn-out Safety Boot Soles,Deck Cleaning & Sweeping,New pair of IS 15298 certified anti-slip safety boots issued from stores immediately.
OIL-HSE-2025-1426,2026-04-20,Pipeline HQ Pump Station - Sekerkote,Mechanical Maintenance,Unsafe Condition,High-pressure separator ESD trip valve jumpered out without management override authorization,"During routine HSE audit at Moran OCS-2, auditors discovered that the high-pressure trip sensor (PSHH-204) on Crude Separator-2 had been bypassed using an electrical jumper wire on the PLC panel to prevent nuisance tripping during flow surges, leaving vessel vulnerable to catastrophic over-pressurization.",1,0.91,Bypassing Safety Controls,Supervisory & Management Controls,Defeated Emergency Pressure Shut Down (ESD) Interlock,Oil Separation & Normal Operations,Jumper removed immediately. Emergency shutdown logic restored. Management Change (MOC) review initiated against shift engineer.
OIL-HSE-2025-1427,2026-09-09,Moran OCS-2 (Oil Collecting Station),HSE & Fire Safety,Unsafe Condition,Left rear tail light bulb fused on field inspection Bolero vehicle,"During daily pre-trip inspection at Duliajan Field Operations, HSE marshal noted that the left rear tail light and brake light on inspection vehicle AS-06-X-1234 were inoperative.",0,0.31,Driving,Equipment Integrity / Maintenance,Non-Functional Tail Light on Pickup Van,Pre-Trip Vehicle Inspection,Vehicle sent to transport workshop for immediate bulb replacement before field deployment.
OIL-HSE-2025-1428,2026-04-13,Duliajan GGS-3 (Gas Gathering Station),Production Oil & Gas,Unsafe Condition,Left rear tail light bulb fused on field inspection Bolero vehicle,"During daily pre-trip inspection at Duliajan Field Operations, HSE marshal noted that the left rear tail light and brake light on inspection vehicle AS-06-X-1234 were inoperative.",0,0.3,Driving,Equipment Integrity / Maintenance,Non-Functional Tail Light on Pickup Van,Pre-Trip Vehicle Inspection,Vehicle sent to transport workshop for immediate bulb replacement before field deployment.
OIL-HSE-2025-1429,2026-08-09,Rajasthan Project Drilling Rig #3 (Jaisalmer),Drilling & Workover,Unsafe Condition,Left rear tail light bulb fused on field inspection Bolero vehicle,"During daily pre-trip inspection at Duliajan Field Operations, HSE marshal noted that the left rear tail light and brake light on inspection vehicle AS-06-X-1234 were inoperative.",0,0.29,Driving,Equipment Integrity / Maintenance,Non-Functional Tail Light on Pickup Van,Pre-Trip Vehicle Inspection,Vehicle sent to transport workshop for immediate bulb replacement before field deployment.
OIL-HSE-2025-1430,2026-04-03,Drilling Rig E-1400 - Moran Block,HSE & Fire Safety,Unsafe Condition,Plastic squeeze wash bottle containing isopropyl alcohol lacked GHS hazard label,"At LPG Plant Duliajan laboratory, a plastic squeeze bottle used for cleaning instrument sensor glass contained IPA solvent but lacked GHS chemical identification label.",0,0.2,None / Housekeeping,Procedural / Administrative,Unlabeled Chemical Wash Bottle,Lab Analytics & Glassware Cleaning,Standard GHS chemical sticker printed and attached showing solvent name and flammability pictogram.
OIL-HSE-2025-1431,2026-06-23,Duliajan GGS-1 (Gas Gathering Station),Production Oil & Gas,Unsafe Condition,Left rear tail light bulb fused on field inspection Bolero vehicle,"During daily pre-trip inspection at Duliajan Field Operations, HSE marshal noted that the left rear tail light and brake light on inspection vehicle AS-06-X-1234 were inoperative.",0,0.32,Driving,Equipment Integrity / Maintenance,Non-Functional Tail Light on Pickup Van,Pre-Trip Vehicle Inspection,Vehicle sent to transport workshop for immediate bulb replacement before field deployment.
OIL-HSE-2025-1432,2026-08-12,Drilling Rig E-1400 - Moran Block,Civil & Logistics,Unsafe Condition,Small outer insulation scuff on 24V secondary welding return cable,"At Duliajan GGS-3 fabrication yard, rubber outer jacket of a 24V welding machine ground clamp cable had a 2cm scuff. Inner copper wire was intact and dry.",0,0.19,Hot Work,Equipment Integrity / Maintenance,Minor Insulation Tear on Low-Voltage Welding Lead,Workshop Structural Pipe Welding,Cable wrapped with heavy-duty vulcanizing electrical insulation tape.
OIL-HSE-2025-1433,2026-07-17,Duliajan GGS-3 (Gas Gathering Station),Civil & Logistics,Unsafe Act,Technician left 10-inch adjustable wrench on stepladder top tray while taking lunch break,"At Digboi Refinery electrical shed, an electrician left an adjustable wrench on top of a 6-ft aluminum stepladder while stepping away for lunch break.",0,0.22,Line of Fire,Procedural / Administrative,Improper Storage of Hand Tools on Ladder Rung,Light Fixture Replacement,Wrench removed and placed in electrician tool pouch. Electrician counseled on tool drop prevention.
OIL-HSE-2025-1434,2026-09-01,KG Basin Offshore Base (Kakinada),HSE & Fire Safety,Unsafe Act,Grinding work started inside LPG bottling hall without hot work permit or LEL check,"At LPG Plant Duliajan, maintenance fitters started angle grinding on a steel bracket inside the LPG carousel filling shed (Zone 1 hazardous area) without issuing a Hot Work PTW or performing LEL gas test. Gas odor was noticeable nearby.",1,0.88,Hot Work,Procedural / Administrative,Hot Work in Zone-0 Gas Environment without Continuous Monitoring,Bracket Angle Grinding in LPG Shed,Grinding stopped instantly. Power disconnected. Gas monitoring detected 12% LEL LPG vapor. Area purged with nitrogen.
OIL-HSE-2025-1435,2026-05-11,LPG Plant Duliajan,Civil & Logistics,Unsafe Condition,LOTO key box tag number slightly smudged on lockout station cabinet,"At Moran OCS-2, paper identification label on isolation lockout box #12 was smudged by grease, making lock serial number 4821 appear like 4827.",0,0.26,Energy Isolation,Procedural / Administrative,LOTO Padlock Master Key Tagging Error,LOTO Station Maintenance,Label replaced with laminated industrial barcode tag.
OIL-HSE-2025-1436,2026-08-10,Drilling Rig E-1400 - Moran Block,HSE & Fire Safety,Near Miss,Frayed wire rope sling snapped partially during 4.5-ton casing pipe lift on derrick floor,"At Workover Rig #14 Duliajan, while hoisting a bundle of 4.5-inch drill pipes (approx 4.5 tons) to the monkey board, one of the strands on the wire rope sling parted with a sharp popping sound. The load swung violently over the drill floor where three roughnecks were standing. Fortunately, safety latch held and workers scrambled out of the drop zone.",1,0.92,Line of Fire,Equipment Integrity / Maintenance,Dropped Heavy Tubular Potential from Height,Pipe Hoisting to Derrick Monkey Board,"Lift suspended. Defective sling removed from service, quarantined, and destroyed. Complete load-lifting tackle inspection enforced."
OIL-HSE-2025-1437,2026-07-05,Duliajan GGS-3 (Gas Gathering Station),Electrical & Instrumentation,Unsafe Condition,Small outer insulation scuff on 24V secondary welding return cable,"At Duliajan GGS-3 fabrication yard, rubber outer jacket of a 24V welding machine ground clamp cable had a 2cm scuff. Inner copper wire was intact and dry.",0,0.21,Hot Work,Equipment Integrity / Maintenance,Minor Insulation Tear on Low-Voltage Welding Lead,Workshop Structural Pipe Welding,Cable wrapped with heavy-duty vulcanizing electrical insulation tape.
OIL-HSE-2025-1438,2026-08-25,LPG Plant Duliajan,Civil & Logistics,Unsafe Condition,11kV Substation breaker racking mechanism jammed open with exposed live busbars,"At Duliajan Main Substation, during maintenance of 11kV Feeder Breaker #4, the mechanical interlock jammed halfway while racking out breaker. The shutter mechanism failed to close, leaving 11,000V energized busbars fully exposed while technicians were working inside cabinet.",1,0.92,Energy Isolation,Equipment Integrity / Maintenance,High Voltage Electrical Flashover / Arc Blast Potential,High Voltage Switchgear Maintenance,Substation upstream transformer opened and grounded. Shutter mechanism repaired and retrofitted with secondary physical barrier.
OIL-HSE-2025-1439,2026-06-26,LPG Plant Duliajan,Electrical & Instrumentation,Unsafe Condition,LOTO key box tag number slightly smudged on lockout station cabinet,"At Moran OCS-2, paper identification label on isolation lockout box #12 was smudged by grease, making lock serial number 4821 appear like 4827.",0,0.27,Energy Isolation,Procedural / Administrative,LOTO Padlock Master Key Tagging Error,LOTO Station Maintenance,Label replaced with laminated industrial barcode tag.
OIL-HSE-2025-1440,2026-04-03,Moran OCS-2 (Oil Collecting Station),Pipeline Services,Unsafe Condition,Portable eyewash bottle solution past expiration date in battery room,"During monthly HSE audit at Pipeline HQ Sekerkote, 500ml sterile eyewash bottle in UPS battery room was found 2 months past expiration date printed on bottle label.",0,0.16,None / Housekeeping,Equipment Integrity / Maintenance,Expired Eyewash Bottle Fluid,Substation Monthly HSE Audit,Expired bottle replaced with fresh sterile saline eyewash pack from first aid stock.
OIL-HSE-2025-1441,2026-03-24,Workover Rig #14 - Field Site Duliajan,Electrical & Instrumentation,Unsafe Condition,Small outer insulation scuff on 24V secondary welding return cable,"At Duliajan GGS-3 fabrication yard, rubber outer jacket of a 24V welding machine ground clamp cable had a 2cm scuff. Inner copper wire was intact and dry.",0,0.21,Hot Work,Equipment Integrity / Maintenance,Minor Insulation Tear on Low-Voltage Welding Lead,Workshop Structural Pipe Welding,Cable wrapped with heavy-duty vulcanizing electrical insulation tape.
OIL-HSE-2025-1442,2026-07-08,Duliajan GGS-3 (Gas Gathering Station),Mechanical Maintenance,Unsafe Condition,Small outer insulation scuff on 24V secondary welding return cable,"At Duliajan GGS-3 fabrication yard, rubber outer jacket of a 24V welding machine ground clamp cable had a 2cm scuff. Inner copper wire was intact and dry.",0,0.18,Hot Work,Equipment Integrity / Maintenance,Minor Insulation Tear on Low-Voltage Welding Lead,Workshop Structural Pipe Welding,Cable wrapped with heavy-duty vulcanizing electrical insulation tape.
OIL-HSE-2025-1443,2026-05-11,Drilling Rig E-1400 - Moran Block,Electrical & Instrumentation,Unsafe Condition,Oily cotton waste discarded in plastic bin instead of metal self-closing bin,"At LPG Plant Duliajan mechanical workshop, oily cotton rags used for cleaning pump casings were thrown into an open plastic trash bin rather than designated heavy-duty self-closing metal fire-safe bins.",0,0.15,None / Housekeeping,Procedural / Administrative,Oily Rag Storage in Non-Approved Container,Workshop Equipment Wipedown,Rags transferred to designated red metal oily-waste bin. Tool box talk conducted on spontaneous combustion risks.
OIL-HSE-2025-1444,2026-07-20,KG Basin Offshore Base (Kakinada),Drilling & Workover,Unsafe Condition,Portable eyewash bottle solution past expiration date in battery room,"During monthly HSE audit at Pipeline HQ Sekerkote, 500ml sterile eyewash bottle in UPS battery room was found 2 months past expiration date printed on bottle label.",0,0.17,None / Housekeeping,Equipment Integrity / Maintenance,Expired Eyewash Bottle Fluid,Substation Monthly HSE Audit,Expired bottle replaced with fresh sterile saline eyewash pack from first aid stock.
OIL-HSE-2025-1445,2026-03-16,LPG Plant Duliajan,HSE & Fire Safety,Unsafe Condition,Small outer insulation scuff on 24V secondary welding return cable,"At Duliajan GGS-3 fabrication yard, rubber outer jacket of a 24V welding machine ground clamp cable had a 2cm scuff. Inner copper wire was intact and dry.",0,0.22,Hot Work,Equipment Integrity / Maintenance,Minor Insulation Tear on Low-Voltage Welding Lead,Workshop Structural Pipe Welding,Cable wrapped with heavy-duty vulcanizing electrical insulation tape.
OIL-HSE-2025-1446,2026-03-19,Pipeline HQ Pump Station - Sekerkote,Mechanical Maintenance,Unsafe Act,Technician left 10-inch adjustable wrench on stepladder top tray while taking lunch break,"At Digboi Refinery electrical shed, an electrician left an adjustable wrench on top of a 6-ft aluminum stepladder while stepping away for lunch break.",0,0.24,Line of Fire,Procedural / Administrative,Improper Storage of Hand Tools on Ladder Rung,Light Fixture Replacement,Wrench removed and placed in electrician tool pouch. Electrician counseled on tool drop prevention.
OIL-HSE-2025-1447,2026-08-08,Duliajan GGS-3 (Gas Gathering Station),Electrical & Instrumentation,Unsafe Condition,11kV Substation breaker racking mechanism jammed open with exposed live busbars,"At Duliajan Main Substation, during maintenance of 11kV Feeder Breaker #4, the mechanical interlock jammed halfway while racking out breaker. The shutter mechanism failed to close, leaving 11,000V energized busbars fully exposed while technicians were working inside cabinet.",1,0.92,Energy Isolation,Equipment Integrity / Maintenance,High Voltage Electrical Flashover / Arc Blast Potential,High Voltage Switchgear Maintenance,Substation upstream transformer opened and grounded. Shutter mechanism repaired and retrofitted with secondary physical barrier.
OIL-HSE-2025-1448,2026-08-23,Duliajan GGS-3 (Gas Gathering Station),Mechanical Maintenance,Unsafe Condition,Toe-board missing on ground-level valve pit access platform,"At Digboi Refinery Area, 100cm high handrail around valve pit #4 was missing a 10cm toe-board, allowing small hand tools to potentially roll into the shallow 1-meter deep pit.",0,0.2,Working at Height,Physical / Engineering Control,Missing Handrail Toe Board on Walkway,Valve Pit Inspection,Yellow steel toe-board fabricated and bolted to platform guardrail.
OIL-HSE-2025-1449,2026-03-24,LPG Plant Duliajan,Mechanical Maintenance,Unsafe Act,Technician left 10-inch adjustable wrench on stepladder top tray while taking lunch break,"At Digboi Refinery electrical shed, an electrician left an adjustable wrench on top of a 6-ft aluminum stepladder while stepping away for lunch break.",0,0.23,Line of Fire,Procedural / Administrative,Improper Storage of Hand Tools on Ladder Rung,Light Fixture Replacement,Wrench removed and placed in electrician tool pouch. Electrician counseled on tool drop prevention.
OIL-HSE-2025-1450,2026-05-30,KG Basin Offshore Base (Kakinada),HSE & Fire Safety,Near Miss,High-pressure cement pumping hose whip-check restraint missing at 4000 PSI,"During cementing operation at Drilling Rig E-1400 Moran, a 3-inch high-pressure flexible cement discharge line (operating at 4000 PSI) had its safety whip-check cable unhooked during rig-up. Coupling began leaking slurry under intense vibration.",1,0.93,Line of Fire,Physical / Engineering Control,Unrestrained High-Pressure Flexible Hose Whip Hazard,Well Casing Cementing Operation,Cement pumps throttled down safely. Pressure bled to zero; certified steel whip-check cables installed and clamped.
OIL-HSE-2025-1451,2026-06-11,Duliajan GGS-3 (Gas Gathering Station),Electrical & Instrumentation,Unsafe Condition,Small outer insulation scuff on 24V secondary welding return cable,"At Duliajan GGS-3 fabrication yard, rubber outer jacket of a 24V welding machine ground clamp cable had a 2cm scuff. Inner copper wire was intact and dry.",0,0.2,Hot Work,Equipment Integrity / Maintenance,Minor Insulation Tear on Low-Voltage Welding Lead,Workshop Structural Pipe Welding,Cable wrapped with heavy-duty vulcanizing electrical insulation tape.
OIL-HSE-2025-1452,2026-07-28,Duliajan GGS-1 (Gas Gathering Station),Pipeline Services,Unsafe Condition,Portable eyewash bottle solution past expiration date in battery room,"During monthly HSE audit at Pipeline HQ Sekerkote, 500ml sterile eyewash bottle in UPS battery room was found 2 months past expiration date printed on bottle label.",0,0.16,None / Housekeeping,Equipment Integrity / Maintenance,Expired Eyewash Bottle Fluid,Substation Monthly HSE Audit,Expired bottle replaced with fresh sterile saline eyewash pack from first aid stock.
OIL-HSE-2025-1453,2026-05-10,Drilling Rig E-1400 - Moran Block,Drilling & Workover,Unsafe Condition,Rainwater accumulation near control room steps due to clogged drain spout,"At Jorhat Compressor Station #5, heavy rain caused a 5cm deep rainwater puddle near control room entry steps because roof downspout drain was blocked with dry leaves.",0,0.26,None / Housekeeping,Procedural / Administrative,Water Puddle near Office Walkway Entrance,Routine Facilities Maintenance,Drain spout cleared of leaves. Wet floor warning sign placed until concrete dried.
OIL-HSE-2025-1454,2026-05-20,Workover Rig #14 - Field Site Duliajan,Mechanical Maintenance,Near Miss,High-pressure cement pumping hose whip-check restraint missing at 4000 PSI,"During cementing operation at Drilling Rig E-1400 Moran, a 3-inch high-pressure flexible cement discharge line (operating at 4000 PSI) had its safety whip-check cable unhooked during rig-up. Coupling began leaking slurry under intense vibration.",1,0.94,Line of Fire,Physical / Engineering Control,Unrestrained High-Pressure Flexible Hose Whip Hazard,Well Casing Cementing Operation,Cement pumps throttled down safely. Pressure bled to zero; certified steel whip-check cables installed and clamped.
OIL-HSE-2025-1455,2026-05-04,Rajasthan Project Drilling Rig #3 (Jaisalmer),Production Oil & Gas,Near Miss,High-pressure cement pumping hose whip-check restraint missing at 4000 PSI,"During cementing operation at Drilling Rig E-1400 Moran, a 3-inch high-pressure flexible cement discharge line (operating at 4000 PSI) had its safety whip-check cable unhooked during rig-up. Coupling began leaking slurry under intense vibration.",1,0.94,Line of Fire,Physical / Engineering Control,Unrestrained High-Pressure Flexible Hose Whip Hazard,Well Casing Cementing Operation,Cement pumps throttled down safely. Pressure bled to zero; certified steel whip-check cables installed and clamped.
OIL-HSE-2025-1456,2026-03-23,Duliajan GGS-1 (Gas Gathering Station),Drilling & Workover,Unsafe Condition,Rainwater accumulation near control room steps due to clogged drain spout,"At Jorhat Compressor Station #5, heavy rain caused a 5cm deep rainwater puddle near control room entry steps because roof downspout drain was blocked with dry leaves.",0,0.23,None / Housekeeping,Procedural / Administrative,Water Puddle near Office Walkway Entrance,Routine Facilities Maintenance,Drain spout cleared of leaves. Wet floor warning sign placed until concrete dried.
OIL-HSE-2025-1457,2026-08-05,Rajasthan Project Drilling Rig #3 (Jaisalmer),Electrical & Instrumentation,Unsafe Act,Technician left 10-inch adjustable wrench on stepladder top tray while taking lunch break,"At Digboi Refinery electrical shed, an electrician left an adjustable wrench on top of a 6-ft aluminum stepladder while stepping away for lunch break.",0,0.23,Line of Fire,Procedural / Administrative,Improper Storage of Hand Tools on Ladder Rung,Light Fixture Replacement,Wrench removed and placed in electrician tool pouch. Electrician counseled on tool drop prevention.
OIL-HSE-2025-1458,2026-03-26,Pipeline HQ Pump Station - Sekerkote,Drilling & Workover,Unsafe Act,Technician left 10-inch adjustable wrench on stepladder top tray while taking lunch break,"At Digboi Refinery electrical shed, an electrician left an adjustable wrench on top of a 6-ft aluminum stepladder while stepping away for lunch break.",0,0.23,Line of Fire,Procedural / Administrative,Improper Storage of Hand Tools on Ladder Rung,Light Fixture Replacement,Wrench removed and placed in electrician tool pouch. Electrician counseled on tool drop prevention.
OIL-HSE-2025-1459,2026-05-21,Digboi Refinery Area,HSE & Fire Safety,Unsafe Condition,High-pressure separator ESD trip valve jumpered out without management override authorization,"During routine HSE audit at Moran OCS-2, auditors discovered that the high-pressure trip sensor (PSHH-204) on Crude Separator-2 had been bypassed using an electrical jumper wire on the PLC panel to prevent nuisance tripping during flow surges, leaving vessel vulnerable to catastrophic over-pressurization.",1,0.92,Bypassing Safety Controls,Supervisory & Management Controls,Defeated Emergency Pressure Shut Down (ESD) Interlock,Oil Separation & Normal Operations,Jumper removed immediately. Emergency shutdown logic restored. Management Change (MOC) review initiated against shift engineer.
OIL-HSE-2025-1460,2026-04-14,KG Basin Offshore Base (Kakinada),Production Oil & Gas,Incident Report,Minor hand pinch while tightening flange bolt with combination spanner,"At Duliajan GGS-1, a mechanic slipped hand off a 24mm combination spanner while tightening a low-pressure water line bracket, pinching finger against pipe support. Resulted in minor skin abrasion on left index finger. First aid applied.",0,0.25,Line of Fire,PPE / Individual Protection,Minor Hand Pinched by Hand Tool,Water Line Bracket Tightening,First aid dressing applied. Advised worker to use correct posture and impact-resistant mechanics gloves.
OIL-HSE-2025-1461,2026-06-05,Drilling Rig E-1400 - Moran Block,Drilling & Workover,Unsafe Condition,Extension power cord laid across walkway without rubber cable crossover ramps,"At Moran OCS-2 office annex, an electrical extension cord for temporary lighting was routed across the main pedestrian corridor without rubber cable protection ramps, posing a trip hazard.",0,0.17,None / Housekeeping,Procedural / Administrative,Minor Trip Hazard from Loose Cables,Temporary Lighting Wiring,Cable rerouted overhead and rubber floor cable protection covers installed.
OIL-HSE-2025-1462,2026-09-05,Jorhat Compressor Station #5,Production Oil & Gas,Unsafe Condition,Caution sign for eye protection faded near grinding bench,"At Workover Rig #14 workshop, mandatory PPE warning sign ('Wear Safety Goggles') near bench grinder was severely faded due to sunlight exposure and hard to read.",0,0.12,None / Housekeeping,Procedural / Administrative,Safety Signage Faded by Sun Exposure,Workshop Maintenance,New high-visibility reflective vinyl warning sign installed.
OIL-HSE-2025-1463,2026-06-11,LPG Plant Duliajan,Production Oil & Gas,Unsafe Condition,11kV Substation breaker racking mechanism jammed open with exposed live busbars,"At Duliajan Main Substation, during maintenance of 11kV Feeder Breaker #4, the mechanical interlock jammed halfway while racking out breaker. The shutter mechanism failed to close, leaving 11,000V energized busbars fully exposed while technicians were working inside cabinet.",1,0.95,Energy Isolation,Equipment Integrity / Maintenance,High Voltage Electrical Flashover / Arc Blast Potential,High Voltage Switchgear Maintenance,Substation upstream transformer opened and grounded. Shutter mechanism repaired and retrofitted with secondary physical barrier.
OIL-HSE-2025-1464,2026-07-05,Drilling Rig E-1400 - Moran Block,Electrical & Instrumentation,Unsafe Condition,Rainwater accumulation near control room steps due to clogged drain spout,"At Jorhat Compressor Station #5, heavy rain caused a 5cm deep rainwater puddle near control room entry steps because roof downspout drain was blocked with dry leaves.",0,0.23,None / Housekeeping,Procedural / Administrative,Water Puddle near Office Walkway Entrance,Routine Facilities Maintenance,Drain spout cleared of leaves. Wet floor warning sign placed until concrete dried.
OIL-HSE-2025-1465,2026-04-04,KG Basin Offshore Base (Kakinada),Pipeline Services,Incident Report,Store helper received minor wood splinter on palm while carrying wooden pallet without leather gloves,"At Duliajan Main Stores, a material handler lifted a rough wooden pallet without wearing leather cotton-backed work gloves, receiving a minor timber splinter in left palm.",0,0.22,Line of Fire,PPE / Individual Protection,Splinter Scratch from Unhandled Wooden Pallet,Warehouse Material Stacking,"Splinter removed using sterile tweezers, antiseptic swab applied. Hand gloves usage re-emphasized."
OIL-HSE-2025-1466,2026-07-24,KG Basin Offshore Base (Kakinada),Drilling & Workover,Unsafe Condition,Caution sign for eye protection faded near grinding bench,"At Workover Rig #14 workshop, mandatory PPE warning sign ('Wear Safety Goggles') near bench grinder was severely faded due to sunlight exposure and hard to read.",0,0.13,None / Housekeeping,Procedural / Administrative,Safety Signage Faded by Sun Exposure,Workshop Maintenance,New high-visibility reflective vinyl warning sign installed.
OIL-HSE-2025-1467,2026-04-07,Duliajan GGS-3 (Gas Gathering Station),Electrical & Instrumentation,Unsafe Condition,Extension power cord laid across walkway without rubber cable crossover ramps,"At Moran OCS-2 office annex, an electrical extension cord for temporary lighting was routed across the main pedestrian corridor without rubber cable protection ramps, posing a trip hazard.",0,0.19,None / Housekeeping,Procedural / Administrative,Minor Trip Hazard from Loose Cables,Temporary Lighting Wiring,Cable rerouted overhead and rubber floor cable protection covers installed.
OIL-HSE-2025-1468,2026-05-05,Rajasthan Project Drilling Rig #3 (Jaisalmer),Electrical & Instrumentation,Unsafe Act,Contract helper wearing safety boots with completely worn-out anti-slip treads,"During safety walk at Moran OCS-2, a contract helper was noticed wearing safety boots where the rubber outsole tread was completely worn smooth, increasing slip risk on oily steel decks.",0,0.27,PPE / Individual Protection,PPE / Individual Protection,Worn-out Safety Boot Soles,Deck Cleaning & Sweeping,New pair of IS 15298 certified anti-slip safety boots issued from stores immediately.
OIL-HSE-2025-1469,2026-08-28,Pipeline HQ Pump Station - Sekerkote,Civil & Logistics,Unsafe Condition,Small outer insulation scuff on 24V secondary welding return cable,"At Duliajan GGS-3 fabrication yard, rubber outer jacket of a 24V welding machine ground clamp cable had a 2cm scuff. Inner copper wire was intact and dry.",0,0.21,Hot Work,Equipment Integrity / Maintenance,Minor Insulation Tear on Low-Voltage Welding Lead,Workshop Structural Pipe Welding,Cable wrapped with heavy-duty vulcanizing electrical insulation tape.
OIL-HSE-2025-1470,2026-08-21,Jorhat Compressor Station #5,Drilling & Workover,Unsafe Condition,Toe-board missing on ground-level valve pit access platform,"At Digboi Refinery Area, 100cm high handrail around valve pit #4 was missing a 10cm toe-board, allowing small hand tools to potentially roll into the shallow 1-meter deep pit.",0,0.23,Working at Height,Physical / Engineering Control,Missing Handrail Toe Board on Walkway,Valve Pit Inspection,Yellow steel toe-board fabricated and bolted to platform guardrail.
OIL-HSE-2025-1471,2026-07-31,Makum Crude Oil Storage Terminal,Production Oil & Gas,Near Miss,Frayed wire rope sling snapped partially during 4.5-ton casing pipe lift on derrick floor,"At Workover Rig #14 Duliajan, while hoisting a bundle of 4.5-inch drill pipes (approx 4.5 tons) to the monkey board, one of the strands on the wire rope sling parted with a sharp popping sound. The load swung violently over the drill floor where three roughnecks were standing. Fortunately, safety latch held and workers scrambled out of the drop zone.",1,0.9,Line of Fire,Equipment Integrity / Maintenance,Dropped Heavy Tubular Potential from Height,Pipe Hoisting to Derrick Monkey Board,"Lift suspended. Defective sling removed from service, quarantined, and destroyed. Complete load-lifting tackle inspection enforced."
OIL-HSE-2025-1472,2026-07-28,Jorhat Compressor Station #5,Civil & Logistics,Unsafe Condition,Front right tire pressure low (18 PSI vs recommended 32 PSI) on field utility truck,"At Rajasthan Project (Jaisalmer), driver noticed utility pickup pulling slightly right. Pressure check showed 18 PSI due to slow nail puncture.",0,0.17,Driving,Equipment Integrity / Maintenance,Low Tire Pressure in Field Utility Vehicle,Field Transport,Spare tire mounted; damaged tire sent for vulcanizing repair.
OIL-HSE-2025-1473,2026-06-08,Drilling Rig E-1400 - Moran Block,Pipeline Services,Unsafe Condition,Extension power cord laid across walkway without rubber cable crossover ramps,"At Moran OCS-2 office annex, an electrical extension cord for temporary lighting was routed across the main pedestrian corridor without rubber cable protection ramps, posing a trip hazard.",0,0.18,None / Housekeeping,Procedural / Administrative,Minor Trip Hazard from Loose Cables,Temporary Lighting Wiring,Cable rerouted overhead and rubber floor cable protection covers installed.
OIL-HSE-2025-1474,2026-04-06,KG Basin Offshore Base (Kakinada),Electrical & Instrumentation,Unsafe Act,Contract worker attempted entry into Slop Tank #3 without gas testing or standby attendant,"At Moran OCS-2, a contractor cleaner was observed lowering a ladder into Slop Tank #3 (classified confined space) to clean sludge without conducting pre-entry gas testing for H2S/LEL or having a trained standby attendant with SCBA present. Tank had been isolated only 2 hours prior and contained residual sour crude hydrocarbon vapors.",1,0.97,Confined Space,Procedural / Administrative,Toxic H2S Gas Exposure & Oxygen Deficiency in Closed Vessel,Slop Tank Internal Desludging,Worker halted immediately prior to entry. Work permit suspended; gas test conducted showing 18 ppm H2S (above STEL limit). Forced draft ventilation installed.
OIL-HSE-2025-1475,2026-04-04,Workover Rig #14 - Field Site Duliajan,HSE & Fire Safety,Incident Report,Store helper received minor wood splinter on palm while carrying wooden pallet without leather gloves,"At Duliajan Main Stores, a material handler lifted a rough wooden pallet without wearing leather cotton-backed work gloves, receiving a minor timber splinter in left palm.",0,0.21,Line of Fire,PPE / Individual Protection,Splinter Scratch from Unhandled Wooden Pallet,Warehouse Material Stacking,"Splinter removed using sterile tweezers, antiseptic swab applied. Hand gloves usage re-emphasized."
OIL-HSE-2025-1476,2026-08-23,KG Basin Offshore Base (Kakinada),HSE & Fire Safety,Unsafe Condition,Left rear tail light bulb fused on field inspection Bolero vehicle,"During daily pre-trip inspection at Duliajan Field Operations, HSE marshal noted that the left rear tail light and brake light on inspection vehicle AS-06-X-1234 were inoperative.",0,0.3,Driving,Equipment Integrity / Maintenance,Non-Functional Tail Light on Pickup Van,Pre-Trip Vehicle Inspection,Vehicle sent to transport workshop for immediate bulb replacement before field deployment.
OIL-HSE-2025-1477,2026-08-11,KG Basin Offshore Base (Kakinada),Production Oil & Gas,Unsafe Condition,Front right tire pressure low (18 PSI vs recommended 32 PSI) on field utility truck,"At Rajasthan Project (Jaisalmer), driver noticed utility pickup pulling slightly right. Pressure check showed 18 PSI due to slow nail puncture.",0,0.16,Driving,Equipment Integrity / Maintenance,Low Tire Pressure in Field Utility Vehicle,Field Transport,Spare tire mounted; damaged tire sent for vulcanizing repair.
OIL-HSE-2025-1478,2026-04-20,Digboi Refinery Area,Pipeline Services,Unsafe Condition,Front right tire pressure low (18 PSI vs recommended 32 PSI) on field utility truck,"At Rajasthan Project (Jaisalmer), driver noticed utility pickup pulling slightly right. Pressure check showed 18 PSI due to slow nail puncture.",0,0.18,Driving,Equipment Integrity / Maintenance,Low Tire Pressure in Field Utility Vehicle,Field Transport,Spare tire mounted; damaged tire sent for vulcanizing repair.
OIL-HSE-2025-1479,2026-04-24,Duliajan GGS-3 (Gas Gathering Station),Civil & Logistics,Unsafe Condition,Left rear tail light bulb fused on field inspection Bolero vehicle,"During daily pre-trip inspection at Duliajan Field Operations, HSE marshal noted that the left rear tail light and brake light on inspection vehicle AS-06-X-1234 were inoperative.",0,0.29,Driving,Equipment Integrity / Maintenance,Non-Functional Tail Light on Pickup Van,Pre-Trip Vehicle Inspection,Vehicle sent to transport workshop for immediate bulb replacement before field deployment.
OIL-HSE-2025-1480,2026-03-27,Duliajan GGS-1 (Gas Gathering Station),Electrical & Instrumentation,Unsafe Condition,LOTO key box tag number slightly smudged on lockout station cabinet,"At Moran OCS-2, paper identification label on isolation lockout box #12 was smudged by grease, making lock serial number 4821 appear like 4827.",0,0.26,Energy Isolation,Procedural / Administrative,LOTO Padlock Master Key Tagging Error,LOTO Station Maintenance,Label replaced with laminated industrial barcode tag.
OIL-HSE-2025-1481,2026-08-30,LPG Plant Duliajan,Electrical & Instrumentation,Unsafe Condition,Extension power cord laid across walkway without rubber cable crossover ramps,"At Moran OCS-2 office annex, an electrical extension cord for temporary lighting was routed across the main pedestrian corridor without rubber cable protection ramps, posing a trip hazard.",0,0.18,None / Housekeeping,Procedural / Administrative,Minor Trip Hazard from Loose Cables,Temporary Lighting Wiring,Cable rerouted overhead and rubber floor cable protection covers installed.
OIL-HSE-2025-1482,2026-06-29,Duliajan GGS-1 (Gas Gathering Station),Production Oil & Gas,Unsafe Act,Contract helper wearing safety boots with completely worn-out anti-slip treads,"During safety walk at Moran OCS-2, a contract helper was noticed wearing safety boots where the rubber outsole tread was completely worn smooth, increasing slip risk on oily steel decks.",0,0.28,PPE / Individual Protection,PPE / Individual Protection,Worn-out Safety Boot Soles,Deck Cleaning & Sweeping,New pair of IS 15298 certified anti-slip safety boots issued from stores immediately.
OIL-HSE-2025-1483,2026-08-28,Drilling Rig E-1400 - Moran Block,Civil & Logistics,Unsafe Condition,Toe-board missing on ground-level valve pit access platform,"At Digboi Refinery Area, 100cm high handrail around valve pit #4 was missing a 10cm toe-board, allowing small hand tools to potentially roll into the shallow 1-meter deep pit.",0,0.24,Working at Height,Physical / Engineering Control,Missing Handrail Toe Board on Walkway,Valve Pit Inspection,Yellow steel toe-board fabricated and bolted to platform guardrail.
OIL-HSE-2025-1484,2026-03-29,Jorhat Compressor Station #5,Drilling & Workover,Unsafe Condition,Small outer insulation scuff on 24V secondary welding return cable,"At Duliajan GGS-3 fabrication yard, rubber outer jacket of a 24V welding machine ground clamp cable had a 2cm scuff. Inner copper wire was intact and dry.",0,0.22,Hot Work,Equipment Integrity / Maintenance,Minor Insulation Tear on Low-Voltage Welding Lead,Workshop Structural Pipe Welding,Cable wrapped with heavy-duty vulcanizing electrical insulation tape.
OIL-HSE-2025-1485,2026-05-27,Jorhat Compressor Station #5,Production Oil & Gas,Near Miss,High-pressure mud line maintenance initiated without LOTO & residual pressure bleed,"During maintenance of Mud Pump #2 at Drilling Rig E-1400 Moran, a technician began loosening the flange bolts on the 3000 PSI discharge mud line without verifying Lockout/Tagout (LOTO) or bleeding residual pressure. A minor hiss was heard, and pressure gauge still read 450 PSI. Work was immediately stopped by HSE supervisor. Bleed valve was clogged with dry mud.",1,0.96,Energy Isolation,Procedural / Administrative,Unisolated Struck-By & Stored High-Pressure Energy Hazard,Mud Pump Flange Maintenance,"Job stopped immediately. De-pressurization confirmed through auxiliary bleed line, LOTO applied with double valve isolation."
OIL-HSE-2025-1486,2026-05-07,Pipeline HQ Pump Station - Sekerkote,Mechanical Maintenance,Unsafe Condition,Extension power cord laid across walkway without rubber cable crossover ramps,"At Moran OCS-2 office annex, an electrical extension cord for temporary lighting was routed across the main pedestrian corridor without rubber cable protection ramps, posing a trip hazard.",0,0.17,None / Housekeeping,Procedural / Administrative,Minor Trip Hazard from Loose Cables,Temporary Lighting Wiring,Cable rerouted overhead and rubber floor cable protection covers installed.
OIL-HSE-2025-1487,2026-05-09,Makum Crude Oil Storage Terminal,Pipeline Services,Unsafe Condition,Left rear tail light bulb fused on field inspection Bolero vehicle,"During daily pre-trip inspection at Duliajan Field Operations, HSE marshal noted that the left rear tail light and brake light on inspection vehicle AS-06-X-1234 were inoperative.",0,0.29,Driving,Equipment Integrity / Maintenance,Non-Functional Tail Light on Pickup Van,Pre-Trip Vehicle Inspection,Vehicle sent to transport workshop for immediate bulb replacement before field deployment.
OIL-HSE-2025-1488,2026-08-17,Rajasthan Project Drilling Rig #3 (Jaisalmer),Production Oil & Gas,Unsafe Condition,Plastic squeeze wash bottle containing isopropyl alcohol lacked GHS hazard label,"At LPG Plant Duliajan laboratory, a plastic squeeze bottle used for cleaning instrument sensor glass contained IPA solvent but lacked GHS chemical identification label.",0,0.18,None / Housekeeping,Procedural / Administrative,Unlabeled Chemical Wash Bottle,Lab Analytics & Glassware Cleaning,Standard GHS chemical sticker printed and attached showing solvent name and flammability pictogram.
OIL-HSE-2025-1489,2026-04-23,KG Basin Offshore Base (Kakinada),Mechanical Maintenance,Unsafe Condition,Rainwater accumulation near control room steps due to clogged drain spout,"At Jorhat Compressor Station #5, heavy rain caused a 5cm deep rainwater puddle near control room entry steps because roof downspout drain was blocked with dry leaves.",0,0.23,None / Housekeeping,Procedural / Administrative,Water Puddle near Office Walkway Entrance,Routine Facilities Maintenance,Drain spout cleared of leaves. Wet floor warning sign placed until concrete dried.
OIL-HSE-2025-1490,2026-07-20,Moran OCS-2 (Oil Collecting Station),Electrical & Instrumentation,Unsafe Condition,Toe-board missing on ground-level valve pit access platform,"At Digboi Refinery Area, 100cm high handrail around valve pit #4 was missing a 10cm toe-board, allowing small hand tools to potentially roll into the shallow 1-meter deep pit.",0,0.24,Working at Height,Physical / Engineering Control,Missing Handrail Toe Board on Walkway,Valve Pit Inspection,Yellow steel toe-board fabricated and bolted to platform guardrail.
OIL-HSE-2025-1491,2026-06-30,Pipeline HQ Pump Station - Sekerkote,Mechanical Maintenance,Unsafe Condition,Plastic squeeze wash bottle containing isopropyl alcohol lacked GHS hazard label,"At LPG Plant Duliajan laboratory, a plastic squeeze bottle used for cleaning instrument sensor glass contained IPA solvent but lacked GHS chemical identification label.",0,0.17,None / Housekeeping,Procedural / Administrative,Unlabeled Chemical Wash Bottle,Lab Analytics & Glassware Cleaning,Standard GHS chemical sticker printed and attached showing solvent name and flammability pictogram.
OIL-HSE-2025-1492,2026-08-12,Digboi Refinery Area,Drilling & Workover,Unsafe Condition,Plastic squeeze wash bottle containing isopropyl alcohol lacked GHS hazard label,"At LPG Plant Duliajan laboratory, a plastic squeeze bottle used for cleaning instrument sensor glass contained IPA solvent but lacked GHS chemical identification label.",0,0.2,None / Housekeeping,Procedural / Administrative,Unlabeled Chemical Wash Bottle,Lab Analytics & Glassware Cleaning,Standard GHS chemical sticker printed and attached showing solvent name and flammability pictogram.
OIL-HSE-2025-1493,2026-04-27,LPG Plant Duliajan,Civil & Logistics,Unsafe Condition,Rainwater accumulation near control room steps due to clogged drain spout,"At Jorhat Compressor Station #5, heavy rain caused a 5cm deep rainwater puddle near control room entry steps because roof downspout drain was blocked with dry leaves.",0,0.22,None / Housekeeping,Procedural / Administrative,Water Puddle near Office Walkway Entrance,Routine Facilities Maintenance,Drain spout cleared of leaves. Wet floor warning sign placed until concrete dried.
OIL-HSE-2025-1494,2026-07-03,Moran OCS-2 (Oil Collecting Station),Mechanical Maintenance,Unsafe Condition,Left rear tail light bulb fused on field inspection Bolero vehicle,"During daily pre-trip inspection at Duliajan Field Operations, HSE marshal noted that the left rear tail light and brake light on inspection vehicle AS-06-X-1234 were inoperative.",0,0.31,Driving,Equipment Integrity / Maintenance,Non-Functional Tail Light on Pickup Van,Pre-Trip Vehicle Inspection,Vehicle sent to transport workshop for immediate bulb replacement before field deployment.
OIL-HSE-2025-1495,2026-04-29,Moran OCS-2 (Oil Collecting Station),Electrical & Instrumentation,Near Miss,50-Ton Mobile Crane outriggers sank into uncompacted soil during 18-ton mud pump lift,"At Rajasthan Project Rig #3 (Jaisalmer), a 50-ton hydraulic mobile crane was lifting an 18-ton mud pump engine skid. The front right outrigger pad suddenly sank 30cm into uncompacted sandy soil due to missing steel spreader plates. The crane tilted 12 degrees with load suspended 3 meters in air.",1,0.87,Safe Mechanical Lifting,Physical / Engineering Control,Crane Overturn & Structural Collapse during Critical Heavy Lift,Heavy Rig Equipment Positioning,"Load gently lowered back to ground. Ground load-bearing test conducted, heavy steel mats placed under outrigger pads before re-lift."
OIL-HSE-2025-1496,2026-06-12,Jorhat Compressor Station #5,Civil & Logistics,Unsafe Condition,Front right tire pressure low (18 PSI vs recommended 32 PSI) on field utility truck,"At Rajasthan Project (Jaisalmer), driver noticed utility pickup pulling slightly right. Pressure check showed 18 PSI due to slow nail puncture.",0,0.15,Driving,Equipment Integrity / Maintenance,Low Tire Pressure in Field Utility Vehicle,Field Transport,Spare tire mounted; damaged tire sent for vulcanizing repair.
OIL-HSE-2025-1497,2026-03-21,Drilling Rig E-1400 - Moran Block,Pipeline Services,Unsafe Act,Technician left 10-inch adjustable wrench on stepladder top tray while taking lunch break,"At Digboi Refinery electrical shed, an electrician left an adjustable wrench on top of a 6-ft aluminum stepladder while stepping away for lunch break.",0,0.22,Line of Fire,Procedural / Administrative,Improper Storage of Hand Tools on Ladder Rung,Light Fixture Replacement,Wrench removed and placed in electrician tool pouch. Electrician counseled on tool drop prevention.
OIL-HSE-2025-1498,2026-06-09,Rajasthan Project Drilling Rig #3 (Jaisalmer),Electrical & Instrumentation,Unsafe Condition,Small outer insulation scuff on 24V secondary welding return cable,"At Duliajan GGS-3 fabrication yard, rubber outer jacket of a 24V welding machine ground clamp cable had a 2cm scuff. Inner copper wire was intact and dry.",0,0.19,Hot Work,Equipment Integrity / Maintenance,Minor Insulation Tear on Low-Voltage Welding Lead,Workshop Structural Pipe Welding,Cable wrapped with heavy-duty vulcanizing electrical insulation tape.
OIL-HSE-2025-1499,2026-06-19,Duliajan GGS-3 (Gas Gathering Station),Drilling & Workover,Unsafe Condition,High-pressure separator ESD trip valve jumpered out without management override authorization,"During routine HSE audit at Moran OCS-2, auditors discovered that the high-pressure trip sensor (PSHH-204) on Crude Separator-2 had been bypassed using an electrical jumper wire on the PLC panel to prevent nuisance tripping during flow surges, leaving vessel vulnerable to catastrophic over-pressurization.",1,0.89,Bypassing Safety Controls,Supervisory & Management Controls,Defeated Emergency Pressure Shut Down (ESD) Interlock,Oil Separation & Normal Operations,Jumper removed immediately. Emergency shutdown logic restored. Management Change (MOC) review initiated against shift engineer.
OIL-HSE-2025-1500,2026-03-31,Workover Rig #14 - Field Site Duliajan,Civil & Logistics,Incident Report,Minor hand pinch while tightening flange bolt with combination spanner,"At Duliajan GGS-1, a mechanic slipped hand off a 24mm combination spanner while tightening a low-pressure water line bracket, pinching finger against pipe support. Resulted in minor skin abrasion on left index finger. First aid applied.",0,0.24,Line of Fire,PPE / Individual Protection,Minor Hand Pinched by Hand Tool,Water Line Bracket Tightening,First aid dressing applied. Advised worker to use correct posture and impact-resistant mechanics gloves.
OIL-HSE-2025-1501,2026-09-20,Baghjan Field #5,Workover & Operations,Unsafe Condition,Test Official Report with Image Upload Support,2-inch high pressure chiksan line vibration recorded during well testing operations at Baghjan.,1,0.94,Line of Fire,,,Well testing & pressure monitoring,
OIL-HSE-2025-1502,2026-09-20,Baghjan Field #5,Workover & Operations,Unsafe Condition,"During workover operations at Baghjan, 2-inch Chiksan line s...","During workover operations at Baghjan, 2-inch Chiksan line surged to 2400 PSI while whip check cable was unsecured.",1,0.94,Line of Fire,,,Workover operations & high pressure line maintenance,
OIL-HSE-2025-1503,2026-09-20,Baghjan Field #5,Workover & Operations,Unsafe Condition,"During workover operations at Baghjan, 2-inch Chiksan line s...","During workover operations at Baghjan, 2-inch Chiksan line surged to 2400 PSI while whip check cable was unsecured.",1,0.94,Line of Fire,,,Workover operations & high pressure line maintenance,
OIL-HSE-2025-1504,2026-09-20,Baghjan Field #5,Workover & Operations,Unsafe Condition,Damaged whip-check cable observed on high pressure chiksan line,"During pre-job safety inspection on Baghjan #5 workover derrick, the safety whip-check cable on the 2,400 PSI chiksan line was found frayed and missing its retaining pin.",1,0.94,Line of Fire,,,Chiksan pressure line rigging & test,
