ID,EventDate,Employer,NAICS,EventTitle,Final Narrative,Hospitalized,Amputation
201500508,2023-05-05,Industrial Energy Corp #14,486110,Truck driver slipped on icy step of crude haulage tanker,"Crude oil transport driver slipped on icy metal footstep while descending from truck cab, spraining right ankle. Treated at outpatient urgent care and released same day.",0,0
201500191,2023-12-24,Industrial Energy Corp #12,237120,Technician eye irritation from washing chemical solvent,Technician was cleaning valve parts with solvent spray when minor droplet splashed around safety glasses into left eye. Eye was flushed at eyewash station for 15 minutes. Returned to full work next morning.,0,0
201500496,2023-05-21,Industrial Energy Corp #2,213112,Worker bruised foot from dropped hand wrench,"A 12-inch adjustable wrench fell from a 4-foot workbench onto a helper's steel-toed safety boot. Boot cap protected toes, resulting in minor foot contusion.",0,0
201500384,2023-01-21,Industrial Energy Corp #10,213112,Worker bruised foot from dropped hand wrench,"A 12-inch adjustable wrench fell from a 4-foot workbench onto a helper's steel-toed safety boot. Boot cap protected toes, resulting in minor foot contusion.",0,0
201500130,2023-11-19,Industrial Energy Corp #11,213112,Derrickman fell 15 feet from monkey board platform,"Derrickman was guiding drill pipe at the monkey board elevated platform when his safety harness lanyard detached from the inertia reel. Worker fell 15 feet onto the derrick substructure, sustaining spinal fractures.",1,0
201500192,2023-01-25,Industrial Energy Corp #13,213112,Worker bruised foot from dropped hand wrench,"A 12-inch adjustable wrench fell from a 4-foot workbench onto a helper's steel-toed safety boot. Boot cap protected toes, resulting in minor foot contusion.",0,0
201500085,2023-02-02,Industrial Energy Corp #11,213112,Derrickman fell 15 feet from monkey board platform,"Derrickman was guiding drill pipe at the monkey board elevated platform when his safety harness lanyard detached from the inertia reel. Worker fell 15 feet onto the derrick substructure, sustaining spinal fractures.",1,0
201500497,2023-06-22,Industrial Energy Corp #3,486110,Truck driver slipped on icy step of crude haulage tanker,"Crude oil transport driver slipped on icy metal footstep while descending from truck cab, spraining right ankle. Treated at outpatient urgent care and released same day.",0,0
201500057,2023-10-02,Industrial Energy Corp #13,237120,Welder exposed to flash fire during pipe welding,"Contract welder was cutting a structural beam near an unpurged hydrocarbon drain valve. Accumulated flammable gas ignited, causing second-degree thermal burns to arms and neck. Required 4-day inpatient hospitalization.",1,0
201500490,2023-11-15,Industrial Energy Corp #11,486110,Truck driver slipped on icy step of crude haulage tanker,"Crude oil transport driver slipped on icy metal footstep while descending from truck cab, spraining right ankle. Treated at outpatient urgent care and released same day.",0,0
201500107,2023-12-24,Industrial Energy Corp #3,211111,Floorhand fingers pinched in rotary table tongs,"On a drilling rig floor, an employee was operating breakout tongs during tripping out of hole. His left hand slipped into the pinch point between the tong jaw and drill collar, resulting in partial index finger amputation.",1,1
201500258,2023-07-07,Industrial Energy Corp #4,213112,Worker bruised foot from dropped hand wrench,"A 12-inch adjustable wrench fell from a 4-foot workbench onto a helper's steel-toed safety boot. Boot cap protected toes, resulting in minor foot contusion.",0,0
201500008,2023-09-09,Industrial Energy Corp #9,211111,Operator overcome by H2S gas inside separator vessel,Employee entered a sour crude separator vessel without testing atmospheric gas levels or wearing SCBA. High concentration of hydrogen sulfide (H2S) caused instant loss of consciousness. Co-worker pulled operator out.,1,0
201500347,2023-12-12,Industrial Energy Corp #3,486110,Truck driver slipped on icy step of crude haulage tanker,"Crude oil transport driver slipped on icy metal footstep while descending from truck cab, spraining right ankle. Treated at outpatient urgent care and released same day.",0,0
201500270,2023-07-19,Industrial Energy Corp #1,213112,Worker bruised foot from dropped hand wrench,"A 12-inch adjustable wrench fell from a 4-foot workbench onto a helper's steel-toed safety boot. Boot cap protected toes, resulting in minor foot contusion.",0,0
201500593,2023-06-06,Industrial Energy Corp #9,213112,Worker bruised foot from dropped hand wrench,"A 12-inch adjustable wrench fell from a 4-foot workbench onto a helper's steel-toed safety boot. Boot cap protected toes, resulting in minor foot contusion.",0,0
201500015,2023-04-16,Industrial Energy Corp #1,237120,Welder exposed to flash fire during pipe welding,"Contract welder was cutting a structural beam near an unpurged hydrocarbon drain valve. Accumulated flammable gas ignited, causing second-degree thermal burns to arms and neck. Required 4-day inpatient hospitalization.",1,0
201500229,2023-02-06,Industrial Energy Corp #5,237120,Technician eye irritation from washing chemical solvent,Technician was cleaning valve parts with solvent spray when minor droplet splashed around safety glasses into left eye. Eye was flushed at eyewash station for 15 minutes. Returned to full work next morning.,0,0
201500400,2023-05-09,Industrial Energy Corp #11,213112,Worker bruised foot from dropped hand wrench,"A 12-inch adjustable wrench fell from a 4-foot workbench onto a helper's steel-toed safety boot. Boot cap protected toes, resulting in minor foot contusion.",0,0
201500474,2023-07-27,Industrial Energy Corp #10,213111,Mechanic hand abrasion while replacing V-belt,"Mechanic was replacing a fan belt on an auxiliary generator. His glove caught on the motor pulley shear point, resulting in minor skin laceration on thumb. Received first aid at local clinic, no hospitalization required.",0,0
201500302,2023-03-23,Industrial Energy Corp #3,486110,Truck driver slipped on icy step of crude haulage tanker,"Crude oil transport driver slipped on icy metal footstep while descending from truck cab, spraining right ankle. Treated at outpatient urgent care and released same day.",0,0
201500215,2023-12-20,Industrial Energy Corp #6,213111,Mechanic hand abrasion while replacing V-belt,"Mechanic was replacing a fan belt on an auxiliary generator. His glove caught on the motor pulley shear point, resulting in minor skin laceration on thumb. Received first aid at local clinic, no hospitalization required.",0,0
201500558,2023-07-27,Industrial Energy Corp #4,237120,Technician eye irritation from washing chemical solvent,Technician was cleaning valve parts with solvent spray when minor droplet splashed around safety glasses into left eye. Eye was flushed at eyewash station for 15 minutes. Returned to full work next morning.,0,0
201500100,2023-05-17,Industrial Energy Corp #11,211111,Operator overcome by H2S gas inside separator vessel,Employee entered a sour crude separator vessel without testing atmospheric gas levels or wearing SCBA. High concentration of hydrogen sulfide (H2S) caused instant loss of consciousness. Co-worker pulled operator out.,1,0
201500374,2023-03-11,Industrial Energy Corp #15,213111,Mechanic hand abrasion while replacing V-belt,"Mechanic was replacing a fan belt on an auxiliary generator. His glove caught on the motor pulley shear point, resulting in minor skin laceration on thumb. Received first aid at local clinic, no hospitalization required.",0,0
201500526,2023-11-23,Industrial Energy Corp #2,213111,Mechanic hand abrasion while replacing V-belt,"Mechanic was replacing a fan belt on an auxiliary generator. His glove caught on the motor pulley shear point, resulting in minor skin laceration on thumb. Received first aid at local clinic, no hospitalization required.",0,0
201500031,2023-08-04,Industrial Energy Corp #2,211111,Floorhand fingers pinched in rotary table tongs,"On a drilling rig floor, an employee was operating breakout tongs during tripping out of hole. His left hand slipped into the pinch point between the tong jaw and drill collar, resulting in partial index finger amputation.",1,1
201500308,2023-09-01,Industrial Energy Corp #9,213112,Worker bruised foot from dropped hand wrench,"A 12-inch adjustable wrench fell from a 4-foot workbench onto a helper's steel-toed safety boot. Boot cap protected toes, resulting in minor foot contusion.",0,0
201500204,2023-01-09,Industrial Energy Corp #10,237120,Technician eye irritation from washing chemical solvent,Technician was cleaning valve parts with solvent spray when minor droplet splashed around safety glasses into left eye. Eye was flushed at eyewash station for 15 minutes. Returned to full work next morning.,0,0
201500298,2023-11-19,Industrial Energy Corp #14,237120,Technician eye irritation from washing chemical solvent,Technician was cleaning valve parts with solvent spray when minor droplet splashed around safety glasses into left eye. Eye was flushed at eyewash station for 15 minutes. Returned to full work next morning.,0,0
201500066,2023-07-11,Industrial Energy Corp #7,211111,Operator overcome by H2S gas inside separator vessel,Employee entered a sour crude separator vessel without testing atmospheric gas levels or wearing SCBA. High concentration of hydrogen sulfide (H2S) caused instant loss of consciousness. Co-worker pulled operator out.,1,0
201500486,2023-07-11,Industrial Energy Corp #7,237120,Technician eye irritation from washing chemical solvent,Technician was cleaning valve parts with solvent spray when minor droplet splashed around safety glasses into left eye. Eye was flushed at eyewash station for 15 minutes. Returned to full work next morning.,0,0
201500520,2023-05-17,Industrial Energy Corp #11,486110,Truck driver slipped on icy step of crude haulage tanker,"Crude oil transport driver slipped on icy metal footstep while descending from truck cab, spraining right ankle. Treated at outpatient urgent care and released same day.",0,0
201500148,2023-05-09,Industrial Energy Corp #14,237120,Welder exposed to flash fire during pipe welding,"Contract welder was cutting a structural beam near an unpurged hydrocarbon drain valve. Accumulated flammable gas ignited, causing second-degree thermal burns to arms and neck. Required 4-day inpatient hospitalization.",1,0
201500389,2023-06-26,Industrial Energy Corp #15,237120,Technician eye irritation from washing chemical solvent,Technician was cleaning valve parts with solvent spray when minor droplet splashed around safety glasses into left eye. Eye was flushed at eyewash station for 15 minutes. Returned to full work next morning.,0,0
201500093,2023-10-10,Industrial Energy Corp #4,486110,Pipe Fitter crushed between casing pipe and crane boom,"During offloading of 10-inch casing pipe from a flatbed trailer, the crane load swung unexpectedly. Pipe fitter standing in the line of fire was pinned between swinging load and truck bed, sustaining crushed pelvic injury.",1,0
201500181,2023-02-14,Industrial Energy Corp #2,213111,Mechanic hand abrasion while replacing V-belt,"Mechanic was replacing a fan belt on an auxiliary generator. His glove caught on the motor pulley shear point, resulting in minor skin laceration on thumb. Received first aid at local clinic, no hospitalization required.",0,0
201500269,2023-06-18,Industrial Energy Corp #15,237120,Technician eye irritation from washing chemical solvent,Technician was cleaning valve parts with solvent spray when minor droplet splashed around safety glasses into left eye. Eye was flushed at eyewash station for 15 minutes. Returned to full work next morning.,0,0
201500132,2023-01-21,Industrial Energy Corp #13,486110,Pipe Fitter crushed between casing pipe and crane boom,"During offloading of 10-inch casing pipe from a flatbed trailer, the crane load swung unexpectedly. Pipe fitter standing in the line of fire was pinned between swinging load and truck bed, sustaining crushed pelvic injury.",1,0
201500336,2023-01-01,Industrial Energy Corp #7,213112,Worker bruised foot from dropped hand wrench,"A 12-inch adjustable wrench fell from a 4-foot workbench onto a helper's steel-toed safety boot. Boot cap protected toes, resulting in minor foot contusion.",0,0
201500494,2023-03-19,Industrial Energy Corp #15,486110,Truck driver slipped on icy step of crude haulage tanker,"Crude oil transport driver slipped on icy metal footstep while descending from truck cab, spraining right ankle. Treated at outpatient urgent care and released same day.",0,0
201500049,2023-02-22,Industrial Energy Corp #5,213112,Derrickman fell 15 feet from monkey board platform,"Derrickman was guiding drill pipe at the monkey board elevated platform when his safety harness lanyard detached from the inertia reel. Worker fell 15 feet onto the derrick substructure, sustaining spinal fractures.",1,0
201500522,2023-07-19,Industrial Energy Corp #13,213112,Worker bruised foot from dropped hand wrench,"A 12-inch adjustable wrench fell from a 4-foot workbench onto a helper's steel-toed safety boot. Boot cap protected toes, resulting in minor foot contusion.",0,0
201500512,2023-09-09,Industrial Energy Corp #3,486110,Truck driver slipped on icy step of crude haulage tanker,"Crude oil transport driver slipped on icy metal footstep while descending from truck cab, spraining right ankle. Treated at outpatient urgent care and released same day.",0,0
201500068,2023-09-13,Industrial Energy Corp #9,213111,Roustabout struck by high-pressure 2800 PSI mud discharge hose,"Roustabout was standing near the mud pump at a rig site when a 2-inch steel discharge line severed under 2800 PSI pressure, striking his shoulder and fracturing his clavicle. Employee was hospitalized.",1,0
201500505,2023-02-02,Industrial Energy Corp #11,237120,Technician eye irritation from washing chemical solvent,Technician was cleaning valve parts with solvent spray when minor droplet splashed around safety glasses into left eye. Eye was flushed at eyewash station for 15 minutes. Returned to full work next morning.,0,0
201500318,2023-07-11,Industrial Energy Corp #4,237120,Technician eye irritation from washing chemical solvent,Technician was cleaning valve parts with solvent spray when minor droplet splashed around safety glasses into left eye. Eye was flushed at eyewash station for 15 minutes. Returned to full work next morning.,0,0
201500469,2023-02-22,Industrial Energy Corp #5,213112,Worker bruised foot from dropped hand wrench,"A 12-inch adjustable wrench fell from a 4-foot workbench onto a helper's steel-toed safety boot. Boot cap protected toes, resulting in minor foot contusion.",0,0
201500109,2023-02-26,Industrial Energy Corp #5,213112,Derrickman fell 15 feet from monkey board platform,"Derrickman was guiding drill pipe at the monkey board elevated platform when his safety harness lanyard detached from the inertia reel. Worker fell 15 feet onto the derrick substructure, sustaining spinal fractures.",1,0
201500182,2023-03-15,Industrial Energy Corp #3,486110,Truck driver slipped on icy step of crude haulage tanker,"Crude oil transport driver slipped on icy metal footstep while descending from truck cab, spraining right ankle. Treated at outpatient urgent care and released same day.",0,0
201500150,2023-07-11,Industrial Energy Corp #1,213111,Mechanic hand abrasion while replacing V-belt,"Mechanic was replacing a fan belt on an auxiliary generator. His glove caught on the motor pulley shear point, resulting in minor skin laceration on thumb. Received first aid at local clinic, no hospitalization required.",0,0
201500481,2023-02-06,Industrial Energy Corp #2,486110,Truck driver slipped on icy step of crude haulage tanker,"Crude oil transport driver slipped on icy metal footstep while descending from truck cab, spraining right ankle. Treated at outpatient urgent care and released same day.",0,0
201500054,2023-07-27,Industrial Energy Corp #10,237120,Welder exposed to flash fire during pipe welding,"Contract welder was cutting a structural beam near an unpurged hydrocarbon drain valve. Accumulated flammable gas ignited, causing second-degree thermal burns to arms and neck. Required 4-day inpatient hospitalization.",1,0
201500071,2023-12-16,Industrial Energy Corp #12,213112,Derrickman fell 15 feet from monkey board platform,"Derrickman was guiding drill pipe at the monkey board elevated platform when his safety harness lanyard detached from the inertia reel. Worker fell 15 feet onto the derrick substructure, sustaining spinal fractures.",1,0
201500597,2023-10-10,Industrial Energy Corp #13,213111,Mechanic hand abrasion while replacing V-belt,"Mechanic was replacing a fan belt on an auxiliary generator. His glove caught on the motor pulley shear point, resulting in minor skin laceration on thumb. Received first aid at local clinic, no hospitalization required.",0,0
201500055,2023-08-28,Industrial Energy Corp #11,486110,Pipe Fitter crushed between casing pipe and crane boom,"During offloading of 10-inch casing pipe from a flatbed trailer, the crane load swung unexpectedly. Pipe fitter standing in the line of fire was pinned between swinging load and truck bed, sustaining crushed pelvic injury.",1,0
201500171,2023-04-04,Industrial Energy Corp #7,237120,Technician eye irritation from washing chemical solvent,Technician was cleaning valve parts with solvent spray when minor droplet splashed around safety glasses into left eye. Eye was flushed at eyewash station for 15 minutes. Returned to full work next morning.,0,0
201500342,2023-07-07,Industrial Energy Corp #13,213111,Mechanic hand abrasion while replacing V-belt,"Mechanic was replacing a fan belt on an auxiliary generator. His glove caught on the motor pulley shear point, resulting in minor skin laceration on thumb. Received first aid at local clinic, no hospitalization required.",0,0
201500340,2023-05-05,Industrial Energy Corp #11,213112,Worker bruised foot from dropped hand wrench,"A 12-inch adjustable wrench fell from a 4-foot workbench onto a helper's steel-toed safety boot. Boot cap protected toes, resulting in minor foot contusion.",0,0
201500477,2023-10-02,Industrial Energy Corp #13,486110,Truck driver slipped on icy step of crude haulage tanker,"Crude oil transport driver slipped on icy metal footstep while descending from truck cab, spraining right ankle. Treated at outpatient urgent care and released same day.",0,0
201500103,2023-08-20,Industrial Energy Corp #14,211111,Floorhand fingers pinched in rotary table tongs,"On a drilling rig floor, an employee was operating breakout tongs during tripping out of hole. His left hand slipped into the pinch point between the tong jaw and drill collar, resulting in partial index finger amputation.",1,1
201500268,2023-05-17,Industrial Energy Corp #14,213112,Worker bruised foot from dropped hand wrench,"A 12-inch adjustable wrench fell from a 4-foot workbench onto a helper's steel-toed safety boot. Boot cap protected toes, resulting in minor foot contusion.",0,0
201500051,2023-04-24,Industrial Energy Corp #7,213112,Derrickman fell 15 feet from monkey board platform,"Derrickman was guiding drill pipe at the monkey board elevated platform when his safety harness lanyard detached from the inertia reel. Worker fell 15 feet onto the derrick substructure, sustaining spinal fractures.",1,0
201500448,2023-05-01,Industrial Energy Corp #14,213112,Worker bruised foot from dropped hand wrench,"A 12-inch adjustable wrench fell from a 4-foot workbench onto a helper's steel-toed safety boot. Boot cap protected toes, resulting in minor foot contusion.",0,0
201500555,2023-04-24,Industrial Energy Corp #1,237120,Technician eye irritation from washing chemical solvent,Technician was cleaning valve parts with solvent spray when minor droplet splashed around safety glasses into left eye. Eye was flushed at eyewash station for 15 minutes. Returned to full work next morning.,0,0
201500436,2023-05-17,Industrial Energy Corp #2,213112,Worker bruised foot from dropped hand wrench,"A 12-inch adjustable wrench fell from a 4-foot workbench onto a helper's steel-toed safety boot. Boot cap protected toes, resulting in minor foot contusion.",0,0
201500527,2023-12-24,Industrial Energy Corp #3,237120,Technician eye irritation from washing chemical solvent,Technician was cleaning valve parts with solvent spray when minor droplet splashed around safety glasses into left eye. Eye was flushed at eyewash station for 15 minutes. Returned to full work next morning.,0,0
201500021,2023-10-22,Industrial Energy Corp #7,486110,Pipe Fitter crushed between casing pipe and crane boom,"During offloading of 10-inch casing pipe from a flatbed trailer, the crane load swung unexpectedly. Pipe fitter standing in the line of fire was pinned between swinging load and truck bed, sustaining crushed pelvic injury.",1,0
201500034,2023-11-07,Industrial Energy Corp #5,213112,Derrickman fell 15 feet from monkey board platform,"Derrickman was guiding drill pipe at the monkey board elevated platform when his safety harness lanyard detached from the inertia reel. Worker fell 15 feet onto the derrick substructure, sustaining spinal fractures.",1,0
201500523,2023-08-20,Industrial Energy Corp #14,213111,Mechanic hand abrasion while replacing V-belt,"Mechanic was replacing a fan belt on an auxiliary generator. His glove caught on the motor pulley shear point, resulting in minor skin laceration on thumb. Received first aid at local clinic, no hospitalization required.",0,0
201500402,2023-07-11,Industrial Energy Corp #13,213111,Mechanic hand abrasion while replacing V-belt,"Mechanic was replacing a fan belt on an auxiliary generator. His glove caught on the motor pulley shear point, resulting in minor skin laceration on thumb. Received first aid at local clinic, no hospitalization required.",0,0
201500163,2023-08-24,Industrial Energy Corp #14,213112,Worker bruised foot from dropped hand wrench,"A 12-inch adjustable wrench fell from a 4-foot workbench onto a helper's steel-toed safety boot. Boot cap protected toes, resulting in minor foot contusion.",0,0
201500272,2023-09-21,Industrial Energy Corp #3,486110,Truck driver slipped on icy step of crude haulage tanker,"Crude oil transport driver slipped on icy metal footstep while descending from truck cab, spraining right ankle. Treated at outpatient urgent care and released same day.",0,0
201500143,2023-12-04,Industrial Energy Corp #9,213111,Roustabout struck by high-pressure 2800 PSI mud discharge hose,"Roustabout was standing near the mud pump at a rig site when a 2-inch steel discharge line severed under 2800 PSI pressure, striking his shoulder and fracturing his clavicle. Employee was hospitalized.",1,0
201500262,2023-11-11,Industrial Energy Corp #8,213111,Mechanic hand abrasion while replacing V-belt,"Mechanic was replacing a fan belt on an auxiliary generator. His glove caught on the motor pulley shear point, resulting in minor skin laceration on thumb. Received first aid at local clinic, no hospitalization required.",0,0
201500022,2023-11-23,Industrial Energy Corp #8,486110,Pipe Fitter crushed between casing pipe and crane boom,"During offloading of 10-inch casing pipe from a flatbed trailer, the crane load swung unexpectedly. Pipe fitter standing in the line of fire was pinned between swinging load and truck bed, sustaining crushed pelvic injury.",1,0
201500335,2023-12-28,Industrial Energy Corp #6,237120,Technician eye irritation from washing chemical solvent,Technician was cleaning valve parts with solvent spray when minor droplet splashed around safety glasses into left eye. Eye was flushed at eyewash station for 15 minutes. Returned to full work next morning.,0,0
201500585,2023-10-26,Industrial Energy Corp #1,486110,Truck driver slipped on icy step of crude haulage tanker,"Crude oil transport driver slipped on icy metal footstep while descending from truck cab, spraining right ankle. Treated at outpatient urgent care and released same day.",0,0
201500131,2023-12-20,Industrial Energy Corp #12,211111,Operator overcome by H2S gas inside separator vessel,Employee entered a sour crude separator vessel without testing atmospheric gas levels or wearing SCBA. High concentration of hydrogen sulfide (H2S) caused instant loss of consciousness. Co-worker pulled operator out.,1,0
201500173,2023-06-06,Industrial Energy Corp #9,213111,Mechanic hand abrasion while replacing V-belt,"Mechanic was replacing a fan belt on an auxiliary generator. His glove caught on the motor pulley shear point, resulting in minor skin laceration on thumb. Received first aid at local clinic, no hospitalization required.",0,0
201500538,2023-11-07,Industrial Energy Corp #14,213112,Worker bruised foot from dropped hand wrench,"A 12-inch adjustable wrench fell from a 4-foot workbench onto a helper's steel-toed safety boot. Boot cap protected toes, resulting in minor foot contusion.",0,0
201500561,2023-10-02,Industrial Energy Corp #7,237120,Technician eye irritation from washing chemical solvent,Technician was cleaning valve parts with solvent spray when minor droplet splashed around safety glasses into left eye. Eye was flushed at eyewash station for 15 minutes. Returned to full work next morning.,0,0
201500373,2023-02-10,Industrial Energy Corp #14,213112,Worker bruised foot from dropped hand wrench,"A 12-inch adjustable wrench fell from a 4-foot workbench onto a helper's steel-toed safety boot. Boot cap protected toes, resulting in minor foot contusion.",0,0
201500004,2023-05-05,Industrial Energy Corp #5,213112,Derrickman fell 15 feet from monkey board platform,"Derrickman was guiding drill pipe at the monkey board elevated platform when his safety harness lanyard detached from the inertia reel. Worker fell 15 feet onto the derrick substructure, sustaining spinal fractures.",1,0
201500056,2023-09-01,Industrial Energy Corp #12,213111,Roustabout struck by high-pressure 2800 PSI mud discharge hose,"Roustabout was standing near the mud pump at a rig site when a 2-inch steel discharge line severed under 2800 PSI pressure, striking his shoulder and fracturing his clavicle. Employee was hospitalized.",1,0
201500231,2023-04-08,Industrial Energy Corp #7,213112,Worker bruised foot from dropped hand wrench,"A 12-inch adjustable wrench fell from a 4-foot workbench onto a helper's steel-toed safety boot. Boot cap protected toes, resulting in minor foot contusion.",0,0
201500005,2023-06-06,Industrial Energy Corp #6,211111,Floorhand fingers pinched in rotary table tongs,"On a drilling rig floor, an employee was operating breakout tongs during tripping out of hole. His left hand slipped into the pinch point between the tong jaw and drill collar, resulting in partial index finger amputation.",1,1
201500394,2023-11-03,Industrial Energy Corp #5,213112,Worker bruised foot from dropped hand wrench,"A 12-inch adjustable wrench fell from a 4-foot workbench onto a helper's steel-toed safety boot. Boot cap protected toes, resulting in minor foot contusion.",0,0
201500090,2023-07-07,Industrial Energy Corp #1,486110,Pipe Fitter crushed between casing pipe and crane boom,"During offloading of 10-inch casing pipe from a flatbed trailer, the crane load swung unexpectedly. Pipe fitter standing in the line of fire was pinned between swinging load and truck bed, sustaining crushed pelvic injury.",1,0
201500590,2023-03-03,Industrial Energy Corp #6,213111,Mechanic hand abrasion while replacing V-belt,"Mechanic was replacing a fan belt on an auxiliary generator. His glove caught on the motor pulley shear point, resulting in minor skin laceration on thumb. Received first aid at local clinic, no hospitalization required.",0,0
201500422,2023-03-03,Industrial Energy Corp #3,213112,Worker bruised foot from dropped hand wrench,"A 12-inch adjustable wrench fell from a 4-foot workbench onto a helper's steel-toed safety boot. Boot cap protected toes, resulting in minor foot contusion.",0,0
201500188,2023-09-21,Industrial Energy Corp #9,486110,Truck driver slipped on icy step of crude haulage tanker,"Crude oil transport driver slipped on icy metal footstep while descending from truck cab, spraining right ankle. Treated at outpatient urgent care and released same day.",0,0
201500114,2023-07-03,Industrial Energy Corp #10,486110,Pipe Fitter crushed between casing pipe and crane boom,"During offloading of 10-inch casing pipe from a flatbed trailer, the crane load swung unexpectedly. Pipe fitter standing in the line of fire was pinned between swinging load and truck bed, sustaining crushed pelvic injury.",1,0
201500292,2023-05-13,Industrial Energy Corp #8,213111,Mechanic hand abrasion while replacing V-belt,"Mechanic was replacing a fan belt on an auxiliary generator. His glove caught on the motor pulley shear point, resulting in minor skin laceration on thumb. Received first aid at local clinic, no hospitalization required.",0,0
201500346,2023-11-11,Industrial Energy Corp #2,237120,Technician eye irritation from washing chemical solvent,Technician was cleaning valve parts with solvent spray when minor droplet splashed around safety glasses into left eye. Eye was flushed at eyewash station for 15 minutes. Returned to full work next morning.,0,0
201500329,2023-06-22,Industrial Energy Corp #15,486110,Truck driver slipped on icy step of crude haulage tanker,"Crude oil transport driver slipped on icy metal footstep while descending from truck cab, spraining right ankle. Treated at outpatient urgent care and released same day.",0,0
201500365,2023-06-02,Industrial Energy Corp #6,486110,Truck driver slipped on icy step of crude haulage tanker,"Crude oil transport driver slipped on icy metal footstep while descending from truck cab, spraining right ankle. Treated at outpatient urgent care and released same day.",0,0
201500079,2023-08-24,Industrial Energy Corp #5,213112,Derrickman fell 15 feet from monkey board platform,"Derrickman was guiding drill pipe at the monkey board elevated platform when his safety harness lanyard detached from the inertia reel. Worker fell 15 feet onto the derrick substructure, sustaining spinal fractures.",1,0
201500024,2023-01-25,Industrial Energy Corp #10,486110,Pipe Fitter crushed between casing pipe and crane boom,"During offloading of 10-inch casing pipe from a flatbed trailer, the crane load swung unexpectedly. Pipe fitter standing in the line of fire was pinned between swinging load and truck bed, sustaining crushed pelvic injury.",1,0
201500578,2023-03-19,Industrial Energy Corp #9,486110,Truck driver slipped on icy step of crude haulage tanker,"Crude oil transport driver slipped on icy metal footstep while descending from truck cab, spraining right ankle. Treated at outpatient urgent care and released same day.",0,0
201500028,2023-05-01,Industrial Energy Corp #14,211111,Operator overcome by H2S gas inside separator vessel,Employee entered a sour crude separator vessel without testing atmospheric gas levels or wearing SCBA. High concentration of hydrogen sulfide (H2S) caused instant loss of consciousness. Co-worker pulled operator out.,1,0
201500343,2023-08-08,Industrial Energy Corp #14,213111,Mechanic hand abrasion while replacing V-belt,"Mechanic was replacing a fan belt on an auxiliary generator. His glove caught on the motor pulley shear point, resulting in minor skin laceration on thumb. Received first aid at local clinic, no hospitalization required.",0,0
201500290,2023-03-11,Industrial Energy Corp #6,213111,Mechanic hand abrasion while replacing V-belt,"Mechanic was replacing a fan belt on an auxiliary generator. His glove caught on the motor pulley shear point, resulting in minor skin laceration on thumb. Received first aid at local clinic, no hospitalization required.",0,0
201500564,2023-01-05,Industrial Energy Corp #10,213111,Mechanic hand abrasion while replacing V-belt,"Mechanic was replacing a fan belt on an auxiliary generator. His glove caught on the motor pulley shear point, resulting in minor skin laceration on thumb. Received first aid at local clinic, no hospitalization required.",0,0
201500514,2023-11-11,Industrial Energy Corp #5,213112,Worker bruised foot from dropped hand wrench,"A 12-inch adjustable wrench fell from a 4-foot workbench onto a helper's steel-toed safety boot. Boot cap protected toes, resulting in minor foot contusion.",0,0
201500503,2023-12-28,Industrial Energy Corp #9,237120,Technician eye irritation from washing chemical solvent,Technician was cleaning valve parts with solvent spray when minor droplet splashed around safety glasses into left eye. Eye was flushed at eyewash station for 15 minutes. Returned to full work next morning.,0,0
201500319,2023-08-12,Industrial Energy Corp #5,486110,Truck driver slipped on icy step of crude haulage tanker,"Crude oil transport driver slipped on icy metal footstep while descending from truck cab, spraining right ankle. Treated at outpatient urgent care and released same day.",0,0
201500380,2023-09-17,Industrial Energy Corp #6,486110,Truck driver slipped on icy step of crude haulage tanker,"Crude oil transport driver slipped on icy metal footstep while descending from truck cab, spraining right ankle. Treated at outpatient urgent care and released same day.",0,0
201500381,2023-10-18,Industrial Energy Corp #7,213111,Mechanic hand abrasion while replacing V-belt,"Mechanic was replacing a fan belt on an auxiliary generator. His glove caught on the motor pulley shear point, resulting in minor skin laceration on thumb. Received first aid at local clinic, no hospitalization required.",0,0
201500580,2023-05-21,Industrial Energy Corp #11,213111,Mechanic hand abrasion while replacing V-belt,"Mechanic was replacing a fan belt on an auxiliary generator. His glove caught on the motor pulley shear point, resulting in minor skin laceration on thumb. Received first aid at local clinic, no hospitalization required.",0,0
201500398,2023-03-07,Industrial Energy Corp #9,237120,Technician eye irritation from washing chemical solvent,Technician was cleaning valve parts with solvent spray when minor droplet splashed around safety glasses into left eye. Eye was flushed at eyewash station for 15 minutes. Returned to full work next morning.,0,0
201500488,2023-09-13,Industrial Energy Corp #9,213112,Worker bruised foot from dropped hand wrench,"A 12-inch adjustable wrench fell from a 4-foot workbench onto a helper's steel-toed safety boot. Boot cap protected toes, resulting in minor foot contusion.",0,0
201500591,2023-04-04,Industrial Energy Corp #7,237120,Technician eye irritation from washing chemical solvent,Technician was cleaning valve parts with solvent spray when minor droplet splashed around safety glasses into left eye. Eye was flushed at eyewash station for 15 minutes. Returned to full work next morning.,0,0
201500099,2023-04-16,Industrial Energy Corp #10,213112,Derrickman fell 15 feet from monkey board platform,"Derrickman was guiding drill pipe at the monkey board elevated platform when his safety harness lanyard detached from the inertia reel. Worker fell 15 feet onto the derrick substructure, sustaining spinal fractures.",1,0
201500550,2023-11-19,Industrial Energy Corp #11,213112,Worker bruised foot from dropped hand wrench,"A 12-inch adjustable wrench fell from a 4-foot workbench onto a helper's steel-toed safety boot. Boot cap protected toes, resulting in minor foot contusion.",0,0
201500315,2023-04-08,Industrial Energy Corp #1,213111,Mechanic hand abrasion while replacing V-belt,"Mechanic was replacing a fan belt on an auxiliary generator. His glove caught on the motor pulley shear point, resulting in minor skin laceration on thumb. Received first aid at local clinic, no hospitalization required.",0,0
201500457,2023-02-10,Industrial Energy Corp #8,237120,Technician eye irritation from washing chemical solvent,Technician was cleaning valve parts with solvent spray when minor droplet splashed around safety glasses into left eye. Eye was flushed at eyewash station for 15 minutes. Returned to full work next morning.,0,0
201500437,2023-06-18,Industrial Energy Corp #3,486110,Truck driver slipped on icy step of crude haulage tanker,"Crude oil transport driver slipped on icy metal footstep while descending from truck cab, spraining right ankle. Treated at outpatient urgent care and released same day.",0,0
201500271,2023-08-20,Industrial Energy Corp #2,213112,Worker bruised foot from dropped hand wrench,"A 12-inch adjustable wrench fell from a 4-foot workbench onto a helper's steel-toed safety boot. Boot cap protected toes, resulting in minor foot contusion.",0,0
201500133,2023-02-22,Industrial Energy Corp #14,237120,Welder exposed to flash fire during pipe welding,"Contract welder was cutting a structural beam near an unpurged hydrocarbon drain valve. Accumulated flammable gas ignited, causing second-degree thermal burns to arms and neck. Required 4-day inpatient hospitalization.",1,0
201500199,2023-08-04,Industrial Energy Corp #5,213112,Worker bruised foot from dropped hand wrench,"A 12-inch adjustable wrench fell from a 4-foot workbench onto a helper's steel-toed safety boot. Boot cap protected toes, resulting in minor foot contusion.",0,0
201500433,2023-02-14,Industrial Energy Corp #14,486110,Truck driver slipped on icy step of crude haulage tanker,"Crude oil transport driver slipped on icy metal footstep while descending from truck cab, spraining right ankle. Treated at outpatient urgent care and released same day.",0,0
201500401,2023-06-10,Industrial Energy Corp #12,237120,Technician eye irritation from washing chemical solvent,Technician was cleaning valve parts with solvent spray when minor droplet splashed around safety glasses into left eye. Eye was flushed at eyewash station for 15 minutes. Returned to full work next morning.,0,0
201500125,2023-06-14,Industrial Energy Corp #6,211111,Floorhand fingers pinched in rotary table tongs,"On a drilling rig floor, an employee was operating breakout tongs during tripping out of hole. His left hand slipped into the pinch point between the tong jaw and drill collar, resulting in partial index finger amputation.",1,1
201500594,2023-07-07,Industrial Energy Corp #10,486110,Truck driver slipped on icy step of crude haulage tanker,"Crude oil transport driver slipped on icy metal footstep while descending from truck cab, spraining right ankle. Treated at outpatient urgent care and released same day.",0,0
201500201,2023-10-06,Industrial Energy Corp #7,486110,Truck driver slipped on icy step of crude haulage tanker,"Crude oil transport driver slipped on icy metal footstep while descending from truck cab, spraining right ankle. Treated at outpatient urgent care and released same day.",0,0
201500179,2023-12-12,Industrial Energy Corp #15,237120,Technician eye irritation from washing chemical solvent,Technician was cleaning valve parts with solvent spray when minor droplet splashed around safety glasses into left eye. Eye was flushed at eyewash station for 15 minutes. Returned to full work next morning.,0,0
201500237,2023-10-14,Industrial Energy Corp #13,237120,Technician eye irritation from washing chemical solvent,Technician was cleaning valve parts with solvent spray when minor droplet splashed around safety glasses into left eye. Eye was flushed at eyewash station for 15 minutes. Returned to full work next morning.,0,0
201500387,2023-04-24,Industrial Energy Corp #13,213112,Worker bruised foot from dropped hand wrench,"A 12-inch adjustable wrench fell from a 4-foot workbench onto a helper's steel-toed safety boot. Boot cap protected toes, resulting in minor foot contusion.",0,0
201500187,2023-08-20,Industrial Energy Corp #8,486110,Truck driver slipped on icy step of crude haulage tanker,"Crude oil transport driver slipped on icy metal footstep while descending from truck cab, spraining right ankle. Treated at outpatient urgent care and released same day.",0,0
201500314,2023-03-07,Industrial Energy Corp #15,237120,Technician eye irritation from washing chemical solvent,Technician was cleaning valve parts with solvent spray when minor droplet splashed around safety glasses into left eye. Eye was flushed at eyewash station for 15 minutes. Returned to full work next morning.,0,0
201500524,2023-09-21,Industrial Energy Corp #15,213112,Worker bruised foot from dropped hand wrench,"A 12-inch adjustable wrench fell from a 4-foot workbench onto a helper's steel-toed safety boot. Boot cap protected toes, resulting in minor foot contusion.",0,0
201500234,2023-07-11,Industrial Energy Corp #10,213111,Mechanic hand abrasion while replacing V-belt,"Mechanic was replacing a fan belt on an auxiliary generator. His glove caught on the motor pulley shear point, resulting in minor skin laceration on thumb. Received first aid at local clinic, no hospitalization required.",0,0
201500532,2023-05-01,Industrial Energy Corp #8,213112,Worker bruised foot from dropped hand wrench,"A 12-inch adjustable wrench fell from a 4-foot workbench onto a helper's steel-toed safety boot. Boot cap protected toes, resulting in minor foot contusion.",0,0
201500466,2023-11-19,Industrial Energy Corp #2,213112,Worker bruised foot from dropped hand wrench,"A 12-inch adjustable wrench fell from a 4-foot workbench onto a helper's steel-toed safety boot. Boot cap protected toes, resulting in minor foot contusion.",0,0
201500220,2023-05-25,Industrial Energy Corp #11,486110,Truck driver slipped on icy step of crude haulage tanker,"Crude oil transport driver slipped on icy metal footstep while descending from truck cab, spraining right ankle. Treated at outpatient urgent care and released same day.",0,0
201500517,2023-02-14,Industrial Energy Corp #8,213112,Worker bruised foot from dropped hand wrench,"A 12-inch adjustable wrench fell from a 4-foot workbench onto a helper's steel-toed safety boot. Boot cap protected toes, resulting in minor foot contusion.",0,0
201500431,2023-12-12,Industrial Energy Corp #12,213112,Worker bruised foot from dropped hand wrench,"A 12-inch adjustable wrench fell from a 4-foot workbench onto a helper's steel-toed safety boot. Boot cap protected toes, resulting in minor foot contusion.",0,0
201500311,2023-12-04,Industrial Energy Corp #12,486110,Truck driver slipped on icy step of crude haulage tanker,"Crude oil transport driver slipped on icy metal footstep while descending from truck cab, spraining right ankle. Treated at outpatient urgent care and released same day.",0,0
201500425,2023-06-06,Industrial Energy Corp #6,237120,Technician eye irritation from washing chemical solvent,Technician was cleaning valve parts with solvent spray when minor droplet splashed around safety glasses into left eye. Eye was flushed at eyewash station for 15 minutes. Returned to full work next morning.,0,0
201500203,2023-12-08,Industrial Energy Corp #9,213111,Mechanic hand abrasion while replacing V-belt,"Mechanic was replacing a fan belt on an auxiliary generator. His glove caught on the motor pulley shear point, resulting in minor skin laceration on thumb. Received first aid at local clinic, no hospitalization required.",0,0
201500327,2023-04-20,Industrial Energy Corp #13,213111,Mechanic hand abrasion while replacing V-belt,"Mechanic was replacing a fan belt on an auxiliary generator. His glove caught on the motor pulley shear point, resulting in minor skin laceration on thumb. Received first aid at local clinic, no hospitalization required.",0,0
201500040,2023-05-13,Industrial Energy Corp #11,213112,Derrickman fell 15 feet from monkey board platform,"Derrickman was guiding drill pipe at the monkey board elevated platform when his safety harness lanyard detached from the inertia reel. Worker fell 15 feet onto the derrick substructure, sustaining spinal fractures.",1,0
201500596,2023-09-09,Industrial Energy Corp #12,486110,Truck driver slipped on icy step of crude haulage tanker,"Crude oil transport driver slipped on icy metal footstep while descending from truck cab, spraining right ankle. Treated at outpatient urgent care and released same day.",0,0
201500214,2023-11-19,Industrial Energy Corp #5,237120,Technician eye irritation from washing chemical solvent,Technician was cleaning valve parts with solvent spray when minor droplet splashed around safety glasses into left eye. Eye was flushed at eyewash station for 15 minutes. Returned to full work next morning.,0,0
201500405,2023-10-14,Industrial Energy Corp #1,486110,Truck driver slipped on icy step of crude haulage tanker,"Crude oil transport driver slipped on icy metal footstep while descending from truck cab, spraining right ankle. Treated at outpatient urgent care and released same day.",0,0
201500002,2023-03-03,Industrial Energy Corp #3,213111,Roustabout struck by high-pressure 2800 PSI mud discharge hose,"Roustabout was standing near the mud pump at a rig site when a 2-inch steel discharge line severed under 2800 PSI pressure, striking his shoulder and fracturing his clavicle. Employee was hospitalized.",1,0
201500153,2023-10-14,Industrial Energy Corp #4,213112,Worker bruised foot from dropped hand wrench,"A 12-inch adjustable wrench fell from a 4-foot workbench onto a helper's steel-toed safety boot. Boot cap protected toes, resulting in minor foot contusion.",0,0
201500411,2023-04-20,Industrial Energy Corp #7,237120,Technician eye irritation from washing chemical solvent,Technician was cleaning valve parts with solvent spray when minor droplet splashed around safety glasses into left eye. Eye was flushed at eyewash station for 15 minutes. Returned to full work next morning.,0,0
201500065,2023-06-10,Industrial Energy Corp #6,211111,Floorhand fingers pinched in rotary table tongs,"On a drilling rig floor, an employee was operating breakout tongs during tripping out of hole. His left hand slipped into the pinch point between the tong jaw and drill collar, resulting in partial index finger amputation.",1,1
201500413,2023-06-22,Industrial Energy Corp #9,213111,Mechanic hand abrasion while replacing V-belt,"Mechanic was replacing a fan belt on an auxiliary generator. His glove caught on the motor pulley shear point, resulting in minor skin laceration on thumb. Received first aid at local clinic, no hospitalization required.",0,0
201500546,2023-07-15,Industrial Energy Corp #7,213111,Mechanic hand abrasion while replacing V-belt,"Mechanic was replacing a fan belt on an auxiliary generator. His glove caught on the motor pulley shear point, resulting in minor skin laceration on thumb. Received first aid at local clinic, no hospitalization required.",0,0
201500456,2023-01-09,Industrial Energy Corp #7,486110,Truck driver slipped on icy step of crude haulage tanker,"Crude oil transport driver slipped on icy metal footstep while descending from truck cab, spraining right ankle. Treated at outpatient urgent care and released same day.",0,0
201500284,2023-09-05,Industrial Energy Corp #15,213111,Mechanic hand abrasion while replacing V-belt,"Mechanic was replacing a fan belt on an auxiliary generator. His glove caught on the motor pulley shear point, resulting in minor skin laceration on thumb. Received first aid at local clinic, no hospitalization required.",0,0
201500460,2023-05-13,Industrial Energy Corp #11,486110,Truck driver slipped on icy step of crude haulage tanker,"Crude oil transport driver slipped on icy metal footstep while descending from truck cab, spraining right ankle. Treated at outpatient urgent care and released same day.",0,0
201500537,2023-10-06,Industrial Energy Corp #13,213111,Mechanic hand abrasion while replacing V-belt,"Mechanic was replacing a fan belt on an auxiliary generator. His glove caught on the motor pulley shear point, resulting in minor skin laceration on thumb. Received first aid at local clinic, no hospitalization required.",0,0
201500275,2023-12-24,Industrial Energy Corp #6,486110,Truck driver slipped on icy step of crude haulage tanker,"Crude oil transport driver slipped on icy metal footstep while descending from truck cab, spraining right ankle. Treated at outpatient urgent care and released same day.",0,0
201500478,2023-11-03,Industrial Energy Corp #14,486110,Truck driver slipped on icy step of crude haulage tanker,"Crude oil transport driver slipped on icy metal footstep while descending from truck cab, spraining right ankle. Treated at outpatient urgent care and released same day.",0,0
201500463,2023-08-16,Industrial Energy Corp #14,486110,Truck driver slipped on icy step of crude haulage tanker,"Crude oil transport driver slipped on icy metal footstep while descending from truck cab, spraining right ankle. Treated at outpatient urgent care and released same day.",0,0
201500044,2023-09-17,Industrial Energy Corp #15,213111,Roustabout struck by high-pressure 2800 PSI mud discharge hose,"Roustabout was standing near the mud pump at a rig site when a 2-inch steel discharge line severed under 2800 PSI pressure, striking his shoulder and fracturing his clavicle. Employee was hospitalized.",1,0
201500569,2023-06-10,Industrial Energy Corp #15,486110,Truck driver slipped on icy step of crude haulage tanker,"Crude oil transport driver slipped on icy metal footstep while descending from truck cab, spraining right ankle. Treated at outpatient urgent care and released same day.",0,0
201500341,2023-06-06,Industrial Energy Corp #12,237120,Technician eye irritation from washing chemical solvent,Technician was cleaning valve parts with solvent spray when minor droplet splashed around safety glasses into left eye. Eye was flushed at eyewash station for 15 minutes. Returned to full work next morning.,0,0
201500557,2023-06-26,Industrial Energy Corp #3,213112,Worker bruised foot from dropped hand wrench,"A 12-inch adjustable wrench fell from a 4-foot workbench onto a helper's steel-toed safety boot. Boot cap protected toes, resulting in minor foot contusion.",0,0
201500243,2023-04-20,Industrial Energy Corp #4,486110,Truck driver slipped on icy step of crude haulage tanker,"Crude oil transport driver slipped on icy metal footstep while descending from truck cab, spraining right ankle. Treated at outpatient urgent care and released same day.",0,0
201500453,2023-10-06,Industrial Energy Corp #4,237120,Technician eye irritation from washing chemical solvent,Technician was cleaning valve parts with solvent spray when minor droplet splashed around safety glasses into left eye. Eye was flushed at eyewash station for 15 minutes. Returned to full work next morning.,0,0
201500535,2023-08-04,Industrial Energy Corp #11,213112,Worker bruised foot from dropped hand wrench,"A 12-inch adjustable wrench fell from a 4-foot workbench onto a helper's steel-toed safety boot. Boot cap protected toes, resulting in minor foot contusion.",0,0
201500471,2023-04-24,Industrial Energy Corp #7,213112,Worker bruised foot from dropped hand wrench,"A 12-inch adjustable wrench fell from a 4-foot workbench onto a helper's steel-toed safety boot. Boot cap protected toes, resulting in minor foot contusion.",0,0
201500110,2023-03-27,Industrial Energy Corp #6,237120,Welder exposed to flash fire during pipe welding,"Contract welder was cutting a structural beam near an unpurged hydrocarbon drain valve. Accumulated flammable gas ignited, causing second-degree thermal burns to arms and neck. Required 4-day inpatient hospitalization.",1,0
201500541,2023-02-10,Industrial Energy Corp #2,486110,Truck driver slipped on icy step of crude haulage tanker,"Crude oil transport driver slipped on icy metal footstep while descending from truck cab, spraining right ankle. Treated at outpatient urgent care and released same day.",0,0
201500509,2023-06-06,Industrial Energy Corp #15,486110,Truck driver slipped on icy step of crude haulage tanker,"Crude oil transport driver slipped on icy metal footstep while descending from truck cab, spraining right ankle. Treated at outpatient urgent care and released same day.",0,0
201500075,2023-04-20,Industrial Energy Corp #1,237120,Welder exposed to flash fire during pipe welding,"Contract welder was cutting a structural beam near an unpurged hydrocarbon drain valve. Accumulated flammable gas ignited, causing second-degree thermal burns to arms and neck. Required 4-day inpatient hospitalization.",1,0
201500530,2023-03-27,Industrial Energy Corp #6,213112,Worker bruised foot from dropped hand wrench,"A 12-inch adjustable wrench fell from a 4-foot workbench onto a helper's steel-toed safety boot. Boot cap protected toes, resulting in minor foot contusion.",0,0
201500083,2023-12-28,Industrial Energy Corp #9,211111,Floorhand fingers pinched in rotary table tongs,"On a drilling rig floor, an employee was operating breakout tongs during tripping out of hole. His left hand slipped into the pinch point between the tong jaw and drill collar, resulting in partial index finger amputation.",1,1
201500242,2023-03-19,Industrial Energy Corp #3,213112,Worker bruised foot from dropped hand wrench,"A 12-inch adjustable wrench fell from a 4-foot workbench onto a helper's steel-toed safety boot. Boot cap protected toes, resulting in minor foot contusion.",0,0
201500409,2023-02-18,Industrial Energy Corp #5,213112,Worker bruised foot from dropped hand wrench,"A 12-inch adjustable wrench fell from a 4-foot workbench onto a helper's steel-toed safety boot. Boot cap protected toes, resulting in minor foot contusion.",0,0
201500261,2023-10-10,Industrial Energy Corp #7,213112,Worker bruised foot from dropped hand wrench,"A 12-inch adjustable wrench fell from a 4-foot workbench onto a helper's steel-toed safety boot. Boot cap protected toes, resulting in minor foot contusion.",0,0
201500598,2023-11-11,Industrial Energy Corp #14,237120,Technician eye irritation from washing chemical solvent,Technician was cleaning valve parts with solvent spray when minor droplet splashed around safety glasses into left eye. Eye was flushed at eyewash station for 15 minutes. Returned to full work next morning.,0,0
201500113,2023-06-02,Industrial Energy Corp #9,211111,Floorhand fingers pinched in rotary table tongs,"On a drilling rig floor, an employee was operating breakout tongs during tripping out of hole. His left hand slipped into the pinch point between the tong jaw and drill collar, resulting in partial index finger amputation.",1,1
201500254,2023-03-03,Industrial Energy Corp #15,213111,Mechanic hand abrasion while replacing V-belt,"Mechanic was replacing a fan belt on an auxiliary generator. His glove caught on the motor pulley shear point, resulting in minor skin laceration on thumb. Received first aid at local clinic, no hospitalization required.",0,0
201500162,2023-07-23,Industrial Energy Corp #13,486110,Truck driver slipped on icy step of crude haulage tanker,"Crude oil transport driver slipped on icy metal footstep while descending from truck cab, spraining right ankle. Treated at outpatient urgent care and released same day.",0,0
201500218,2023-03-23,Industrial Energy Corp #9,213112,Worker bruised foot from dropped hand wrench,"A 12-inch adjustable wrench fell from a 4-foot workbench onto a helper's steel-toed safety boot. Boot cap protected toes, resulting in minor foot contusion.",0,0
201500111,2023-04-28,Industrial Energy Corp #7,213112,Derrickman fell 15 feet from monkey board platform,"Derrickman was guiding drill pipe at the monkey board elevated platform when his safety harness lanyard detached from the inertia reel. Worker fell 15 feet onto the derrick substructure, sustaining spinal fractures.",1,0
201500544,2023-05-13,Industrial Energy Corp #5,213111,Mechanic hand abrasion while replacing V-belt,"Mechanic was replacing a fan belt on an auxiliary generator. His glove caught on the motor pulley shear point, resulting in minor skin laceration on thumb. Received first aid at local clinic, no hospitalization required.",0,0
201500515,2023-12-12,Industrial Energy Corp #6,213112,Worker bruised foot from dropped hand wrench,"A 12-inch adjustable wrench fell from a 4-foot workbench onto a helper's steel-toed safety boot. Boot cap protected toes, resulting in minor foot contusion.",0,0
201500073,2023-02-18,Industrial Energy Corp #14,211111,Floorhand fingers pinched in rotary table tongs,"On a drilling rig floor, an employee was operating breakout tongs during tripping out of hole. His left hand slipped into the pinch point between the tong jaw and drill collar, resulting in partial index finger amputation.",1,1
201500175,2023-08-08,Industrial Energy Corp #11,213112,Worker bruised foot from dropped hand wrench,"A 12-inch adjustable wrench fell from a 4-foot workbench onto a helper's steel-toed safety boot. Boot cap protected toes, resulting in minor foot contusion.",0,0
201500324,2023-01-17,Industrial Energy Corp #10,213111,Mechanic hand abrasion while replacing V-belt,"Mechanic was replacing a fan belt on an auxiliary generator. His glove caught on the motor pulley shear point, resulting in minor skin laceration on thumb. Received first aid at local clinic, no hospitalization required.",0,0
201500287,2023-12-08,Industrial Energy Corp #3,213111,Mechanic hand abrasion while replacing V-belt,"Mechanic was replacing a fan belt on an auxiliary generator. His glove caught on the motor pulley shear point, resulting in minor skin laceration on thumb. Received first aid at local clinic, no hospitalization required.",0,0
201500542,2023-03-11,Industrial Energy Corp #3,213112,Worker bruised foot from dropped hand wrench,"A 12-inch adjustable wrench fell from a 4-foot workbench onto a helper's steel-toed safety boot. Boot cap protected toes, resulting in minor foot contusion.",0,0
201500158,2023-03-19,Industrial Energy Corp #9,237120,Technician eye irritation from washing chemical solvent,Technician was cleaning valve parts with solvent spray when minor droplet splashed around safety glasses into left eye. Eye was flushed at eyewash station for 15 minutes. Returned to full work next morning.,0,0
201500227,2023-12-04,Industrial Energy Corp #3,213111,Mechanic hand abrasion while replacing V-belt,"Mechanic was replacing a fan belt on an auxiliary generator. His glove caught on the motor pulley shear point, resulting in minor skin laceration on thumb. Received first aid at local clinic, no hospitalization required.",0,0
201500138,2023-07-27,Industrial Energy Corp #4,211111,Floorhand fingers pinched in rotary table tongs,"On a drilling rig floor, an employee was operating breakout tongs during tripping out of hole. His left hand slipped into the pinch point between the tong jaw and drill collar, resulting in partial index finger amputation.",1,1
201500396,2023-01-05,Industrial Energy Corp #7,237120,Technician eye irritation from washing chemical solvent,Technician was cleaning valve parts with solvent spray when minor droplet splashed around safety glasses into left eye. Eye was flushed at eyewash station for 15 minutes. Returned to full work next morning.,0,0
201500183,2023-04-16,Industrial Energy Corp #4,213111,Mechanic hand abrasion while replacing V-belt,"Mechanic was replacing a fan belt on an auxiliary generator. His glove caught on the motor pulley shear point, resulting in minor skin laceration on thumb. Received first aid at local clinic, no hospitalization required.",0,0
201500160,2023-05-21,Industrial Energy Corp #11,237120,Technician eye irritation from washing chemical solvent,Technician was cleaning valve parts with solvent spray when minor droplet splashed around safety glasses into left eye. Eye was flushed at eyewash station for 15 minutes. Returned to full work next morning.,0,0
201500279,2023-04-28,Industrial Energy Corp #10,213111,Mechanic hand abrasion while replacing V-belt,"Mechanic was replacing a fan belt on an auxiliary generator. His glove caught on the motor pulley shear point, resulting in minor skin laceration on thumb. Received first aid at local clinic, no hospitalization required.",0,0
201500235,2023-08-12,Industrial Energy Corp #11,213111,Mechanic hand abrasion while replacing V-belt,"Mechanic was replacing a fan belt on an auxiliary generator. His glove caught on the motor pulley shear point, resulting in minor skin laceration on thumb. Received first aid at local clinic, no hospitalization required.",0,0
201500266,2023-03-15,Industrial Energy Corp #12,213112,Worker bruised foot from dropped hand wrench,"A 12-inch adjustable wrench fell from a 4-foot workbench onto a helper's steel-toed safety boot. Boot cap protected toes, resulting in minor foot contusion.",0,0
201500172,2023-05-05,Industrial Energy Corp #8,486110,Truck driver slipped on icy step of crude haulage tanker,"Crude oil transport driver slipped on icy metal footstep while descending from truck cab, spraining right ankle. Treated at outpatient urgent care and released same day.",0,0
201500356,2023-09-21,Industrial Energy Corp #12,486110,Truck driver slipped on icy step of crude haulage tanker,"Crude oil transport driver slipped on icy metal footstep while descending from truck cab, spraining right ankle. Treated at outpatient urgent care and released same day.",0,0
201500353,2023-06-18,Industrial Energy Corp #9,486110,Truck driver slipped on icy step of crude haulage tanker,"Crude oil transport driver slipped on icy metal footstep while descending from truck cab, spraining right ankle. Treated at outpatient urgent care and released same day.",0,0
201500419,2023-12-28,Industrial Energy Corp #15,213111,Mechanic hand abrasion while replacing V-belt,"Mechanic was replacing a fan belt on an auxiliary generator. His glove caught on the motor pulley shear point, resulting in minor skin laceration on thumb. Received first aid at local clinic, no hospitalization required.",0,0
201500399,2023-04-08,Industrial Energy Corp #10,237120,Technician eye irritation from washing chemical solvent,Technician was cleaning valve parts with solvent spray when minor droplet splashed around safety glasses into left eye. Eye was flushed at eyewash station for 15 minutes. Returned to full work next morning.,0,0
201500177,2023-10-10,Industrial Energy Corp #13,213111,Mechanic hand abrasion while replacing V-belt,"Mechanic was replacing a fan belt on an auxiliary generator. His glove caught on the motor pulley shear point, resulting in minor skin laceration on thumb. Received first aid at local clinic, no hospitalization required.",0,0
201500296,2023-09-17,Industrial Energy Corp #12,237120,Technician eye irritation from washing chemical solvent,Technician was cleaning valve parts with solvent spray when minor droplet splashed around safety glasses into left eye. Eye was flushed at eyewash station for 15 minutes. Returned to full work next morning.,0,0
201500086,2023-03-03,Industrial Energy Corp #12,211111,Operator overcome by H2S gas inside separator vessel,Employee entered a sour crude separator vessel without testing atmospheric gas levels or wearing SCBA. High concentration of hydrogen sulfide (H2S) caused instant loss of consciousness. Co-worker pulled operator out.,1,0
201500386,2023-03-23,Industrial Energy Corp #12,486110,Truck driver slipped on icy step of crude haulage tanker,"Crude oil transport driver slipped on icy metal footstep while descending from truck cab, spraining right ankle. Treated at outpatient urgent care and released same day.",0,0
201500200,2023-09-05,Industrial Energy Corp #6,213111,Mechanic hand abrasion while replacing V-belt,"Mechanic was replacing a fan belt on an auxiliary generator. His glove caught on the motor pulley shear point, resulting in minor skin laceration on thumb. Received first aid at local clinic, no hospitalization required.",0,0
201500120,2023-01-09,Industrial Energy Corp #1,237120,Welder exposed to flash fire during pipe welding,"Contract welder was cutting a structural beam near an unpurged hydrocarbon drain valve. Accumulated flammable gas ignited, causing second-degree thermal burns to arms and neck. Required 4-day inpatient hospitalization.",1,0
201500019,2023-08-20,Industrial Energy Corp #5,211111,Floorhand fingers pinched in rotary table tongs,"On a drilling rig floor, an employee was operating breakout tongs during tripping out of hole. His left hand slipped into the pinch point between the tong jaw and drill collar, resulting in partial index finger amputation.",1,1
201500039,2023-04-12,Industrial Energy Corp #10,213112,Derrickman fell 15 feet from monkey board platform,"Derrickman was guiding drill pipe at the monkey board elevated platform when his safety harness lanyard detached from the inertia reel. Worker fell 15 feet onto the derrick substructure, sustaining spinal fractures.",1,0
201500167,2023-12-28,Industrial Energy Corp #3,213111,Mechanic hand abrasion while replacing V-belt,"Mechanic was replacing a fan belt on an auxiliary generator. His glove caught on the motor pulley shear point, resulting in minor skin laceration on thumb. Received first aid at local clinic, no hospitalization required.",0,0
201500307,2023-08-28,Industrial Energy Corp #8,213111,Mechanic hand abrasion while replacing V-belt,"Mechanic was replacing a fan belt on an auxiliary generator. His glove caught on the motor pulley shear point, resulting in minor skin laceration on thumb. Received first aid at local clinic, no hospitalization required.",0,0
201500434,2023-03-15,Industrial Energy Corp #15,486110,Truck driver slipped on icy step of crude haulage tanker,"Crude oil transport driver slipped on icy metal footstep while descending from truck cab, spraining right ankle. Treated at outpatient urgent care and released same day.",0,0
201500510,2023-07-07,Industrial Energy Corp #1,213112,Worker bruised foot from dropped hand wrench,"A 12-inch adjustable wrench fell from a 4-foot workbench onto a helper's steel-toed safety boot. Boot cap protected toes, resulting in minor foot contusion.",0,0
201500003,2023-04-04,Industrial Energy Corp #4,211111,Operator overcome by H2S gas inside separator vessel,Employee entered a sour crude separator vessel without testing atmospheric gas levels or wearing SCBA. High concentration of hydrogen sulfide (H2S) caused instant loss of consciousness. Co-worker pulled operator out.,1,0
201500116,2023-09-05,Industrial Energy Corp #12,213112,Derrickman fell 15 feet from monkey board platform,"Derrickman was guiding drill pipe at the monkey board elevated platform when his safety harness lanyard detached from the inertia reel. Worker fell 15 feet onto the derrick substructure, sustaining spinal fractures.",1,0
201500134,2023-03-23,Industrial Energy Corp #15,486110,Pipe Fitter crushed between casing pipe and crane boom,"During offloading of 10-inch casing pipe from a flatbed trailer, the crane load swung unexpectedly. Pipe fitter standing in the line of fire was pinned between swinging load and truck bed, sustaining crushed pelvic injury.",1,0
201500367,2023-08-04,Industrial Energy Corp #8,237120,Technician eye irritation from washing chemical solvent,Technician was cleaning valve parts with solvent spray when minor droplet splashed around safety glasses into left eye. Eye was flushed at eyewash station for 15 minutes. Returned to full work next morning.,0,0
201500112,2023-05-01,Industrial Energy Corp #8,213111,Roustabout struck by high-pressure 2800 PSI mud discharge hose,"Roustabout was standing near the mud pump at a rig site when a 2-inch steel discharge line severed under 2800 PSI pressure, striking his shoulder and fracturing his clavicle. Employee was hospitalized.",1,0
201500216,2023-01-21,Industrial Energy Corp #7,486110,Truck driver slipped on icy step of crude haulage tanker,"Crude oil transport driver slipped on icy metal footstep while descending from truck cab, spraining right ankle. Treated at outpatient urgent care and released same day.",0,0
201500025,2023-02-26,Industrial Energy Corp #11,211111,Floorhand fingers pinched in rotary table tongs,"On a drilling rig floor, an employee was operating breakout tongs during tripping out of hole. His left hand slipped into the pinch point between the tong jaw and drill collar, resulting in partial index finger amputation.",1,1
201500372,2023-01-09,Industrial Energy Corp #13,486110,Truck driver slipped on icy step of crude haulage tanker,"Crude oil transport driver slipped on icy metal footstep while descending from truck cab, spraining right ankle. Treated at outpatient urgent care and released same day.",0,0
201500566,2023-03-07,Industrial Energy Corp #12,213111,Mechanic hand abrasion while replacing V-belt,"Mechanic was replacing a fan belt on an auxiliary generator. His glove caught on the motor pulley shear point, resulting in minor skin laceration on thumb. Received first aid at local clinic, no hospitalization required.",0,0
201500151,2023-08-12,Industrial Energy Corp #2,213112,Worker bruised foot from dropped hand wrench,"A 12-inch adjustable wrench fell from a 4-foot workbench onto a helper's steel-toed safety boot. Boot cap protected toes, resulting in minor foot contusion.",0,0
201500364,2023-05-01,Industrial Energy Corp #5,486110,Truck driver slipped on icy step of crude haulage tanker,"Crude oil transport driver slipped on icy metal footstep while descending from truck cab, spraining right ankle. Treated at outpatient urgent care and released same day.",0,0
201500032,2023-09-05,Industrial Energy Corp #3,237120,Welder exposed to flash fire during pipe welding,"Contract welder was cutting a structural beam near an unpurged hydrocarbon drain valve. Accumulated flammable gas ignited, causing second-degree thermal burns to arms and neck. Required 4-day inpatient hospitalization.",1,0
201500009,2023-10-10,Industrial Energy Corp #10,213111,Roustabout struck by high-pressure 2800 PSI mud discharge hose,"Roustabout was standing near the mud pump at a rig site when a 2-inch steel discharge line severed under 2800 PSI pressure, striking his shoulder and fracturing his clavicle. Employee was hospitalized.",1,0
201500126,2023-07-15,Industrial Energy Corp #7,211111,Floorhand fingers pinched in rotary table tongs,"On a drilling rig floor, an employee was operating breakout tongs during tripping out of hole. His left hand slipped into the pinch point between the tong jaw and drill collar, resulting in partial index finger amputation.",1,1
201500423,2023-04-04,Industrial Energy Corp #4,213111,Mechanic hand abrasion while replacing V-belt,"Mechanic was replacing a fan belt on an auxiliary generator. His glove caught on the motor pulley shear point, resulting in minor skin laceration on thumb. Received first aid at local clinic, no hospitalization required.",0,0
201500166,2023-11-27,Industrial Energy Corp #2,486110,Truck driver slipped on icy step of crude haulage tanker,"Crude oil transport driver slipped on icy metal footstep while descending from truck cab, spraining right ankle. Treated at outpatient urgent care and released same day.",0,0
201500562,2023-11-03,Industrial Energy Corp #8,213112,Worker bruised foot from dropped hand wrench,"A 12-inch adjustable wrench fell from a 4-foot workbench onto a helper's steel-toed safety boot. Boot cap protected toes, resulting in minor foot contusion.",0,0
201500202,2023-11-07,Industrial Energy Corp #8,486110,Truck driver slipped on icy step of crude haulage tanker,"Crude oil transport driver slipped on icy metal footstep while descending from truck cab, spraining right ankle. Treated at outpatient urgent care and released same day.",0,0
201500169,2023-02-02,Industrial Energy Corp #5,486110,Truck driver slipped on icy step of crude haulage tanker,"Crude oil transport driver slipped on icy metal footstep while descending from truck cab, spraining right ankle. Treated at outpatient urgent care and released same day.",0,0
201500449,2023-06-02,Industrial Energy Corp #15,486110,Truck driver slipped on icy step of crude haulage tanker,"Crude oil transport driver slipped on icy metal footstep while descending from truck cab, spraining right ankle. Treated at outpatient urgent care and released same day.",0,0
201500574,2023-11-15,Industrial Energy Corp #5,486110,Truck driver slipped on icy step of crude haulage tanker,"Crude oil transport driver slipped on icy metal footstep while descending from truck cab, spraining right ankle. Treated at outpatient urgent care and released same day.",0,0
201500207,2023-04-12,Industrial Energy Corp #13,486110,Truck driver slipped on icy step of crude haulage tanker,"Crude oil transport driver slipped on icy metal footstep while descending from truck cab, spraining right ankle. Treated at outpatient urgent care and released same day.",0,0
201500543,2023-04-12,Industrial Energy Corp #4,486110,Truck driver slipped on icy step of crude haulage tanker,"Crude oil transport driver slipped on icy metal footstep while descending from truck cab, spraining right ankle. Treated at outpatient urgent care and released same day.",0,0
201500581,2023-06-22,Industrial Energy Corp #12,486110,Truck driver slipped on icy step of crude haulage tanker,"Crude oil transport driver slipped on icy metal footstep while descending from truck cab, spraining right ankle. Treated at outpatient urgent care and released same day.",0,0
201500121,2023-02-10,Industrial Energy Corp #2,211111,Operator overcome by H2S gas inside separator vessel,Employee entered a sour crude separator vessel without testing atmospheric gas levels or wearing SCBA. High concentration of hydrogen sulfide (H2S) caused instant loss of consciousness. Co-worker pulled operator out.,1,0
201500190,2023-11-23,Industrial Energy Corp #11,486110,Truck driver slipped on icy step of crude haulage tanker,"Crude oil transport driver slipped on icy metal footstep while descending from truck cab, spraining right ankle. Treated at outpatient urgent care and released same day.",0,0
201500297,2023-10-18,Industrial Energy Corp #13,486110,Truck driver slipped on icy step of crude haulage tanker,"Crude oil transport driver slipped on icy metal footstep while descending from truck cab, spraining right ankle. Treated at outpatient urgent care and released same day.",0,0
201500011,2023-12-12,Industrial Energy Corp #12,211111,Operator overcome by H2S gas inside separator vessel,Employee entered a sour crude separator vessel without testing atmospheric gas levels or wearing SCBA. High concentration of hydrogen sulfide (H2S) caused instant loss of consciousness. Co-worker pulled operator out.,1,0
201500105,2023-10-22,Industrial Energy Corp #1,213112,Derrickman fell 15 feet from monkey board platform,"Derrickman was guiding drill pipe at the monkey board elevated platform when his safety harness lanyard detached from the inertia reel. Worker fell 15 feet onto the derrick substructure, sustaining spinal fractures.",1,0
201500513,2023-10-10,Industrial Energy Corp #4,213111,Mechanic hand abrasion while replacing V-belt,"Mechanic was replacing a fan belt on an auxiliary generator. His glove caught on the motor pulley shear point, resulting in minor skin laceration on thumb. Received first aid at local clinic, no hospitalization required.",0,0
201500442,2023-11-23,Industrial Energy Corp #8,237120,Technician eye irritation from washing chemical solvent,Technician was cleaning valve parts with solvent spray when minor droplet splashed around safety glasses into left eye. Eye was flushed at eyewash station for 15 minutes. Returned to full work next morning.,0,0
201500321,2023-10-14,Industrial Energy Corp #7,237120,Technician eye irritation from washing chemical solvent,Technician was cleaning valve parts with solvent spray when minor droplet splashed around safety glasses into left eye. Eye was flushed at eyewash station for 15 minutes. Returned to full work next morning.,0,0
201500098,2023-03-15,Industrial Energy Corp #9,237120,Welder exposed to flash fire during pipe welding,"Contract welder was cutting a structural beam near an unpurged hydrocarbon drain valve. Accumulated flammable gas ignited, causing second-degree thermal burns to arms and neck. Required 4-day inpatient hospitalization.",1,0
201500146,2023-03-07,Industrial Energy Corp #12,211111,Floorhand fingers pinched in rotary table tongs,"On a drilling rig floor, an employee was operating breakout tongs during tripping out of hole. His left hand slipped into the pinch point between the tong jaw and drill collar, resulting in partial index finger amputation.",1,1
201500061,2023-02-06,Industrial Energy Corp #2,211111,Operator overcome by H2S gas inside separator vessel,Employee entered a sour crude separator vessel without testing atmospheric gas levels or wearing SCBA. High concentration of hydrogen sulfide (H2S) caused instant loss of consciousness. Co-worker pulled operator out.,1,0
201500339,2023-04-04,Industrial Energy Corp #10,213111,Mechanic hand abrasion while replacing V-belt,"Mechanic was replacing a fan belt on an auxiliary generator. His glove caught on the motor pulley shear point, resulting in minor skin laceration on thumb. Received first aid at local clinic, no hospitalization required.",0,0
201500048,2023-01-21,Industrial Energy Corp #4,213112,Derrickman fell 15 feet from monkey board platform,"Derrickman was guiding drill pipe at the monkey board elevated platform when his safety harness lanyard detached from the inertia reel. Worker fell 15 feet onto the derrick substructure, sustaining spinal fractures.",1,0
201500222,2023-07-27,Industrial Energy Corp #13,486110,Truck driver slipped on icy step of crude haulage tanker,"Crude oil transport driver slipped on icy metal footstep while descending from truck cab, spraining right ankle. Treated at outpatient urgent care and released same day.",0,0
201500334,2023-11-27,Industrial Energy Corp #5,486110,Truck driver slipped on icy step of crude haulage tanker,"Crude oil transport driver slipped on icy metal footstep while descending from truck cab, spraining right ankle. Treated at outpatient urgent care and released same day.",0,0
201500238,2023-11-15,Industrial Energy Corp #14,213111,Mechanic hand abrasion while replacing V-belt,"Mechanic was replacing a fan belt on an auxiliary generator. His glove caught on the motor pulley shear point, resulting in minor skin laceration on thumb. Received first aid at local clinic, no hospitalization required.",0,0
201500439,2023-08-20,Industrial Energy Corp #5,213112,Worker bruised foot from dropped hand wrench,"A 12-inch adjustable wrench fell from a 4-foot workbench onto a helper's steel-toed safety boot. Boot cap protected toes, resulting in minor foot contusion.",0,0
201500193,2023-02-26,Industrial Energy Corp #14,486110,Truck driver slipped on icy step of crude haulage tanker,"Crude oil transport driver slipped on icy metal footstep while descending from truck cab, spraining right ankle. Treated at outpatient urgent care and released same day.",0,0
201500337,2023-02-02,Industrial Energy Corp #8,237120,Technician eye irritation from washing chemical solvent,Technician was cleaning valve parts with solvent spray when minor droplet splashed around safety glasses into left eye. Eye was flushed at eyewash station for 15 minutes. Returned to full work next morning.,0,0
201500176,2023-09-09,Industrial Energy Corp #12,213111,Mechanic hand abrasion while replacing V-belt,"Mechanic was replacing a fan belt on an auxiliary generator. His glove caught on the motor pulley shear point, resulting in minor skin laceration on thumb. Received first aid at local clinic, no hospitalization required.",0,0
201500280,2023-05-01,Industrial Energy Corp #11,213111,Mechanic hand abrasion while replacing V-belt,"Mechanic was replacing a fan belt on an auxiliary generator. His glove caught on the motor pulley shear point, resulting in minor skin laceration on thumb. Received first aid at local clinic, no hospitalization required.",0,0
201500228,2023-01-05,Industrial Energy Corp #4,213112,Worker bruised foot from dropped hand wrench,"A 12-inch adjustable wrench fell from a 4-foot workbench onto a helper's steel-toed safety boot. Boot cap protected toes, resulting in minor foot contusion.",0,0
201500393,2023-10-02,Industrial Energy Corp #4,486110,Truck driver slipped on icy step of crude haulage tanker,"Crude oil transport driver slipped on icy metal footstep while descending from truck cab, spraining right ankle. Treated at outpatient urgent care and released same day.",0,0
201500250,2023-11-27,Industrial Energy Corp #11,213112,Worker bruised foot from dropped hand wrench,"A 12-inch adjustable wrench fell from a 4-foot workbench onto a helper's steel-toed safety boot. Boot cap protected toes, resulting in minor foot contusion.",0,0
201500582,2023-07-23,Industrial Energy Corp #13,213112,Worker bruised foot from dropped hand wrench,"A 12-inch adjustable wrench fell from a 4-foot workbench onto a helper's steel-toed safety boot. Boot cap protected toes, resulting in minor foot contusion.",0,0
201500410,2023-03-19,Industrial Energy Corp #6,237120,Technician eye irritation from washing chemical solvent,Technician was cleaning valve parts with solvent spray when minor droplet splashed around safety glasses into left eye. Eye was flushed at eyewash station for 15 minutes. Returned to full work next morning.,0,0
201500421,2023-02-02,Industrial Energy Corp #2,237120,Technician eye irritation from washing chemical solvent,Technician was cleaning valve parts with solvent spray when minor droplet splashed around safety glasses into left eye. Eye was flushed at eyewash station for 15 minutes. Returned to full work next morning.,0,0
201500369,2023-10-06,Industrial Energy Corp #10,486110,Truck driver slipped on icy step of crude haulage tanker,"Crude oil transport driver slipped on icy metal footstep while descending from truck cab, spraining right ankle. Treated at outpatient urgent care and released same day.",0,0
201500259,2023-08-08,Industrial Energy Corp #5,213112,Worker bruised foot from dropped hand wrench,"A 12-inch adjustable wrench fell from a 4-foot workbench onto a helper's steel-toed safety boot. Boot cap protected toes, resulting in minor foot contusion.",0,0
201500482,2023-03-07,Industrial Energy Corp #3,213111,Mechanic hand abrasion while replacing V-belt,"Mechanic was replacing a fan belt on an auxiliary generator. His glove caught on the motor pulley shear point, resulting in minor skin laceration on thumb. Received first aid at local clinic, no hospitalization required.",0,0
201500454,2023-11-07,Industrial Energy Corp #5,237120,Technician eye irritation from washing chemical solvent,Technician was cleaning valve parts with solvent spray when minor droplet splashed around safety glasses into left eye. Eye was flushed at eyewash station for 15 minutes. Returned to full work next morning.,0,0
201500141,2023-10-02,Industrial Energy Corp #7,213111,Roustabout struck by high-pressure 2800 PSI mud discharge hose,"Roustabout was standing near the mud pump at a rig site when a 2-inch steel discharge line severed under 2800 PSI pressure, striking his shoulder and fracturing his clavicle. Employee was hospitalized.",1,0
201500035,2023-12-08,Industrial Energy Corp #6,213111,Roustabout struck by high-pressure 2800 PSI mud discharge hose,"Roustabout was standing near the mud pump at a rig site when a 2-inch steel discharge line severed under 2800 PSI pressure, striking his shoulder and fracturing his clavicle. Employee was hospitalized.",1,0
201500069,2023-10-14,Industrial Energy Corp #10,211111,Operator overcome by H2S gas inside separator vessel,Employee entered a sour crude separator vessel without testing atmospheric gas levels or wearing SCBA. High concentration of hydrogen sulfide (H2S) caused instant loss of consciousness. Co-worker pulled operator out.,1,0
201500560,2023-09-01,Industrial Energy Corp #6,213112,Worker bruised foot from dropped hand wrench,"A 12-inch adjustable wrench fell from a 4-foot workbench onto a helper's steel-toed safety boot. Boot cap protected toes, resulting in minor foot contusion.",0,0
201500097,2023-02-14,Industrial Energy Corp #8,237120,Welder exposed to flash fire during pipe welding,"Contract welder was cutting a structural beam near an unpurged hydrocarbon drain valve. Accumulated flammable gas ignited, causing second-degree thermal burns to arms and neck. Required 4-day inpatient hospitalization.",1,0
201500519,2023-04-16,Industrial Energy Corp #10,213111,Mechanic hand abrasion while replacing V-belt,"Mechanic was replacing a fan belt on an auxiliary generator. His glove caught on the motor pulley shear point, resulting in minor skin laceration on thumb. Received first aid at local clinic, no hospitalization required.",0,0
201500074,2023-03-19,Industrial Energy Corp #15,213111,Roustabout struck by high-pressure 2800 PSI mud discharge hose,"Roustabout was standing near the mud pump at a rig site when a 2-inch steel discharge line severed under 2800 PSI pressure, striking his shoulder and fracturing his clavicle. Employee was hospitalized.",1,0
201500233,2023-06-10,Industrial Energy Corp #9,213111,Mechanic hand abrasion while replacing V-belt,"Mechanic was replacing a fan belt on an auxiliary generator. His glove caught on the motor pulley shear point, resulting in minor skin laceration on thumb. Received first aid at local clinic, no hospitalization required.",0,0
201500124,2023-05-13,Industrial Energy Corp #5,213112,Derrickman fell 15 feet from monkey board platform,"Derrickman was guiding drill pipe at the monkey board elevated platform when his safety harness lanyard detached from the inertia reel. Worker fell 15 feet onto the derrick substructure, sustaining spinal fractures.",1,0
201500241,2023-02-18,Industrial Energy Corp #2,486110,Truck driver slipped on icy step of crude haulage tanker,"Crude oil transport driver slipped on icy metal footstep while descending from truck cab, spraining right ankle. Treated at outpatient urgent care and released same day.",0,0
201500549,2023-10-18,Industrial Energy Corp #10,486110,Truck driver slipped on icy step of crude haulage tanker,"Crude oil transport driver slipped on icy metal footstep while descending from truck cab, spraining right ankle. Treated at outpatient urgent care and released same day.",0,0
201500212,2023-09-17,Industrial Energy Corp #3,213111,Mechanic hand abrasion while replacing V-belt,"Mechanic was replacing a fan belt on an auxiliary generator. His glove caught on the motor pulley shear point, resulting in minor skin laceration on thumb. Received first aid at local clinic, no hospitalization required.",0,0
201500375,2023-04-12,Industrial Energy Corp #1,486110,Truck driver slipped on icy step of crude haulage tanker,"Crude oil transport driver slipped on icy metal footstep while descending from truck cab, spraining right ankle. Treated at outpatient urgent care and released same day.",0,0
201500260,2023-09-09,Industrial Energy Corp #6,486110,Truck driver slipped on icy step of crude haulage tanker,"Crude oil transport driver slipped on icy metal footstep while descending from truck cab, spraining right ankle. Treated at outpatient urgent care and released same day.",0,0
201500552,2023-01-21,Industrial Energy Corp #13,213111,Mechanic hand abrasion while replacing V-belt,"Mechanic was replacing a fan belt on an auxiliary generator. His glove caught on the motor pulley shear point, resulting in minor skin laceration on thumb. Received first aid at local clinic, no hospitalization required.",0,0
201500455,2023-12-08,Industrial Energy Corp #6,213111,Mechanic hand abrasion while replacing V-belt,"Mechanic was replacing a fan belt on an auxiliary generator. His glove caught on the motor pulley shear point, resulting in minor skin laceration on thumb. Received first aid at local clinic, no hospitalization required.",0,0
201500078,2023-07-23,Industrial Energy Corp #4,211111,Operator overcome by H2S gas inside separator vessel,Employee entered a sour crude separator vessel without testing atmospheric gas levels or wearing SCBA. High concentration of hydrogen sulfide (H2S) caused instant loss of consciousness. Co-worker pulled operator out.,1,0
201500459,2023-04-12,Industrial Energy Corp #10,486110,Truck driver slipped on icy step of crude haulage tanker,"Crude oil transport driver slipped on icy metal footstep while descending from truck cab, spraining right ankle. Treated at outpatient urgent care and released same day.",0,0
201500452,2023-09-05,Industrial Energy Corp #3,213111,Mechanic hand abrasion while replacing V-belt,"Mechanic was replacing a fan belt on an auxiliary generator. His glove caught on the motor pulley shear point, resulting in minor skin laceration on thumb. Received first aid at local clinic, no hospitalization required.",0,0
201500450,2023-07-03,Industrial Energy Corp #1,213112,Worker bruised foot from dropped hand wrench,"A 12-inch adjustable wrench fell from a 4-foot workbench onto a helper's steel-toed safety boot. Boot cap protected toes, resulting in minor foot contusion.",0,0
201500395,2023-12-04,Industrial Energy Corp #6,237120,Technician eye irritation from washing chemical solvent,Technician was cleaning valve parts with solvent spray when minor droplet splashed around safety glasses into left eye. Eye was flushed at eyewash station for 15 minutes. Returned to full work next morning.,0,0
201500047,2023-12-20,Industrial Energy Corp #3,213111,Roustabout struck by high-pressure 2800 PSI mud discharge hose,"Roustabout was standing near the mud pump at a rig site when a 2-inch steel discharge line severed under 2800 PSI pressure, striking his shoulder and fracturing his clavicle. Employee was hospitalized.",1,0
201500208,2023-05-13,Industrial Energy Corp #14,213111,Mechanic hand abrasion while replacing V-belt,"Mechanic was replacing a fan belt on an auxiliary generator. His glove caught on the motor pulley shear point, resulting in minor skin laceration on thumb. Received first aid at local clinic, no hospitalization required.",0,0
201500354,2023-07-19,Industrial Energy Corp #10,213111,Mechanic hand abrasion while replacing V-belt,"Mechanic was replacing a fan belt on an auxiliary generator. His glove caught on the motor pulley shear point, resulting in minor skin laceration on thumb. Received first aid at local clinic, no hospitalization required.",0,0
201500507,2023-04-04,Industrial Energy Corp #13,486110,Truck driver slipped on icy step of crude haulage tanker,"Crude oil transport driver slipped on icy metal footstep while descending from truck cab, spraining right ankle. Treated at outpatient urgent care and released same day.",0,0
201500424,2023-05-05,Industrial Energy Corp #5,237120,Technician eye irritation from washing chemical solvent,Technician was cleaning valve parts with solvent spray when minor droplet splashed around safety glasses into left eye. Eye was flushed at eyewash station for 15 minutes. Returned to full work next morning.,0,0
201500159,2023-04-20,Industrial Energy Corp #10,213111,Mechanic hand abrasion while replacing V-belt,"Mechanic was replacing a fan belt on an auxiliary generator. His glove caught on the motor pulley shear point, resulting in minor skin laceration on thumb. Received first aid at local clinic, no hospitalization required.",0,0
201500081,2023-10-26,Industrial Energy Corp #7,213112,Derrickman fell 15 feet from monkey board platform,"Derrickman was guiding drill pipe at the monkey board elevated platform when his safety harness lanyard detached from the inertia reel. Worker fell 15 feet onto the derrick substructure, sustaining spinal fractures.",1,0
201500426,2023-07-07,Industrial Energy Corp #7,213111,Mechanic hand abrasion while replacing V-belt,"Mechanic was replacing a fan belt on an auxiliary generator. His glove caught on the motor pulley shear point, resulting in minor skin laceration on thumb. Received first aid at local clinic, no hospitalization required.",0,0
201500014,2023-03-15,Industrial Energy Corp #15,486110,Pipe Fitter crushed between casing pipe and crane boom,"During offloading of 10-inch casing pipe from a flatbed trailer, the crane load swung unexpectedly. Pipe fitter standing in the line of fire was pinned between swinging load and truck bed, sustaining crushed pelvic injury.",1,0
201500062,2023-03-07,Industrial Energy Corp #3,486110,Pipe Fitter crushed between casing pipe and crane boom,"During offloading of 10-inch casing pipe from a flatbed trailer, the crane load swung unexpectedly. Pipe fitter standing in the line of fire was pinned between swinging load and truck bed, sustaining crushed pelvic injury.",1,0
201500248,2023-09-25,Industrial Energy Corp #9,486110,Truck driver slipped on icy step of crude haulage tanker,"Crude oil transport driver slipped on icy metal footstep while descending from truck cab, spraining right ankle. Treated at outpatient urgent care and released same day.",0,0
201500371,2023-12-08,Industrial Energy Corp #12,486110,Truck driver slipped on icy step of crude haulage tanker,"Crude oil transport driver slipped on icy metal footstep while descending from truck cab, spraining right ankle. Treated at outpatient urgent care and released same day.",0,0
201500573,2023-10-14,Industrial Energy Corp #4,486110,Truck driver slipped on icy step of crude haulage tanker,"Crude oil transport driver slipped on icy metal footstep while descending from truck cab, spraining right ankle. Treated at outpatient urgent care and released same day.",0,0
201500067,2023-08-12,Industrial Energy Corp #8,213111,Roustabout struck by high-pressure 2800 PSI mud discharge hose,"Roustabout was standing near the mud pump at a rig site when a 2-inch steel discharge line severed under 2800 PSI pressure, striking his shoulder and fracturing his clavicle. Employee was hospitalized.",1,0
201500328,2023-05-21,Industrial Energy Corp #14,213111,Mechanic hand abrasion while replacing V-belt,"Mechanic was replacing a fan belt on an auxiliary generator. His glove caught on the motor pulley shear point, resulting in minor skin laceration on thumb. Received first aid at local clinic, no hospitalization required.",0,0
201500392,2023-09-01,Industrial Energy Corp #3,213111,Mechanic hand abrasion while replacing V-belt,"Mechanic was replacing a fan belt on an auxiliary generator. His glove caught on the motor pulley shear point, resulting in minor skin laceration on thumb. Received first aid at local clinic, no hospitalization required.",0,0
201500104,2023-09-21,Industrial Energy Corp #15,211111,Operator overcome by H2S gas inside separator vessel,Employee entered a sour crude separator vessel without testing atmospheric gas levels or wearing SCBA. High concentration of hydrogen sulfide (H2S) caused instant loss of consciousness. Co-worker pulled operator out.,1,0
201500480,2023-01-05,Industrial Energy Corp #1,213111,Mechanic hand abrasion while replacing V-belt,"Mechanic was replacing a fan belt on an auxiliary generator. His glove caught on the motor pulley shear point, resulting in minor skin laceration on thumb. Received first aid at local clinic, no hospitalization required.",0,0
201500556,2023-05-25,Industrial Energy Corp #2,486110,Truck driver slipped on icy step of crude haulage tanker,"Crude oil transport driver slipped on icy metal footstep while descending from truck cab, spraining right ankle. Treated at outpatient urgent care and released same day.",0,0
201500255,2023-04-04,Industrial Energy Corp #1,486110,Truck driver slipped on icy step of crude haulage tanker,"Crude oil transport driver slipped on icy metal footstep while descending from truck cab, spraining right ankle. Treated at outpatient urgent care and released same day.",0,0
201500185,2023-06-18,Industrial Energy Corp #6,213112,Worker bruised foot from dropped hand wrench,"A 12-inch adjustable wrench fell from a 4-foot workbench onto a helper's steel-toed safety boot. Boot cap protected toes, resulting in minor foot contusion.",0,0
201500350,2023-03-15,Industrial Energy Corp #6,213111,Mechanic hand abrasion while replacing V-belt,"Mechanic was replacing a fan belt on an auxiliary generator. His glove caught on the motor pulley shear point, resulting in minor skin laceration on thumb. Received first aid at local clinic, no hospitalization required.",0,0
201500096,2023-01-13,Industrial Energy Corp #7,211111,Floorhand fingers pinched in rotary table tongs,"On a drilling rig floor, an employee was operating breakout tongs during tripping out of hole. His left hand slipped into the pinch point between the tong jaw and drill collar, resulting in partial index finger amputation.",1,1
201500467,2023-12-20,Industrial Energy Corp #3,213112,Worker bruised foot from dropped hand wrench,"A 12-inch adjustable wrench fell from a 4-foot workbench onto a helper's steel-toed safety boot. Boot cap protected toes, resulting in minor foot contusion.",0,0
201500211,2023-08-16,Industrial Energy Corp #2,486110,Truck driver slipped on icy step of crude haulage tanker,"Crude oil transport driver slipped on icy metal footstep while descending from truck cab, spraining right ankle. Treated at outpatient urgent care and released same day.",0,0
201500525,2023-10-22,Industrial Energy Corp #1,213112,Worker bruised foot from dropped hand wrench,"A 12-inch adjustable wrench fell from a 4-foot workbench onto a helper's steel-toed safety boot. Boot cap protected toes, resulting in minor foot contusion.",0,0
201500528,2023-01-25,Industrial Energy Corp #4,237120,Technician eye irritation from washing chemical solvent,Technician was cleaning valve parts with solvent spray when minor droplet splashed around safety glasses into left eye. Eye was flushed at eyewash station for 15 minutes. Returned to full work next morning.,0,0
201500000,2023-01-01,Industrial Energy Corp #1,211111,Operator overcome by H2S gas inside separator vessel,Employee entered a sour crude separator vessel without testing atmospheric gas levels or wearing SCBA. High concentration of hydrogen sulfide (H2S) caused instant loss of consciousness. Co-worker pulled operator out.,1,0
201500263,2023-12-12,Industrial Energy Corp #9,486110,Truck driver slipped on icy step of crude haulage tanker,"Crude oil transport driver slipped on icy metal footstep while descending from truck cab, spraining right ankle. Treated at outpatient urgent care and released same day.",0,0
201500376,2023-05-13,Industrial Energy Corp #2,237120,Technician eye irritation from washing chemical solvent,Technician was cleaning valve parts with solvent spray when minor droplet splashed around safety glasses into left eye. Eye was flushed at eyewash station for 15 minutes. Returned to full work next morning.,0,0
201500059,2023-12-04,Industrial Energy Corp #15,486110,Pipe Fitter crushed between casing pipe and crane boom,"During offloading of 10-inch casing pipe from a flatbed trailer, the crane load swung unexpectedly. Pipe fitter standing in the line of fire was pinned between swinging load and truck bed, sustaining crushed pelvic injury.",1,0
201500366,2023-07-03,Industrial Energy Corp #7,213111,Mechanic hand abrasion while replacing V-belt,"Mechanic was replacing a fan belt on an auxiliary generator. His glove caught on the motor pulley shear point, resulting in minor skin laceration on thumb. Received first aid at local clinic, no hospitalization required.",0,0
201500479,2023-12-04,Industrial Energy Corp #15,213112,Worker bruised foot from dropped hand wrench,"A 12-inch adjustable wrench fell from a 4-foot workbench onto a helper's steel-toed safety boot. Boot cap protected toes, resulting in minor foot contusion.",0,0
201500161,2023-06-22,Industrial Energy Corp #12,213112,Worker bruised foot from dropped hand wrench,"A 12-inch adjustable wrench fell from a 4-foot workbench onto a helper's steel-toed safety boot. Boot cap protected toes, resulting in minor foot contusion.",0,0
201500045,2023-10-18,Industrial Energy Corp #1,213111,Roustabout struck by high-pressure 2800 PSI mud discharge hose,"Roustabout was standing near the mud pump at a rig site when a 2-inch steel discharge line severed under 2800 PSI pressure, striking his shoulder and fracturing his clavicle. Employee was hospitalized.",1,0
201500408,2023-01-17,Industrial Energy Corp #4,213111,Mechanic hand abrasion while replacing V-belt,"Mechanic was replacing a fan belt on an auxiliary generator. His glove caught on the motor pulley shear point, resulting in minor skin laceration on thumb. Received first aid at local clinic, no hospitalization required.",0,0
201500018,2023-07-19,Industrial Energy Corp #4,213111,Roustabout struck by high-pressure 2800 PSI mud discharge hose,"Roustabout was standing near the mud pump at a rig site when a 2-inch steel discharge line severed under 2800 PSI pressure, striking his shoulder and fracturing his clavicle. Employee was hospitalized.",1,0
201500281,2023-06-02,Industrial Energy Corp #12,213112,Worker bruised foot from dropped hand wrench,"A 12-inch adjustable wrench fell from a 4-foot workbench onto a helper's steel-toed safety boot. Boot cap protected toes, resulting in minor foot contusion.",0,0
201500473,2023-06-26,Industrial Energy Corp #9,486110,Truck driver slipped on icy step of crude haulage tanker,"Crude oil transport driver slipped on icy metal footstep while descending from truck cab, spraining right ankle. Treated at outpatient urgent care and released same day.",0,0
201500492,2023-01-17,Industrial Energy Corp #13,213112,Worker bruised foot from dropped hand wrench,"A 12-inch adjustable wrench fell from a 4-foot workbench onto a helper's steel-toed safety boot. Boot cap protected toes, resulting in minor foot contusion.",0,0
201500253,2023-02-02,Industrial Energy Corp #14,213111,Mechanic hand abrasion while replacing V-belt,"Mechanic was replacing a fan belt on an auxiliary generator. His glove caught on the motor pulley shear point, resulting in minor skin laceration on thumb. Received first aid at local clinic, no hospitalization required.",0,0
201500210,2023-07-15,Industrial Energy Corp #1,213111,Mechanic hand abrasion while replacing V-belt,"Mechanic was replacing a fan belt on an auxiliary generator. His glove caught on the motor pulley shear point, resulting in minor skin laceration on thumb. Received first aid at local clinic, no hospitalization required.",0,0
201500168,2023-01-01,Industrial Energy Corp #4,237120,Technician eye irritation from washing chemical solvent,Technician was cleaning valve parts with solvent spray when minor droplet splashed around safety glasses into left eye. Eye was flushed at eyewash station for 15 minutes. Returned to full work next morning.,0,0
201500082,2023-11-27,Industrial Energy Corp #8,213112,Derrickman fell 15 feet from monkey board platform,"Derrickman was guiding drill pipe at the monkey board elevated platform when his safety harness lanyard detached from the inertia reel. Worker fell 15 feet onto the derrick substructure, sustaining spinal fractures.",1,0
201500053,2023-06-26,Industrial Energy Corp #9,211111,Operator overcome by H2S gas inside separator vessel,Employee entered a sour crude separator vessel without testing atmospheric gas levels or wearing SCBA. High concentration of hydrogen sulfide (H2S) caused instant loss of consciousness. Co-worker pulled operator out.,1,0
201500164,2023-09-25,Industrial Energy Corp #15,213111,Mechanic hand abrasion while replacing V-belt,"Mechanic was replacing a fan belt on an auxiliary generator. His glove caught on the motor pulley shear point, resulting in minor skin laceration on thumb. Received first aid at local clinic, no hospitalization required.",0,0
201500170,2023-03-03,Industrial Energy Corp #6,486110,Truck driver slipped on icy step of crude haulage tanker,"Crude oil transport driver slipped on icy metal footstep while descending from truck cab, spraining right ankle. Treated at outpatient urgent care and released same day.",0,0
201500567,2023-04-08,Industrial Energy Corp #13,213111,Mechanic hand abrasion while replacing V-belt,"Mechanic was replacing a fan belt on an auxiliary generator. His glove caught on the motor pulley shear point, resulting in minor skin laceration on thumb. Received first aid at local clinic, no hospitalization required.",0,0
201500178,2023-11-11,Industrial Energy Corp #14,237120,Technician eye irritation from washing chemical solvent,Technician was cleaning valve parts with solvent spray when minor droplet splashed around safety glasses into left eye. Eye was flushed at eyewash station for 15 minutes. Returned to full work next morning.,0,0
201500406,2023-11-15,Industrial Energy Corp #2,237120,Technician eye irritation from washing chemical solvent,Technician was cleaning valve parts with solvent spray when minor droplet splashed around safety glasses into left eye. Eye was flushed at eyewash station for 15 minutes. Returned to full work next morning.,0,0
201500563,2023-12-04,Industrial Energy Corp #9,237120,Technician eye irritation from washing chemical solvent,Technician was cleaning valve parts with solvent spray when minor droplet splashed around safety glasses into left eye. Eye was flushed at eyewash station for 15 minutes. Returned to full work next morning.,0,0
201500472,2023-05-25,Industrial Energy Corp #8,486110,Truck driver slipped on icy step of crude haulage tanker,"Crude oil transport driver slipped on icy metal footstep while descending from truck cab, spraining right ankle. Treated at outpatient urgent care and released same day.",0,0
201500325,2023-02-18,Industrial Energy Corp #11,486110,Truck driver slipped on icy step of crude haulage tanker,"Crude oil transport driver slipped on icy metal footstep while descending from truck cab, spraining right ankle. Treated at outpatient urgent care and released same day.",0,0
201500223,2023-08-28,Industrial Energy Corp #14,213112,Worker bruised foot from dropped hand wrench,"A 12-inch adjustable wrench fell from a 4-foot workbench onto a helper's steel-toed safety boot. Boot cap protected toes, resulting in minor foot contusion.",0,0
201500299,2023-12-20,Industrial Energy Corp #15,486110,Truck driver slipped on icy step of crude haulage tanker,"Crude oil transport driver slipped on icy metal footstep while descending from truck cab, spraining right ankle. Treated at outpatient urgent care and released same day.",0,0
201500092,2023-09-09,Industrial Energy Corp #3,211111,Floorhand fingers pinched in rotary table tongs,"On a drilling rig floor, an employee was operating breakout tongs during tripping out of hole. His left hand slipped into the pinch point between the tong jaw and drill collar, resulting in partial index finger amputation.",1,1
201500142,2023-11-03,Industrial Energy Corp #8,213111,Roustabout struck by high-pressure 2800 PSI mud discharge hose,"Roustabout was standing near the mud pump at a rig site when a 2-inch steel discharge line severed under 2800 PSI pressure, striking his shoulder and fracturing his clavicle. Employee was hospitalized.",1,0
201500489,2023-10-14,Industrial Energy Corp #10,213112,Worker bruised foot from dropped hand wrench,"A 12-inch adjustable wrench fell from a 4-foot workbench onto a helper's steel-toed safety boot. Boot cap protected toes, resulting in minor foot contusion.",0,0
201500333,2023-10-26,Industrial Energy Corp #4,237120,Technician eye irritation from washing chemical solvent,Technician was cleaning valve parts with solvent spray when minor droplet splashed around safety glasses into left eye. Eye was flushed at eyewash station for 15 minutes. Returned to full work next morning.,0,0
201500265,2023-02-14,Industrial Energy Corp #11,213111,Mechanic hand abrasion while replacing V-belt,"Mechanic was replacing a fan belt on an auxiliary generator. His glove caught on the motor pulley shear point, resulting in minor skin laceration on thumb. Received first aid at local clinic, no hospitalization required.",0,0
201500548,2023-09-17,Industrial Energy Corp #9,213112,Worker bruised foot from dropped hand wrench,"A 12-inch adjustable wrench fell from a 4-foot workbench onto a helper's steel-toed safety boot. Boot cap protected toes, resulting in minor foot contusion.",0,0
201500089,2023-06-06,Industrial Energy Corp #15,213111,Roustabout struck by high-pressure 2800 PSI mud discharge hose,"Roustabout was standing near the mud pump at a rig site when a 2-inch steel discharge line severed under 2800 PSI pressure, striking his shoulder and fracturing his clavicle. Employee was hospitalized.",1,0
201500368,2023-09-05,Industrial Energy Corp #9,213112,Worker bruised foot from dropped hand wrench,"A 12-inch adjustable wrench fell from a 4-foot workbench onto a helper's steel-toed safety boot. Boot cap protected toes, resulting in minor foot contusion.",0,0
201500584,2023-09-25,Industrial Energy Corp #15,237120,Technician eye irritation from washing chemical solvent,Technician was cleaning valve parts with solvent spray when minor droplet splashed around safety glasses into left eye. Eye was flushed at eyewash station for 15 minutes. Returned to full work next morning.,0,0
201500137,2023-06-26,Industrial Energy Corp #3,211111,Floorhand fingers pinched in rotary table tongs,"On a drilling rig floor, an employee was operating breakout tongs during tripping out of hole. His left hand slipped into the pinch point between the tong jaw and drill collar, resulting in partial index finger amputation.",1,1
201500565,2023-02-06,Industrial Energy Corp #11,213112,Worker bruised foot from dropped hand wrench,"A 12-inch adjustable wrench fell from a 4-foot workbench onto a helper's steel-toed safety boot. Boot cap protected toes, resulting in minor foot contusion.",0,0
201500553,2023-02-22,Industrial Energy Corp #14,237120,Technician eye irritation from washing chemical solvent,Technician was cleaning valve parts with solvent spray when minor droplet splashed around safety glasses into left eye. Eye was flushed at eyewash station for 15 minutes. Returned to full work next morning.,0,0
201500300,2023-01-21,Industrial Energy Corp #1,237120,Technician eye irritation from washing chemical solvent,Technician was cleaning valve parts with solvent spray when minor droplet splashed around safety glasses into left eye. Eye was flushed at eyewash station for 15 minutes. Returned to full work next morning.,0,0
201500294,2023-07-15,Industrial Energy Corp #10,213112,Worker bruised foot from dropped hand wrench,"A 12-inch adjustable wrench fell from a 4-foot workbench onto a helper's steel-toed safety boot. Boot cap protected toes, resulting in minor foot contusion.",0,0
201500345,2023-10-10,Industrial Energy Corp #1,486110,Truck driver slipped on icy step of crude haulage tanker,"Crude oil transport driver slipped on icy metal footstep while descending from truck cab, spraining right ankle. Treated at outpatient urgent care and released same day.",0,0
201500117,2023-10-06,Industrial Energy Corp #13,211111,Floorhand fingers pinched in rotary table tongs,"On a drilling rig floor, an employee was operating breakout tongs during tripping out of hole. His left hand slipped into the pinch point between the tong jaw and drill collar, resulting in partial index finger amputation.",1,1
201500046,2023-11-19,Industrial Energy Corp #2,237120,Welder exposed to flash fire during pipe welding,"Contract welder was cutting a structural beam near an unpurged hydrocarbon drain valve. Accumulated flammable gas ignited, causing second-degree thermal burns to arms and neck. Required 4-day inpatient hospitalization.",1,0
201500013,2023-02-14,Industrial Energy Corp #14,213111,Roustabout struck by high-pressure 2800 PSI mud discharge hose,"Roustabout was standing near the mud pump at a rig site when a 2-inch steel discharge line severed under 2800 PSI pressure, striking his shoulder and fracturing his clavicle. Employee was hospitalized.",1,0
201500128,2023-09-17,Industrial Energy Corp #9,486110,Pipe Fitter crushed between casing pipe and crane boom,"During offloading of 10-inch casing pipe from a flatbed trailer, the crane load swung unexpectedly. Pipe fitter standing in the line of fire was pinned between swinging load and truck bed, sustaining crushed pelvic injury.",1,0
201500309,2023-10-02,Industrial Energy Corp #10,213111,Mechanic hand abrasion while replacing V-belt,"Mechanic was replacing a fan belt on an auxiliary generator. His glove caught on the motor pulley shear point, resulting in minor skin laceration on thumb. Received first aid at local clinic, no hospitalization required.",0,0
201500165,2023-10-26,Industrial Energy Corp #1,237120,Technician eye irritation from washing chemical solvent,Technician was cleaning valve parts with solvent spray when minor droplet splashed around safety glasses into left eye. Eye was flushed at eyewash station for 15 minutes. Returned to full work next morning.,0,0
201500592,2023-05-05,Industrial Energy Corp #8,213112,Worker bruised foot from dropped hand wrench,"A 12-inch adjustable wrench fell from a 4-foot workbench onto a helper's steel-toed safety boot. Boot cap protected toes, resulting in minor foot contusion.",0,0
201500020,2023-09-21,Industrial Energy Corp #6,211111,Floorhand fingers pinched in rotary table tongs,"On a drilling rig floor, an employee was operating breakout tongs during tripping out of hole. His left hand slipped into the pinch point between the tong jaw and drill collar, resulting in partial index finger amputation.",1,1
201500306,2023-07-27,Industrial Energy Corp #7,213111,Mechanic hand abrasion while replacing V-belt,"Mechanic was replacing a fan belt on an auxiliary generator. His glove caught on the motor pulley shear point, resulting in minor skin laceration on thumb. Received first aid at local clinic, no hospitalization required.",0,0
201500428,2023-09-09,Industrial Energy Corp #9,237120,Technician eye irritation from washing chemical solvent,Technician was cleaning valve parts with solvent spray when minor droplet splashed around safety glasses into left eye. Eye was flushed at eyewash station for 15 minutes. Returned to full work next morning.,0,0
201500382,2023-11-19,Industrial Energy Corp #8,213112,Worker bruised foot from dropped hand wrench,"A 12-inch adjustable wrench fell from a 4-foot workbench onto a helper's steel-toed safety boot. Boot cap protected toes, resulting in minor foot contusion.",0,0
201500252,2023-01-01,Industrial Energy Corp #13,213111,Mechanic hand abrasion while replacing V-belt,"Mechanic was replacing a fan belt on an auxiliary generator. His glove caught on the motor pulley shear point, resulting in minor skin laceration on thumb. Received first aid at local clinic, no hospitalization required.",0,0
201500599,2023-12-12,Industrial Energy Corp #15,213111,Mechanic hand abrasion while replacing V-belt,"Mechanic was replacing a fan belt on an auxiliary generator. His glove caught on the motor pulley shear point, resulting in minor skin laceration on thumb. Received first aid at local clinic, no hospitalization required.",0,0
201500256,2023-05-05,Industrial Energy Corp #2,486110,Truck driver slipped on icy step of crude haulage tanker,"Crude oil transport driver slipped on icy metal footstep while descending from truck cab, spraining right ankle. Treated at outpatient urgent care and released same day.",0,0
201500139,2023-08-28,Industrial Energy Corp #5,486110,Pipe Fitter crushed between casing pipe and crane boom,"During offloading of 10-inch casing pipe from a flatbed trailer, the crane load swung unexpectedly. Pipe fitter standing in the line of fire was pinned between swinging load and truck bed, sustaining crushed pelvic injury.",1,0
201500206,2023-03-11,Industrial Energy Corp #12,486110,Truck driver slipped on icy step of crude haulage tanker,"Crude oil transport driver slipped on icy metal footstep while descending from truck cab, spraining right ankle. Treated at outpatient urgent care and released same day.",0,0
201500358,2023-11-23,Industrial Energy Corp #14,486110,Truck driver slipped on icy step of crude haulage tanker,"Crude oil transport driver slipped on icy metal footstep while descending from truck cab, spraining right ankle. Treated at outpatient urgent care and released same day.",0,0
201500462,2023-07-15,Industrial Energy Corp #13,213111,Mechanic hand abrasion while replacing V-belt,"Mechanic was replacing a fan belt on an auxiliary generator. His glove caught on the motor pulley shear point, resulting in minor skin laceration on thumb. Received first aid at local clinic, no hospitalization required.",0,0
201500418,2023-11-27,Industrial Energy Corp #14,213112,Worker bruised foot from dropped hand wrench,"A 12-inch adjustable wrench fell from a 4-foot workbench onto a helper's steel-toed safety boot. Boot cap protected toes, resulting in minor foot contusion.",0,0
201500239,2023-12-16,Industrial Energy Corp #15,486110,Truck driver slipped on icy step of crude haulage tanker,"Crude oil transport driver slipped on icy metal footstep while descending from truck cab, spraining right ankle. Treated at outpatient urgent care and released same day.",0,0
201500063,2023-04-08,Industrial Energy Corp #4,213112,Derrickman fell 15 feet from monkey board platform,"Derrickman was guiding drill pipe at the monkey board elevated platform when his safety harness lanyard detached from the inertia reel. Worker fell 15 feet onto the derrick substructure, sustaining spinal fractures.",1,0
201500224,2023-09-01,Industrial Energy Corp #15,213112,Worker bruised foot from dropped hand wrench,"A 12-inch adjustable wrench fell from a 4-foot workbench onto a helper's steel-toed safety boot. Boot cap protected toes, resulting in minor foot contusion.",0,0
201500412,2023-05-21,Industrial Energy Corp #8,213112,Worker bruised foot from dropped hand wrench,"A 12-inch adjustable wrench fell from a 4-foot workbench onto a helper's steel-toed safety boot. Boot cap protected toes, resulting in minor foot contusion.",0,0
201500493,2023-02-18,Industrial Energy Corp #14,237120,Technician eye irritation from washing chemical solvent,Technician was cleaning valve parts with solvent spray when minor droplet splashed around safety glasses into left eye. Eye was flushed at eyewash station for 15 minutes. Returned to full work next morning.,0,0
201500383,2023-12-20,Industrial Energy Corp #9,213111,Mechanic hand abrasion while replacing V-belt,"Mechanic was replacing a fan belt on an auxiliary generator. His glove caught on the motor pulley shear point, resulting in minor skin laceration on thumb. Received first aid at local clinic, no hospitalization required.",0,0
201500417,2023-10-26,Industrial Energy Corp #13,213111,Mechanic hand abrasion while replacing V-belt,"Mechanic was replacing a fan belt on an auxiliary generator. His glove caught on the motor pulley shear point, resulting in minor skin laceration on thumb. Received first aid at local clinic, no hospitalization required.",0,0
201500157,2023-02-18,Industrial Energy Corp #8,237120,Technician eye irritation from washing chemical solvent,Technician was cleaning valve parts with solvent spray when minor droplet splashed around safety glasses into left eye. Eye was flushed at eyewash station for 15 minutes. Returned to full work next morning.,0,0
201500084,2023-01-01,Industrial Energy Corp #10,211111,Operator overcome by H2S gas inside separator vessel,Employee entered a sour crude separator vessel without testing atmospheric gas levels or wearing SCBA. High concentration of hydrogen sulfide (H2S) caused instant loss of consciousness. Co-worker pulled operator out.,1,0
201500595,2023-08-08,Industrial Energy Corp #11,213111,Mechanic hand abrasion while replacing V-belt,"Mechanic was replacing a fan belt on an auxiliary generator. His glove caught on the motor pulley shear point, resulting in minor skin laceration on thumb. Received first aid at local clinic, no hospitalization required.",0,0
201500407,2023-12-16,Industrial Energy Corp #3,213111,Mechanic hand abrasion while replacing V-belt,"Mechanic was replacing a fan belt on an auxiliary generator. His glove caught on the motor pulley shear point, resulting in minor skin laceration on thumb. Received first aid at local clinic, no hospitalization required.",0,0
201500072,2023-01-17,Industrial Energy Corp #13,213111,Roustabout struck by high-pressure 2800 PSI mud discharge hose,"Roustabout was standing near the mud pump at a rig site when a 2-inch steel discharge line severed under 2800 PSI pressure, striking his shoulder and fracturing his clavicle. Employee was hospitalized.",1,0
201500136,2023-05-25,Industrial Energy Corp #2,213112,Derrickman fell 15 feet from monkey board platform,"Derrickman was guiding drill pipe at the monkey board elevated platform when his safety harness lanyard detached from the inertia reel. Worker fell 15 feet onto the derrick substructure, sustaining spinal fractures.",1,0
201500465,2023-10-18,Industrial Energy Corp #1,213111,Mechanic hand abrasion while replacing V-belt,"Mechanic was replacing a fan belt on an auxiliary generator. His glove caught on the motor pulley shear point, resulting in minor skin laceration on thumb. Received first aid at local clinic, no hospitalization required.",0,0
201500331,2023-08-24,Industrial Energy Corp #2,237120,Technician eye irritation from washing chemical solvent,Technician was cleaning valve parts with solvent spray when minor droplet splashed around safety glasses into left eye. Eye was flushed at eyewash station for 15 minutes. Returned to full work next morning.,0,0
201500451,2023-08-04,Industrial Energy Corp #2,486110,Truck driver slipped on icy step of crude haulage tanker,"Crude oil transport driver slipped on icy metal footstep while descending from truck cab, spraining right ankle. Treated at outpatient urgent care and released same day.",0,0
201500278,2023-03-27,Industrial Energy Corp #9,237120,Technician eye irritation from washing chemical solvent,Technician was cleaning valve parts with solvent spray when minor droplet splashed around safety glasses into left eye. Eye was flushed at eyewash station for 15 minutes. Returned to full work next morning.,0,0
201500576,2023-01-17,Industrial Energy Corp #7,486110,Truck driver slipped on icy step of crude haulage tanker,"Crude oil transport driver slipped on icy metal footstep while descending from truck cab, spraining right ankle. Treated at outpatient urgent care and released same day.",0,0
201500559,2023-08-28,Industrial Energy Corp #5,237120,Technician eye irritation from washing chemical solvent,Technician was cleaning valve parts with solvent spray when minor droplet splashed around safety glasses into left eye. Eye was flushed at eyewash station for 15 minutes. Returned to full work next morning.,0,0
201500101,2023-06-18,Industrial Energy Corp #12,211111,Operator overcome by H2S gas inside separator vessel,Employee entered a sour crude separator vessel without testing atmospheric gas levels or wearing SCBA. High concentration of hydrogen sulfide (H2S) caused instant loss of consciousness. Co-worker pulled operator out.,1,0
201500429,2023-10-10,Industrial Energy Corp #10,213112,Worker bruised foot from dropped hand wrench,"A 12-inch adjustable wrench fell from a 4-foot workbench onto a helper's steel-toed safety boot. Boot cap protected toes, resulting in minor foot contusion.",0,0
201500586,2023-11-27,Industrial Energy Corp #2,213111,Mechanic hand abrasion while replacing V-belt,"Mechanic was replacing a fan belt on an auxiliary generator. His glove caught on the motor pulley shear point, resulting in minor skin laceration on thumb. Received first aid at local clinic, no hospitalization required.",0,0
201500432,2023-01-13,Industrial Energy Corp #13,237120,Technician eye irritation from washing chemical solvent,Technician was cleaning valve parts with solvent spray when minor droplet splashed around safety glasses into left eye. Eye was flushed at eyewash station for 15 minutes. Returned to full work next morning.,0,0
201500403,2023-08-12,Industrial Energy Corp #14,213111,Mechanic hand abrasion while replacing V-belt,"Mechanic was replacing a fan belt on an auxiliary generator. His glove caught on the motor pulley shear point, resulting in minor skin laceration on thumb. Received first aid at local clinic, no hospitalization required.",0,0
201500589,2023-02-02,Industrial Energy Corp #5,213111,Mechanic hand abrasion while replacing V-belt,"Mechanic was replacing a fan belt on an auxiliary generator. His glove caught on the motor pulley shear point, resulting in minor skin laceration on thumb. Received first aid at local clinic, no hospitalization required.",0,0
201500119,2023-12-08,Industrial Energy Corp #15,237120,Welder exposed to flash fire during pipe welding,"Contract welder was cutting a structural beam near an unpurged hydrocarbon drain valve. Accumulated flammable gas ignited, causing second-degree thermal burns to arms and neck. Required 4-day inpatient hospitalization.",1,0
201500468,2023-01-21,Industrial Energy Corp #4,486110,Truck driver slipped on icy step of crude haulage tanker,"Crude oil transport driver slipped on icy metal footstep while descending from truck cab, spraining right ankle. Treated at outpatient urgent care and released same day.",0,0
201500036,2023-01-09,Industrial Energy Corp #7,211111,Floorhand fingers pinched in rotary table tongs,"On a drilling rig floor, an employee was operating breakout tongs during tripping out of hole. His left hand slipped into the pinch point between the tong jaw and drill collar, resulting in partial index finger amputation.",1,1
201500511,2023-08-08,Industrial Energy Corp #2,486110,Truck driver slipped on icy step of crude haulage tanker,"Crude oil transport driver slipped on icy metal footstep while descending from truck cab, spraining right ankle. Treated at outpatient urgent care and released same day.",0,0
201500359,2023-12-24,Industrial Energy Corp #15,213111,Mechanic hand abrasion while replacing V-belt,"Mechanic was replacing a fan belt on an auxiliary generator. His glove caught on the motor pulley shear point, resulting in minor skin laceration on thumb. Received first aid at local clinic, no hospitalization required.",0,0
201500144,2023-01-05,Industrial Energy Corp #10,211111,Floorhand fingers pinched in rotary table tongs,"On a drilling rig floor, an employee was operating breakout tongs during tripping out of hole. His left hand slipped into the pinch point between the tong jaw and drill collar, resulting in partial index finger amputation.",1,1
201500361,2023-02-26,Industrial Energy Corp #2,237120,Technician eye irritation from washing chemical solvent,Technician was cleaning valve parts with solvent spray when minor droplet splashed around safety glasses into left eye. Eye was flushed at eyewash station for 15 minutes. Returned to full work next morning.,0,0
201500147,2023-04-08,Industrial Energy Corp #13,211111,Operator overcome by H2S gas inside separator vessel,Employee entered a sour crude separator vessel without testing atmospheric gas levels or wearing SCBA. High concentration of hydrogen sulfide (H2S) caused instant loss of consciousness. Co-worker pulled operator out.,1,0
201500118,2023-11-07,Industrial Energy Corp #14,211111,Operator overcome by H2S gas inside separator vessel,Employee entered a sour crude separator vessel without testing atmospheric gas levels or wearing SCBA. High concentration of hydrogen sulfide (H2S) caused instant loss of consciousness. Co-worker pulled operator out.,1,0
201500016,2023-05-17,Industrial Energy Corp #2,213111,Roustabout struck by high-pressure 2800 PSI mud discharge hose,"Roustabout was standing near the mud pump at a rig site when a 2-inch steel discharge line severed under 2800 PSI pressure, striking his shoulder and fracturing his clavicle. Employee was hospitalized.",1,0
201500588,2023-01-01,Industrial Energy Corp #4,237120,Technician eye irritation from washing chemical solvent,Technician was cleaning valve parts with solvent spray when minor droplet splashed around safety glasses into left eye. Eye was flushed at eyewash station for 15 minutes. Returned to full work next morning.,0,0
201500485,2023-06-10,Industrial Energy Corp #6,213112,Worker bruised foot from dropped hand wrench,"A 12-inch adjustable wrench fell from a 4-foot workbench onto a helper's steel-toed safety boot. Boot cap protected toes, resulting in minor foot contusion.",0,0
201500304,2023-05-25,Industrial Energy Corp #5,213112,Worker bruised foot from dropped hand wrench,"A 12-inch adjustable wrench fell from a 4-foot workbench onto a helper's steel-toed safety boot. Boot cap protected toes, resulting in minor foot contusion.",0,0
201500533,2023-06-02,Industrial Energy Corp #9,486110,Truck driver slipped on icy step of crude haulage tanker,"Crude oil transport driver slipped on icy metal footstep while descending from truck cab, spraining right ankle. Treated at outpatient urgent care and released same day.",0,0
201500447,2023-04-28,Industrial Energy Corp #13,213112,Worker bruised foot from dropped hand wrench,"A 12-inch adjustable wrench fell from a 4-foot workbench onto a helper's steel-toed safety boot. Boot cap protected toes, resulting in minor foot contusion.",0,0
201500209,2023-06-14,Industrial Energy Corp #15,213111,Mechanic hand abrasion while replacing V-belt,"Mechanic was replacing a fan belt on an auxiliary generator. His glove caught on the motor pulley shear point, resulting in minor skin laceration on thumb. Received first aid at local clinic, no hospitalization required.",0,0
201500001,2023-02-02,Industrial Energy Corp #2,213111,Roustabout struck by high-pressure 2800 PSI mud discharge hose,"Roustabout was standing near the mud pump at a rig site when a 2-inch steel discharge line severed under 2800 PSI pressure, striking his shoulder and fracturing his clavicle. Employee was hospitalized.",1,0
201500427,2023-08-08,Industrial Energy Corp #8,237120,Technician eye irritation from washing chemical solvent,Technician was cleaning valve parts with solvent spray when minor droplet splashed around safety glasses into left eye. Eye was flushed at eyewash station for 15 minutes. Returned to full work next morning.,0,0
201500038,2023-03-11,Industrial Energy Corp #9,237120,Welder exposed to flash fire during pipe welding,"Contract welder was cutting a structural beam near an unpurged hydrocarbon drain valve. Accumulated flammable gas ignited, causing second-degree thermal burns to arms and neck. Required 4-day inpatient hospitalization.",1,0
201500554,2023-03-23,Industrial Energy Corp #15,213112,Worker bruised foot from dropped hand wrench,"A 12-inch adjustable wrench fell from a 4-foot workbench onto a helper's steel-toed safety boot. Boot cap protected toes, resulting in minor foot contusion.",0,0
201500571,2023-08-12,Industrial Energy Corp #2,213111,Mechanic hand abrasion while replacing V-belt,"Mechanic was replacing a fan belt on an auxiliary generator. His glove caught on the motor pulley shear point, resulting in minor skin laceration on thumb. Received first aid at local clinic, no hospitalization required.",0,0
201500521,2023-06-18,Industrial Energy Corp #12,213112,Worker bruised foot from dropped hand wrench,"A 12-inch adjustable wrench fell from a 4-foot workbench onto a helper's steel-toed safety boot. Boot cap protected toes, resulting in minor foot contusion.",0,0
201500080,2023-09-25,Industrial Energy Corp #6,211111,Floorhand fingers pinched in rotary table tongs,"On a drilling rig floor, an employee was operating breakout tongs during tripping out of hole. His left hand slipped into the pinch point between the tong jaw and drill collar, resulting in partial index finger amputation.",1,1
201500041,2023-06-14,Industrial Energy Corp #12,211111,Floorhand fingers pinched in rotary table tongs,"On a drilling rig floor, an employee was operating breakout tongs during tripping out of hole. His left hand slipped into the pinch point between the tong jaw and drill collar, resulting in partial index finger amputation.",1,1
201500531,2023-04-28,Industrial Energy Corp #7,486110,Truck driver slipped on icy step of crude haulage tanker,"Crude oil transport driver slipped on icy metal footstep while descending from truck cab, spraining right ankle. Treated at outpatient urgent care and released same day.",0,0
201500135,2023-04-24,Industrial Energy Corp #1,237120,Welder exposed to flash fire during pipe welding,"Contract welder was cutting a structural beam near an unpurged hydrocarbon drain valve. Accumulated flammable gas ignited, causing second-degree thermal burns to arms and neck. Required 4-day inpatient hospitalization.",1,0
201500587,2023-12-28,Industrial Energy Corp #3,486110,Truck driver slipped on icy step of crude haulage tanker,"Crude oil transport driver slipped on icy metal footstep while descending from truck cab, spraining right ankle. Treated at outpatient urgent care and released same day.",0,0
201500320,2023-09-13,Industrial Energy Corp #6,213112,Worker bruised foot from dropped hand wrench,"A 12-inch adjustable wrench fell from a 4-foot workbench onto a helper's steel-toed safety boot. Boot cap protected toes, resulting in minor foot contusion.",0,0
201500106,2023-11-23,Industrial Energy Corp #2,213111,Roustabout struck by high-pressure 2800 PSI mud discharge hose,"Roustabout was standing near the mud pump at a rig site when a 2-inch steel discharge line severed under 2800 PSI pressure, striking his shoulder and fracturing his clavicle. Employee was hospitalized.",1,0
201500390,2023-07-27,Industrial Energy Corp #1,486110,Truck driver slipped on icy step of crude haulage tanker,"Crude oil transport driver slipped on icy metal footstep while descending from truck cab, spraining right ankle. Treated at outpatient urgent care and released same day.",0,0
201500050,2023-03-23,Industrial Energy Corp #6,486110,Pipe Fitter crushed between casing pipe and crane boom,"During offloading of 10-inch casing pipe from a flatbed trailer, the crane load swung unexpectedly. Pipe fitter standing in the line of fire was pinned between swinging load and truck bed, sustaining crushed pelvic injury.",1,0
201500378,2023-07-15,Industrial Energy Corp #4,486110,Truck driver slipped on icy step of crude haulage tanker,"Crude oil transport driver slipped on icy metal footstep while descending from truck cab, spraining right ankle. Treated at outpatient urgent care and released same day.",0,0
201500312,2023-01-05,Industrial Energy Corp #13,237120,Technician eye irritation from washing chemical solvent,Technician was cleaning valve parts with solvent spray when minor droplet splashed around safety glasses into left eye. Eye was flushed at eyewash station for 15 minutes. Returned to full work next morning.,0,0
201500030,2023-07-03,Industrial Energy Corp #1,237120,Welder exposed to flash fire during pipe welding,"Contract welder was cutting a structural beam near an unpurged hydrocarbon drain valve. Accumulated flammable gas ignited, causing second-degree thermal burns to arms and neck. Required 4-day inpatient hospitalization.",1,0
201500317,2023-06-10,Industrial Energy Corp #3,237120,Technician eye irritation from washing chemical solvent,Technician was cleaning valve parts with solvent spray when minor droplet splashed around safety glasses into left eye. Eye was flushed at eyewash station for 15 minutes. Returned to full work next morning.,0,0
201500291,2023-04-12,Industrial Energy Corp #7,486110,Truck driver slipped on icy step of crude haulage tanker,"Crude oil transport driver slipped on icy metal footstep while descending from truck cab, spraining right ankle. Treated at outpatient urgent care and released same day.",0,0
201500583,2023-08-24,Industrial Energy Corp #14,237120,Technician eye irritation from washing chemical solvent,Technician was cleaning valve parts with solvent spray when minor droplet splashed around safety glasses into left eye. Eye was flushed at eyewash station for 15 minutes. Returned to full work next morning.,0,0
201500219,2023-04-24,Industrial Energy Corp #10,486110,Truck driver slipped on icy step of crude haulage tanker,"Crude oil transport driver slipped on icy metal footstep while descending from truck cab, spraining right ankle. Treated at outpatient urgent care and released same day.",0,0
201500540,2023-01-09,Industrial Energy Corp #1,213112,Worker bruised foot from dropped hand wrench,"A 12-inch adjustable wrench fell from a 4-foot workbench onto a helper's steel-toed safety boot. Boot cap protected toes, resulting in minor foot contusion.",0,0
201500440,2023-09-21,Industrial Energy Corp #6,213111,Mechanic hand abrasion while replacing V-belt,"Mechanic was replacing a fan belt on an auxiliary generator. His glove caught on the motor pulley shear point, resulting in minor skin laceration on thumb. Received first aid at local clinic, no hospitalization required.",0,0
201500152,2023-09-13,Industrial Energy Corp #3,213112,Worker bruised foot from dropped hand wrench,"A 12-inch adjustable wrench fell from a 4-foot workbench onto a helper's steel-toed safety boot. Boot cap protected toes, resulting in minor foot contusion.",0,0
201500539,2023-12-08,Industrial Energy Corp #15,237120,Technician eye irritation from washing chemical solvent,Technician was cleaning valve parts with solvent spray when minor droplet splashed around safety glasses into left eye. Eye was flushed at eyewash station for 15 minutes. Returned to full work next morning.,0,0
201500230,2023-03-07,Industrial Energy Corp #6,213112,Worker bruised foot from dropped hand wrench,"A 12-inch adjustable wrench fell from a 4-foot workbench onto a helper's steel-toed safety boot. Boot cap protected toes, resulting in minor foot contusion.",0,0
201500194,2023-03-27,Industrial Energy Corp #15,486110,Truck driver slipped on icy step of crude haulage tanker,"Crude oil transport driver slipped on icy metal footstep while descending from truck cab, spraining right ankle. Treated at outpatient urgent care and released same day.",0,0
201500267,2023-04-16,Industrial Energy Corp #13,237120,Technician eye irritation from washing chemical solvent,Technician was cleaning valve parts with solvent spray when minor droplet splashed around safety glasses into left eye. Eye was flushed at eyewash station for 15 minutes. Returned to full work next morning.,0,0
201500397,2023-02-06,Industrial Energy Corp #8,213111,Mechanic hand abrasion while replacing V-belt,"Mechanic was replacing a fan belt on an auxiliary generator. His glove caught on the motor pulley shear point, resulting in minor skin laceration on thumb. Received first aid at local clinic, no hospitalization required.",0,0
201500115,2023-08-04,Industrial Energy Corp #11,211111,Operator overcome by H2S gas inside separator vessel,Employee entered a sour crude separator vessel without testing atmospheric gas levels or wearing SCBA. High concentration of hydrogen sulfide (H2S) caused instant loss of consciousness. Co-worker pulled operator out.,1,0
201500316,2023-05-09,Industrial Energy Corp #2,486110,Truck driver slipped on icy step of crude haulage tanker,"Crude oil transport driver slipped on icy metal footstep while descending from truck cab, spraining right ankle. Treated at outpatient urgent care and released same day.",0,0
201500404,2023-09-13,Industrial Energy Corp #15,237120,Technician eye irritation from washing chemical solvent,Technician was cleaning valve parts with solvent spray when minor droplet splashed around safety glasses into left eye. Eye was flushed at eyewash station for 15 minutes. Returned to full work next morning.,0,0
201500305,2023-06-26,Industrial Energy Corp #6,237120,Technician eye irritation from washing chemical solvent,Technician was cleaning valve parts with solvent spray when minor droplet splashed around safety glasses into left eye. Eye was flushed at eyewash station for 15 minutes. Returned to full work next morning.,0,0
201500310,2023-11-03,Industrial Energy Corp #11,213111,Mechanic hand abrasion while replacing V-belt,"Mechanic was replacing a fan belt on an auxiliary generator. His glove caught on the motor pulley shear point, resulting in minor skin laceration on thumb. Received first aid at local clinic, no hospitalization required.",0,0
201500213,2023-10-18,Industrial Energy Corp #4,213111,Mechanic hand abrasion while replacing V-belt,"Mechanic was replacing a fan belt on an auxiliary generator. His glove caught on the motor pulley shear point, resulting in minor skin laceration on thumb. Received first aid at local clinic, no hospitalization required.",0,0
201500391,2023-08-28,Industrial Energy Corp #2,486110,Truck driver slipped on icy step of crude haulage tanker,"Crude oil transport driver slipped on icy metal footstep while descending from truck cab, spraining right ankle. Treated at outpatient urgent care and released same day.",0,0
201500570,2023-07-11,Industrial Energy Corp #1,213111,Mechanic hand abrasion while replacing V-belt,"Mechanic was replacing a fan belt on an auxiliary generator. His glove caught on the motor pulley shear point, resulting in minor skin laceration on thumb. Received first aid at local clinic, no hospitalization required.",0,0
201500060,2023-01-05,Industrial Energy Corp #1,213112,Derrickman fell 15 feet from monkey board platform,"Derrickman was guiding drill pipe at the monkey board elevated platform when his safety harness lanyard detached from the inertia reel. Worker fell 15 feet onto the derrick substructure, sustaining spinal fractures.",1,0
201500127,2023-08-16,Industrial Energy Corp #8,211111,Operator overcome by H2S gas inside separator vessel,Employee entered a sour crude separator vessel without testing atmospheric gas levels or wearing SCBA. High concentration of hydrogen sulfide (H2S) caused instant loss of consciousness. Co-worker pulled operator out.,1,0
201500043,2023-08-16,Industrial Energy Corp #14,213112,Derrickman fell 15 feet from monkey board platform,"Derrickman was guiding drill pipe at the monkey board elevated platform when his safety harness lanyard detached from the inertia reel. Worker fell 15 feet onto the derrick substructure, sustaining spinal fractures.",1,0
201500155,2023-12-16,Industrial Energy Corp #6,213111,Mechanic hand abrasion while replacing V-belt,"Mechanic was replacing a fan belt on an auxiliary generator. His glove caught on the motor pulley shear point, resulting in minor skin laceration on thumb. Received first aid at local clinic, no hospitalization required.",0,0
201500288,2023-01-09,Industrial Energy Corp #4,486110,Truck driver slipped on icy step of crude haulage tanker,"Crude oil transport driver slipped on icy metal footstep while descending from truck cab, spraining right ankle. Treated at outpatient urgent care and released same day.",0,0
201500415,2023-08-24,Industrial Energy Corp #11,486110,Truck driver slipped on icy step of crude haulage tanker,"Crude oil transport driver slipped on icy metal footstep while descending from truck cab, spraining right ankle. Treated at outpatient urgent care and released same day.",0,0
201500076,2023-05-21,Industrial Energy Corp #2,213112,Derrickman fell 15 feet from monkey board platform,"Derrickman was guiding drill pipe at the monkey board elevated platform when his safety harness lanyard detached from the inertia reel. Worker fell 15 feet onto the derrick substructure, sustaining spinal fractures.",1,0
201500077,2023-06-22,Industrial Energy Corp #3,237120,Welder exposed to flash fire during pipe welding,"Contract welder was cutting a structural beam near an unpurged hydrocarbon drain valve. Accumulated flammable gas ignited, causing second-degree thermal burns to arms and neck. Required 4-day inpatient hospitalization.",1,0
201500547,2023-08-16,Industrial Energy Corp #8,213111,Mechanic hand abrasion while replacing V-belt,"Mechanic was replacing a fan belt on an auxiliary generator. His glove caught on the motor pulley shear point, resulting in minor skin laceration on thumb. Received first aid at local clinic, no hospitalization required.",0,0
201500351,2023-04-16,Industrial Energy Corp #7,213111,Mechanic hand abrasion while replacing V-belt,"Mechanic was replacing a fan belt on an auxiliary generator. His glove caught on the motor pulley shear point, resulting in minor skin laceration on thumb. Received first aid at local clinic, no hospitalization required.",0,0
201500322,2023-11-15,Industrial Energy Corp #8,213111,Mechanic hand abrasion while replacing V-belt,"Mechanic was replacing a fan belt on an auxiliary generator. His glove caught on the motor pulley shear point, resulting in minor skin laceration on thumb. Received first aid at local clinic, no hospitalization required.",0,0
201500295,2023-08-16,Industrial Energy Corp #11,237120,Technician eye irritation from washing chemical solvent,Technician was cleaning valve parts with solvent spray when minor droplet splashed around safety glasses into left eye. Eye was flushed at eyewash station for 15 minutes. Returned to full work next morning.,0,0
201500037,2023-02-10,Industrial Energy Corp #8,211111,Operator overcome by H2S gas inside separator vessel,Employee entered a sour crude separator vessel without testing atmospheric gas levels or wearing SCBA. High concentration of hydrogen sulfide (H2S) caused instant loss of consciousness. Co-worker pulled operator out.,1,0
201500491,2023-12-16,Industrial Energy Corp #12,213112,Worker bruised foot from dropped hand wrench,"A 12-inch adjustable wrench fell from a 4-foot workbench onto a helper's steel-toed safety boot. Boot cap protected toes, resulting in minor foot contusion.",0,0
201500205,2023-02-10,Industrial Energy Corp #11,213111,Mechanic hand abrasion while replacing V-belt,"Mechanic was replacing a fan belt on an auxiliary generator. His glove caught on the motor pulley shear point, resulting in minor skin laceration on thumb. Received first aid at local clinic, no hospitalization required.",0,0
201500033,2023-10-06,Industrial Energy Corp #4,486110,Pipe Fitter crushed between casing pipe and crane boom,"During offloading of 10-inch casing pipe from a flatbed trailer, the crane load swung unexpectedly. Pipe fitter standing in the line of fire was pinned between swinging load and truck bed, sustaining crushed pelvic injury.",1,0
201500420,2023-01-01,Industrial Energy Corp #1,486110,Truck driver slipped on icy step of crude haulage tanker,"Crude oil transport driver slipped on icy metal footstep while descending from truck cab, spraining right ankle. Treated at outpatient urgent care and released same day.",0,0
201500058,2023-11-03,Industrial Energy Corp #14,213111,Roustabout struck by high-pressure 2800 PSI mud discharge hose,"Roustabout was standing near the mud pump at a rig site when a 2-inch steel discharge line severed under 2800 PSI pressure, striking his shoulder and fracturing his clavicle. Employee was hospitalized.",1,0
201500244,2023-05-21,Industrial Energy Corp #5,213112,Worker bruised foot from dropped hand wrench,"A 12-inch adjustable wrench fell from a 4-foot workbench onto a helper's steel-toed safety boot. Boot cap protected toes, resulting in minor foot contusion.",0,0
201500441,2023-10-22,Industrial Energy Corp #7,237120,Technician eye irritation from washing chemical solvent,Technician was cleaning valve parts with solvent spray when minor droplet splashed around safety glasses into left eye. Eye was flushed at eyewash station for 15 minutes. Returned to full work next morning.,0,0
201500129,2023-10-18,Industrial Energy Corp #10,486110,Pipe Fitter crushed between casing pipe and crane boom,"During offloading of 10-inch casing pipe from a flatbed trailer, the crane load swung unexpectedly. Pipe fitter standing in the line of fire was pinned between swinging load and truck bed, sustaining crushed pelvic injury.",1,0
201500026,2023-03-27,Industrial Energy Corp #12,211111,Operator overcome by H2S gas inside separator vessel,Employee entered a sour crude separator vessel without testing atmospheric gas levels or wearing SCBA. High concentration of hydrogen sulfide (H2S) caused instant loss of consciousness. Co-worker pulled operator out.,1,0
201500094,2023-11-11,Industrial Energy Corp #5,211111,Operator overcome by H2S gas inside separator vessel,Employee entered a sour crude separator vessel without testing atmospheric gas levels or wearing SCBA. High concentration of hydrogen sulfide (H2S) caused instant loss of consciousness. Co-worker pulled operator out.,1,0
201500174,2023-07-07,Industrial Energy Corp #10,237120,Technician eye irritation from washing chemical solvent,Technician was cleaning valve parts with solvent spray when minor droplet splashed around safety glasses into left eye. Eye was flushed at eyewash station for 15 minutes. Returned to full work next morning.,0,0
201500225,2023-10-02,Industrial Energy Corp #1,486110,Truck driver slipped on icy step of crude haulage tanker,"Crude oil transport driver slipped on icy metal footstep while descending from truck cab, spraining right ankle. Treated at outpatient urgent care and released same day.",0,0
201500245,2023-06-22,Industrial Energy Corp #6,486110,Truck driver slipped on icy step of crude haulage tanker,"Crude oil transport driver slipped on icy metal footstep while descending from truck cab, spraining right ankle. Treated at outpatient urgent care and released same day.",0,0
201500240,2023-01-17,Industrial Energy Corp #1,486110,Truck driver slipped on icy step of crude haulage tanker,"Crude oil transport driver slipped on icy metal footstep while descending from truck cab, spraining right ankle. Treated at outpatient urgent care and released same day.",0,0
201500145,2023-02-06,Industrial Energy Corp #11,211111,Operator overcome by H2S gas inside separator vessel,Employee entered a sour crude separator vessel without testing atmospheric gas levels or wearing SCBA. High concentration of hydrogen sulfide (H2S) caused instant loss of consciousness. Co-worker pulled operator out.,1,0
201500293,2023-06-14,Industrial Energy Corp #9,213111,Mechanic hand abrasion while replacing V-belt,"Mechanic was replacing a fan belt on an auxiliary generator. His glove caught on the motor pulley shear point, resulting in minor skin laceration on thumb. Received first aid at local clinic, no hospitalization required.",0,0
201500006,2023-07-07,Industrial Energy Corp #7,211111,Floorhand fingers pinched in rotary table tongs,"On a drilling rig floor, an employee was operating breakout tongs during tripping out of hole. His left hand slipped into the pinch point between the tong jaw and drill collar, resulting in partial index finger amputation.",1,1
201500575,2023-12-16,Industrial Energy Corp #6,213111,Mechanic hand abrasion while replacing V-belt,"Mechanic was replacing a fan belt on an auxiliary generator. His glove caught on the motor pulley shear point, resulting in minor skin laceration on thumb. Received first aid at local clinic, no hospitalization required.",0,0
201500052,2023-05-25,Industrial Energy Corp #8,213111,Roustabout struck by high-pressure 2800 PSI mud discharge hose,"Roustabout was standing near the mud pump at a rig site when a 2-inch steel discharge line severed under 2800 PSI pressure, striking his shoulder and fracturing his clavicle. Employee was hospitalized.",1,0
201500572,2023-09-13,Industrial Energy Corp #3,213111,Mechanic hand abrasion while replacing V-belt,"Mechanic was replacing a fan belt on an auxiliary generator. His glove caught on the motor pulley shear point, resulting in minor skin laceration on thumb. Received first aid at local clinic, no hospitalization required.",0,0
201500385,2023-02-22,Industrial Energy Corp #11,486110,Truck driver slipped on icy step of crude haulage tanker,"Crude oil transport driver slipped on icy metal footstep while descending from truck cab, spraining right ankle. Treated at outpatient urgent care and released same day.",0,0
201500444,2023-01-25,Industrial Energy Corp #10,213112,Worker bruised foot from dropped hand wrench,"A 12-inch adjustable wrench fell from a 4-foot workbench onto a helper's steel-toed safety boot. Boot cap protected toes, resulting in minor foot contusion.",0,0
201500326,2023-03-19,Industrial Energy Corp #12,237120,Technician eye irritation from washing chemical solvent,Technician was cleaning valve parts with solvent spray when minor droplet splashed around safety glasses into left eye. Eye was flushed at eyewash station for 15 minutes. Returned to full work next morning.,0,0
201500504,2023-01-01,Industrial Energy Corp #10,237120,Technician eye irritation from washing chemical solvent,Technician was cleaning valve parts with solvent spray when minor droplet splashed around safety glasses into left eye. Eye was flushed at eyewash station for 15 minutes. Returned to full work next morning.,0,0
201500483,2023-04-08,Industrial Energy Corp #4,213112,Worker bruised foot from dropped hand wrench,"A 12-inch adjustable wrench fell from a 4-foot workbench onto a helper's steel-toed safety boot. Boot cap protected toes, resulting in minor foot contusion.",0,0
201500357,2023-10-22,Industrial Energy Corp #13,213112,Worker bruised foot from dropped hand wrench,"A 12-inch adjustable wrench fell from a 4-foot workbench onto a helper's steel-toed safety boot. Boot cap protected toes, resulting in minor foot contusion.",0,0
201500149,2023-06-10,Industrial Energy Corp #15,486110,Pipe Fitter crushed between casing pipe and crane boom,"During offloading of 10-inch casing pipe from a flatbed trailer, the crane load swung unexpectedly. Pipe fitter standing in the line of fire was pinned between swinging load and truck bed, sustaining crushed pelvic injury.",1,0
201500516,2023-01-13,Industrial Energy Corp #7,237120,Technician eye irritation from washing chemical solvent,Technician was cleaning valve parts with solvent spray when minor droplet splashed around safety glasses into left eye. Eye was flushed at eyewash station for 15 minutes. Returned to full work next morning.,0,0
201500027,2023-04-28,Industrial Energy Corp #13,211111,Operator overcome by H2S gas inside separator vessel,Employee entered a sour crude separator vessel without testing atmospheric gas levels or wearing SCBA. High concentration of hydrogen sulfide (H2S) caused instant loss of consciousness. Co-worker pulled operator out.,1,0
201500498,2023-07-23,Industrial Energy Corp #4,237120,Technician eye irritation from washing chemical solvent,Technician was cleaning valve parts with solvent spray when minor droplet splashed around safety glasses into left eye. Eye was flushed at eyewash station for 15 minutes. Returned to full work next morning.,0,0
201500023,2023-12-24,Industrial Energy Corp #9,213111,Roustabout struck by high-pressure 2800 PSI mud discharge hose,"Roustabout was standing near the mud pump at a rig site when a 2-inch steel discharge line severed under 2800 PSI pressure, striking his shoulder and fracturing his clavicle. Employee was hospitalized.",1,0
201500140,2023-09-01,Industrial Energy Corp #6,237120,Welder exposed to flash fire during pipe welding,"Contract welder was cutting a structural beam near an unpurged hydrocarbon drain valve. Accumulated flammable gas ignited, causing second-degree thermal burns to arms and neck. Required 4-day inpatient hospitalization.",1,0
201500064,2023-05-09,Industrial Energy Corp #5,486110,Pipe Fitter crushed between casing pipe and crane boom,"During offloading of 10-inch casing pipe from a flatbed trailer, the crane load swung unexpectedly. Pipe fitter standing in the line of fire was pinned between swinging load and truck bed, sustaining crushed pelvic injury.",1,0
201500273,2023-10-22,Industrial Energy Corp #4,486110,Truck driver slipped on icy step of crude haulage tanker,"Crude oil transport driver slipped on icy metal footstep while descending from truck cab, spraining right ankle. Treated at outpatient urgent care and released same day.",0,0
201500362,2023-03-27,Industrial Energy Corp #3,213111,Mechanic hand abrasion while replacing V-belt,"Mechanic was replacing a fan belt on an auxiliary generator. His glove caught on the motor pulley shear point, resulting in minor skin laceration on thumb. Received first aid at local clinic, no hospitalization required.",0,0
201500007,2023-08-08,Industrial Energy Corp #8,211111,Floorhand fingers pinched in rotary table tongs,"On a drilling rig floor, an employee was operating breakout tongs during tripping out of hole. His left hand slipped into the pinch point between the tong jaw and drill collar, resulting in partial index finger amputation.",1,1
201500154,2023-11-15,Industrial Energy Corp #5,237120,Technician eye irritation from washing chemical solvent,Technician was cleaning valve parts with solvent spray when minor droplet splashed around safety glasses into left eye. Eye was flushed at eyewash station for 15 minutes. Returned to full work next morning.,0,0
201500091,2023-08-08,Industrial Energy Corp #2,211111,Operator overcome by H2S gas inside separator vessel,Employee entered a sour crude separator vessel without testing atmospheric gas levels or wearing SCBA. High concentration of hydrogen sulfide (H2S) caused instant loss of consciousness. Co-worker pulled operator out.,1,0
201500184,2023-05-17,Industrial Energy Corp #5,213111,Mechanic hand abrasion while replacing V-belt,"Mechanic was replacing a fan belt on an auxiliary generator. His glove caught on the motor pulley shear point, resulting in minor skin laceration on thumb. Received first aid at local clinic, no hospitalization required.",0,0
201500232,2023-05-09,Industrial Energy Corp #8,213112,Worker bruised foot from dropped hand wrench,"A 12-inch adjustable wrench fell from a 4-foot workbench onto a helper's steel-toed safety boot. Boot cap protected toes, resulting in minor foot contusion.",0,0
201500303,2023-04-24,Industrial Energy Corp #4,237120,Technician eye irritation from washing chemical solvent,Technician was cleaning valve parts with solvent spray when minor droplet splashed around safety glasses into left eye. Eye was flushed at eyewash station for 15 minutes. Returned to full work next morning.,0,0
201500198,2023-07-03,Industrial Energy Corp #4,213112,Worker bruised foot from dropped hand wrench,"A 12-inch adjustable wrench fell from a 4-foot workbench onto a helper's steel-toed safety boot. Boot cap protected toes, resulting in minor foot contusion.",0,0
201500102,2023-07-19,Industrial Energy Corp #13,486110,Pipe Fitter crushed between casing pipe and crane boom,"During offloading of 10-inch casing pipe from a flatbed trailer, the crane load swung unexpectedly. Pipe fitter standing in the line of fire was pinned between swinging load and truck bed, sustaining crushed pelvic injury.",1,0
201500289,2023-02-10,Industrial Energy Corp #5,213112,Worker bruised foot from dropped hand wrench,"A 12-inch adjustable wrench fell from a 4-foot workbench onto a helper's steel-toed safety boot. Boot cap protected toes, resulting in minor foot contusion.",0,0
201500283,2023-08-04,Industrial Energy Corp #14,213111,Mechanic hand abrasion while replacing V-belt,"Mechanic was replacing a fan belt on an auxiliary generator. His glove caught on the motor pulley shear point, resulting in minor skin laceration on thumb. Received first aid at local clinic, no hospitalization required.",0,0
201500577,2023-02-18,Industrial Energy Corp #8,486110,Truck driver slipped on icy step of crude haulage tanker,"Crude oil transport driver slipped on icy metal footstep while descending from truck cab, spraining right ankle. Treated at outpatient urgent care and released same day.",0,0
201500221,2023-06-26,Industrial Energy Corp #12,213112,Worker bruised foot from dropped hand wrench,"A 12-inch adjustable wrench fell from a 4-foot workbench onto a helper's steel-toed safety boot. Boot cap protected toes, resulting in minor foot contusion.",0,0
201500196,2023-05-01,Industrial Energy Corp #2,213112,Worker bruised foot from dropped hand wrench,"A 12-inch adjustable wrench fell from a 4-foot workbench onto a helper's steel-toed safety boot. Boot cap protected toes, resulting in minor foot contusion.",0,0
201500189,2023-10-22,Industrial Energy Corp #10,213112,Worker bruised foot from dropped hand wrench,"A 12-inch adjustable wrench fell from a 4-foot workbench onto a helper's steel-toed safety boot. Boot cap protected toes, resulting in minor foot contusion.",0,0
201500122,2023-03-11,Industrial Energy Corp #3,237120,Welder exposed to flash fire during pipe welding,"Contract welder was cutting a structural beam near an unpurged hydrocarbon drain valve. Accumulated flammable gas ignited, causing second-degree thermal burns to arms and neck. Required 4-day inpatient hospitalization.",1,0
201500323,2023-12-16,Industrial Energy Corp #9,237120,Technician eye irritation from washing chemical solvent,Technician was cleaning valve parts with solvent spray when minor droplet splashed around safety glasses into left eye. Eye was flushed at eyewash station for 15 minutes. Returned to full work next morning.,0,0
201500197,2023-06-02,Industrial Energy Corp #3,237120,Technician eye irritation from washing chemical solvent,Technician was cleaning valve parts with solvent spray when minor droplet splashed around safety glasses into left eye. Eye was flushed at eyewash station for 15 minutes. Returned to full work next morning.,0,0
201500123,2023-04-12,Industrial Energy Corp #4,211111,Floorhand fingers pinched in rotary table tongs,"On a drilling rig floor, an employee was operating breakout tongs during tripping out of hole. His left hand slipped into the pinch point between the tong jaw and drill collar, resulting in partial index finger amputation.",1,1
201500236,2023-09-13,Industrial Energy Corp #12,213112,Worker bruised foot from dropped hand wrench,"A 12-inch adjustable wrench fell from a 4-foot workbench onto a helper's steel-toed safety boot. Boot cap protected toes, resulting in minor foot contusion.",0,0
201500257,2023-06-06,Industrial Energy Corp #3,213112,Worker bruised foot from dropped hand wrench,"A 12-inch adjustable wrench fell from a 4-foot workbench onto a helper's steel-toed safety boot. Boot cap protected toes, resulting in minor foot contusion.",0,0
201500536,2023-09-05,Industrial Energy Corp #12,213112,Worker bruised foot from dropped hand wrench,"A 12-inch adjustable wrench fell from a 4-foot workbench onto a helper's steel-toed safety boot. Boot cap protected toes, resulting in minor foot contusion.",0,0
201500277,2023-02-26,Industrial Energy Corp #8,213111,Mechanic hand abrasion while replacing V-belt,"Mechanic was replacing a fan belt on an auxiliary generator. His glove caught on the motor pulley shear point, resulting in minor skin laceration on thumb. Received first aid at local clinic, no hospitalization required.",0,0
201500464,2023-09-17,Industrial Energy Corp #15,213112,Worker bruised foot from dropped hand wrench,"A 12-inch adjustable wrench fell from a 4-foot workbench onto a helper's steel-toed safety boot. Boot cap protected toes, resulting in minor foot contusion.",0,0
201500360,2023-01-25,Industrial Energy Corp #1,237120,Technician eye irritation from washing chemical solvent,Technician was cleaning valve parts with solvent spray when minor droplet splashed around safety glasses into left eye. Eye was flushed at eyewash station for 15 minutes. Returned to full work next morning.,0,0
201500338,2023-03-03,Industrial Energy Corp #9,213111,Mechanic hand abrasion while replacing V-belt,"Mechanic was replacing a fan belt on an auxiliary generator. His glove caught on the motor pulley shear point, resulting in minor skin laceration on thumb. Received first aid at local clinic, no hospitalization required.",0,0
201500435,2023-04-16,Industrial Energy Corp #1,213112,Worker bruised foot from dropped hand wrench,"A 12-inch adjustable wrench fell from a 4-foot workbench onto a helper's steel-toed safety boot. Boot cap protected toes, resulting in minor foot contusion.",0,0
201500352,2023-05-17,Industrial Energy Corp #8,213111,Mechanic hand abrasion while replacing V-belt,"Mechanic was replacing a fan belt on an auxiliary generator. His glove caught on the motor pulley shear point, resulting in minor skin laceration on thumb. Received first aid at local clinic, no hospitalization required.",0,0
201500484,2023-05-09,Industrial Energy Corp #5,486110,Truck driver slipped on icy step of crude haulage tanker,"Crude oil transport driver slipped on icy metal footstep while descending from truck cab, spraining right ankle. Treated at outpatient urgent care and released same day.",0,0
201500377,2023-06-14,Industrial Energy Corp #3,213112,Worker bruised foot from dropped hand wrench,"A 12-inch adjustable wrench fell from a 4-foot workbench onto a helper's steel-toed safety boot. Boot cap protected toes, resulting in minor foot contusion.",0,0
201500313,2023-02-06,Industrial Energy Corp #14,486110,Truck driver slipped on icy step of crude haulage tanker,"Crude oil transport driver slipped on icy metal footstep while descending from truck cab, spraining right ankle. Treated at outpatient urgent care and released same day.",0,0
201500568,2023-05-09,Industrial Energy Corp #14,237120,Technician eye irritation from washing chemical solvent,Technician was cleaning valve parts with solvent spray when minor droplet splashed around safety glasses into left eye. Eye was flushed at eyewash station for 15 minutes. Returned to full work next morning.,0,0
201500414,2023-07-23,Industrial Energy Corp #10,213112,Worker bruised foot from dropped hand wrench,"A 12-inch adjustable wrench fell from a 4-foot workbench onto a helper's steel-toed safety boot. Boot cap protected toes, resulting in minor foot contusion.",0,0
201500226,2023-11-03,Industrial Energy Corp #2,213111,Mechanic hand abrasion while replacing V-belt,"Mechanic was replacing a fan belt on an auxiliary generator. His glove caught on the motor pulley shear point, resulting in minor skin laceration on thumb. Received first aid at local clinic, no hospitalization required.",0,0
201500301,2023-02-22,Industrial Energy Corp #2,213112,Worker bruised foot from dropped hand wrench,"A 12-inch adjustable wrench fell from a 4-foot workbench onto a helper's steel-toed safety boot. Boot cap protected toes, resulting in minor foot contusion.",0,0
201500095,2023-12-12,Industrial Energy Corp #6,211111,Floorhand fingers pinched in rotary table tongs,"On a drilling rig floor, an employee was operating breakout tongs during tripping out of hole. His left hand slipped into the pinch point between the tong jaw and drill collar, resulting in partial index finger amputation.",1,1
201500017,2023-06-18,Industrial Energy Corp #3,213111,Roustabout struck by high-pressure 2800 PSI mud discharge hose,"Roustabout was standing near the mud pump at a rig site when a 2-inch steel discharge line severed under 2800 PSI pressure, striking his shoulder and fracturing his clavicle. Employee was hospitalized.",1,0
201500458,2023-03-11,Industrial Energy Corp #9,486110,Truck driver slipped on icy step of crude haulage tanker,"Crude oil transport driver slipped on icy metal footstep while descending from truck cab, spraining right ankle. Treated at outpatient urgent care and released same day.",0,0
201500502,2023-11-27,Industrial Energy Corp #8,486110,Truck driver slipped on icy step of crude haulage tanker,"Crude oil transport driver slipped on icy metal footstep while descending from truck cab, spraining right ankle. Treated at outpatient urgent care and released same day.",0,0
201500487,2023-08-12,Industrial Energy Corp #8,213112,Worker bruised foot from dropped hand wrench,"A 12-inch adjustable wrench fell from a 4-foot workbench onto a helper's steel-toed safety boot. Boot cap protected toes, resulting in minor foot contusion.",0,0
201500246,2023-07-23,Industrial Energy Corp #7,237120,Technician eye irritation from washing chemical solvent,Technician was cleaning valve parts with solvent spray when minor droplet splashed around safety glasses into left eye. Eye was flushed at eyewash station for 15 minutes. Returned to full work next morning.,0,0
201500500,2023-09-25,Industrial Energy Corp #6,213111,Mechanic hand abrasion while replacing V-belt,"Mechanic was replacing a fan belt on an auxiliary generator. His glove caught on the motor pulley shear point, resulting in minor skin laceration on thumb. Received first aid at local clinic, no hospitalization required.",0,0
201500416,2023-09-25,Industrial Energy Corp #12,237120,Technician eye irritation from washing chemical solvent,Technician was cleaning valve parts with solvent spray when minor droplet splashed around safety glasses into left eye. Eye was flushed at eyewash station for 15 minutes. Returned to full work next morning.,0,0
201500247,2023-08-24,Industrial Energy Corp #8,213112,Worker bruised foot from dropped hand wrench,"A 12-inch adjustable wrench fell from a 4-foot workbench onto a helper's steel-toed safety boot. Boot cap protected toes, resulting in minor foot contusion.",0,0
201500087,2023-04-04,Industrial Energy Corp #13,211111,Operator overcome by H2S gas inside separator vessel,Employee entered a sour crude separator vessel without testing atmospheric gas levels or wearing SCBA. High concentration of hydrogen sulfide (H2S) caused instant loss of consciousness. Co-worker pulled operator out.,1,0
201500195,2023-04-28,Industrial Energy Corp #1,237120,Technician eye irritation from washing chemical solvent,Technician was cleaning valve parts with solvent spray when minor droplet splashed around safety glasses into left eye. Eye was flushed at eyewash station for 15 minutes. Returned to full work next morning.,0,0
201500529,2023-02-26,Industrial Energy Corp #5,213112,Worker bruised foot from dropped hand wrench,"A 12-inch adjustable wrench fell from a 4-foot workbench onto a helper's steel-toed safety boot. Boot cap protected toes, resulting in minor foot contusion.",0,0
201500010,2023-11-11,Industrial Energy Corp #11,211111,Operator overcome by H2S gas inside separator vessel,Employee entered a sour crude separator vessel without testing atmospheric gas levels or wearing SCBA. High concentration of hydrogen sulfide (H2S) caused instant loss of consciousness. Co-worker pulled operator out.,1,0
201500282,2023-07-03,Industrial Energy Corp #13,486110,Truck driver slipped on icy step of crude haulage tanker,"Crude oil transport driver slipped on icy metal footstep while descending from truck cab, spraining right ankle. Treated at outpatient urgent care and released same day.",0,0
201500286,2023-11-07,Industrial Energy Corp #2,213111,Mechanic hand abrasion while replacing V-belt,"Mechanic was replacing a fan belt on an auxiliary generator. His glove caught on the motor pulley shear point, resulting in minor skin laceration on thumb. Received first aid at local clinic, no hospitalization required.",0,0
201500348,2023-01-13,Industrial Energy Corp #4,213112,Worker bruised foot from dropped hand wrench,"A 12-inch adjustable wrench fell from a 4-foot workbench onto a helper's steel-toed safety boot. Boot cap protected toes, resulting in minor foot contusion.",0,0
201500264,2023-01-13,Industrial Energy Corp #10,213112,Worker bruised foot from dropped hand wrench,"A 12-inch adjustable wrench fell from a 4-foot workbench onto a helper's steel-toed safety boot. Boot cap protected toes, resulting in minor foot contusion.",0,0
201500363,2023-04-28,Industrial Energy Corp #4,237120,Technician eye irritation from washing chemical solvent,Technician was cleaning valve parts with solvent spray when minor droplet splashed around safety glasses into left eye. Eye was flushed at eyewash station for 15 minutes. Returned to full work next morning.,0,0
201500217,2023-02-22,Industrial Energy Corp #8,237120,Technician eye irritation from washing chemical solvent,Technician was cleaning valve parts with solvent spray when minor droplet splashed around safety glasses into left eye. Eye was flushed at eyewash station for 15 minutes. Returned to full work next morning.,0,0
201500499,2023-08-24,Industrial Energy Corp #5,213112,Worker bruised foot from dropped hand wrench,"A 12-inch adjustable wrench fell from a 4-foot workbench onto a helper's steel-toed safety boot. Boot cap protected toes, resulting in minor foot contusion.",0,0
201500186,2023-07-19,Industrial Energy Corp #7,213111,Mechanic hand abrasion while replacing V-belt,"Mechanic was replacing a fan belt on an auxiliary generator. His glove caught on the motor pulley shear point, resulting in minor skin laceration on thumb. Received first aid at local clinic, no hospitalization required.",0,0
201500332,2023-09-25,Industrial Energy Corp #3,486110,Truck driver slipped on icy step of crude haulage tanker,"Crude oil transport driver slipped on icy metal footstep while descending from truck cab, spraining right ankle. Treated at outpatient urgent care and released same day.",0,0
201500506,2023-03-03,Industrial Energy Corp #12,213111,Mechanic hand abrasion while replacing V-belt,"Mechanic was replacing a fan belt on an auxiliary generator. His glove caught on the motor pulley shear point, resulting in minor skin laceration on thumb. Received first aid at local clinic, no hospitalization required.",0,0
201500029,2023-06-02,Industrial Energy Corp #15,486110,Pipe Fitter crushed between casing pipe and crane boom,"During offloading of 10-inch casing pipe from a flatbed trailer, the crane load swung unexpectedly. Pipe fitter standing in the line of fire was pinned between swinging load and truck bed, sustaining crushed pelvic injury.",1,0
201500344,2023-09-09,Industrial Energy Corp #15,237120,Technician eye irritation from washing chemical solvent,Technician was cleaning valve parts with solvent spray when minor droplet splashed around safety glasses into left eye. Eye was flushed at eyewash station for 15 minutes. Returned to full work next morning.,0,0
201500388,2023-05-25,Industrial Energy Corp #14,237120,Technician eye irritation from washing chemical solvent,Technician was cleaning valve parts with solvent spray when minor droplet splashed around safety glasses into left eye. Eye was flushed at eyewash station for 15 minutes. Returned to full work next morning.,0,0
201500475,2023-08-28,Industrial Energy Corp #11,213111,Mechanic hand abrasion while replacing V-belt,"Mechanic was replacing a fan belt on an auxiliary generator. His glove caught on the motor pulley shear point, resulting in minor skin laceration on thumb. Received first aid at local clinic, no hospitalization required.",0,0
201500249,2023-10-26,Industrial Energy Corp #10,213111,Mechanic hand abrasion while replacing V-belt,"Mechanic was replacing a fan belt on an auxiliary generator. His glove caught on the motor pulley shear point, resulting in minor skin laceration on thumb. Received first aid at local clinic, no hospitalization required.",0,0
201500461,2023-06-14,Industrial Energy Corp #12,213111,Mechanic hand abrasion while replacing V-belt,"Mechanic was replacing a fan belt on an auxiliary generator. His glove caught on the motor pulley shear point, resulting in minor skin laceration on thumb. Received first aid at local clinic, no hospitalization required.",0,0
201500285,2023-10-06,Industrial Energy Corp #1,486110,Truck driver slipped on icy step of crude haulage tanker,"Crude oil transport driver slipped on icy metal footstep while descending from truck cab, spraining right ankle. Treated at outpatient urgent care and released same day.",0,0
201500088,2023-05-05,Industrial Energy Corp #14,211111,Operator overcome by H2S gas inside separator vessel,Employee entered a sour crude separator vessel without testing atmospheric gas levels or wearing SCBA. High concentration of hydrogen sulfide (H2S) caused instant loss of consciousness. Co-worker pulled operator out.,1,0
201500251,2023-12-28,Industrial Energy Corp #12,213111,Mechanic hand abrasion while replacing V-belt,"Mechanic was replacing a fan belt on an auxiliary generator. His glove caught on the motor pulley shear point, resulting in minor skin laceration on thumb. Received first aid at local clinic, no hospitalization required.",0,0
201500330,2023-07-23,Industrial Energy Corp #1,237120,Technician eye irritation from washing chemical solvent,Technician was cleaning valve parts with solvent spray when minor droplet splashed around safety glasses into left eye. Eye was flushed at eyewash station for 15 minutes. Returned to full work next morning.,0,0
201500274,2023-11-23,Industrial Energy Corp #5,237120,Technician eye irritation from washing chemical solvent,Technician was cleaning valve parts with solvent spray when minor droplet splashed around safety glasses into left eye. Eye was flushed at eyewash station for 15 minutes. Returned to full work next morning.,0,0
201500446,2023-03-27,Industrial Energy Corp #12,213112,Worker bruised foot from dropped hand wrench,"A 12-inch adjustable wrench fell from a 4-foot workbench onto a helper's steel-toed safety boot. Boot cap protected toes, resulting in minor foot contusion.",0,0
201500476,2023-09-01,Industrial Energy Corp #12,213112,Worker bruised foot from dropped hand wrench,"A 12-inch adjustable wrench fell from a 4-foot workbench onto a helper's steel-toed safety boot. Boot cap protected toes, resulting in minor foot contusion.",0,0
201500495,2023-04-20,Industrial Energy Corp #1,237120,Technician eye irritation from washing chemical solvent,Technician was cleaning valve parts with solvent spray when minor droplet splashed around safety glasses into left eye. Eye was flushed at eyewash station for 15 minutes. Returned to full work next morning.,0,0
201500551,2023-12-20,Industrial Energy Corp #12,486110,Truck driver slipped on icy step of crude haulage tanker,"Crude oil transport driver slipped on icy metal footstep while descending from truck cab, spraining right ankle. Treated at outpatient urgent care and released same day.",0,0
201500276,2023-01-25,Industrial Energy Corp #7,213111,Mechanic hand abrasion while replacing V-belt,"Mechanic was replacing a fan belt on an auxiliary generator. His glove caught on the motor pulley shear point, resulting in minor skin laceration on thumb. Received first aid at local clinic, no hospitalization required.",0,0
201500534,2023-07-03,Industrial Energy Corp #10,237120,Technician eye irritation from washing chemical solvent,Technician was cleaning valve parts with solvent spray when minor droplet splashed around safety glasses into left eye. Eye was flushed at eyewash station for 15 minutes. Returned to full work next morning.,0,0
201500180,2023-01-13,Industrial Energy Corp #1,486110,Truck driver slipped on icy step of crude haulage tanker,"Crude oil transport driver slipped on icy metal footstep while descending from truck cab, spraining right ankle. Treated at outpatient urgent care and released same day.",0,0
201500445,2023-02-26,Industrial Energy Corp #11,237120,Technician eye irritation from washing chemical solvent,Technician was cleaning valve parts with solvent spray when minor droplet splashed around safety glasses into left eye. Eye was flushed at eyewash station for 15 minutes. Returned to full work next morning.,0,0
201500156,2023-01-17,Industrial Energy Corp #7,213111,Mechanic hand abrasion while replacing V-belt,"Mechanic was replacing a fan belt on an auxiliary generator. His glove caught on the motor pulley shear point, resulting in minor skin laceration on thumb. Received first aid at local clinic, no hospitalization required.",0,0
201500470,2023-03-23,Industrial Energy Corp #6,213112,Worker bruised foot from dropped hand wrench,"A 12-inch adjustable wrench fell from a 4-foot workbench onto a helper's steel-toed safety boot. Boot cap protected toes, resulting in minor foot contusion.",0,0
201500370,2023-11-07,Industrial Energy Corp #11,486110,Truck driver slipped on icy step of crude haulage tanker,"Crude oil transport driver slipped on icy metal footstep while descending from truck cab, spraining right ankle. Treated at outpatient urgent care and released same day.",0,0
201500443,2023-12-24,Industrial Energy Corp #9,486110,Truck driver slipped on icy step of crude haulage tanker,"Crude oil transport driver slipped on icy metal footstep while descending from truck cab, spraining right ankle. Treated at outpatient urgent care and released same day.",0,0
201500108,2023-01-25,Industrial Energy Corp #4,213111,Roustabout struck by high-pressure 2800 PSI mud discharge hose,"Roustabout was standing near the mud pump at a rig site when a 2-inch steel discharge line severed under 2800 PSI pressure, striking his shoulder and fracturing his clavicle. Employee was hospitalized.",1,0
201500501,2023-10-26,Industrial Energy Corp #7,237120,Technician eye irritation from washing chemical solvent,Technician was cleaning valve parts with solvent spray when minor droplet splashed around safety glasses into left eye. Eye was flushed at eyewash station for 15 minutes. Returned to full work next morning.,0,0
201500430,2023-11-11,Industrial Energy Corp #11,237120,Technician eye irritation from washing chemical solvent,Technician was cleaning valve parts with solvent spray when minor droplet splashed around safety glasses into left eye. Eye was flushed at eyewash station for 15 minutes. Returned to full work next morning.,0,0
201500012,2023-01-13,Industrial Energy Corp #13,486110,Pipe Fitter crushed between casing pipe and crane boom,"During offloading of 10-inch casing pipe from a flatbed trailer, the crane load swung unexpectedly. Pipe fitter standing in the line of fire was pinned between swinging load and truck bed, sustaining crushed pelvic injury.",1,0
201500349,2023-02-14,Industrial Energy Corp #5,213112,Worker bruised foot from dropped hand wrench,"A 12-inch adjustable wrench fell from a 4-foot workbench onto a helper's steel-toed safety boot. Boot cap protected toes, resulting in minor foot contusion.",0,0
201500518,2023-03-15,Industrial Energy Corp #9,213112,Worker bruised foot from dropped hand wrench,"A 12-inch adjustable wrench fell from a 4-foot workbench onto a helper's steel-toed safety boot. Boot cap protected toes, resulting in minor foot contusion.",0,0
201500070,2023-11-15,Industrial Energy Corp #11,211111,Floorhand fingers pinched in rotary table tongs,"On a drilling rig floor, an employee was operating breakout tongs during tripping out of hole. His left hand slipped into the pinch point between the tong jaw and drill collar, resulting in partial index finger amputation.",1,1
201500379,2023-08-16,Industrial Energy Corp #5,237120,Technician eye irritation from washing chemical solvent,Technician was cleaning valve parts with solvent spray when minor droplet splashed around safety glasses into left eye. Eye was flushed at eyewash station for 15 minutes. Returned to full work next morning.,0,0
201500438,2023-07-19,Industrial Energy Corp #4,237120,Technician eye irritation from washing chemical solvent,Technician was cleaning valve parts with solvent spray when minor droplet splashed around safety glasses into left eye. Eye was flushed at eyewash station for 15 minutes. Returned to full work next morning.,0,0
201500545,2023-06-14,Industrial Energy Corp #6,213112,Worker bruised foot from dropped hand wrench,"A 12-inch adjustable wrench fell from a 4-foot workbench onto a helper's steel-toed safety boot. Boot cap protected toes, resulting in minor foot contusion.",0,0
201500355,2023-08-20,Industrial Energy Corp #11,237120,Technician eye irritation from washing chemical solvent,Technician was cleaning valve parts with solvent spray when minor droplet splashed around safety glasses into left eye. Eye was flushed at eyewash station for 15 minutes. Returned to full work next morning.,0,0
201500042,2023-07-15,Industrial Energy Corp #13,211111,Floorhand fingers pinched in rotary table tongs,"On a drilling rig floor, an employee was operating breakout tongs during tripping out of hole. His left hand slipped into the pinch point between the tong jaw and drill collar, resulting in partial index finger amputation.",1,1
201500579,2023-04-20,Industrial Energy Corp #10,213112,Worker bruised foot from dropped hand wrench,"A 12-inch adjustable wrench fell from a 4-foot workbench onto a helper's steel-toed safety boot. Boot cap protected toes, resulting in minor foot contusion.",0,0
